[2026-04-29 22:36:38 UTC] === Mean-Reversion scan cycle start ===
[2026-04-29 22:36:40 UTC] Equity: $100,003.80  |  Buying power: $198,599.57
[2026-04-29 22:37:00 UTC] === Mean-Reversion scan cycle start ===
[2026-04-29 22:37:02 UTC] Equity: $100,004.43  |  Buying power: $198,600.20
[2026-04-29 22:37:05 UTC] Watchlist: ['AAPL', 'MSFT', 'NVDA', 'AMD', 'TSLA', 'META', 'GOOGL', 'AMZN', 'SPY', 'QQQ']
[2026-04-29 22:37:05 UTC] -- AAPL
[2026-04-29 22:37:07 UTC]   CLI error (bars AAPL --timeframe): Traceback (most recent call last):
  File "/usr/local/lib/python3.11/dist-packages/alpaca/common/rest.py", line 198, in _one_request
    response.raise_for_status()
  File "/usr/local/lib/python3.11/d
[2026-04-29 22:37:07 UTC]   SKIP: no bar data.
[2026-04-29 22:37:07 UTC] -- MSFT
[2026-04-29 22:37:09 UTC]   CLI error (bars MSFT --timeframe): Traceback (most recent call last):
  File "/usr/local/lib/python3.11/dist-packages/alpaca/common/rest.py", line 198, in _one_request
    response.raise_for_status()
  File "/usr/local/lib/python3.11/d
[2026-04-29 22:37:09 UTC]   SKIP: no bar data.
[2026-04-29 22:37:09 UTC] -- NVDA
[2026-04-29 22:37:11 UTC]   CLI error (bars NVDA --timeframe): Traceback (most recent call last):
  File "/usr/local/lib/python3.11/dist-packages/alpaca/common/rest.py", line 198, in _one_request
    response.raise_for_status()
  File "/usr/local/lib/python3.11/d
[2026-04-29 22:37:11 UTC]   SKIP: no bar data.
[2026-04-29 22:37:11 UTC] -- AMD
[2026-04-29 22:37:13 UTC]   CLI error (bars AMD --timeframe): Traceback (most recent call last):
  File "/usr/local/lib/python3.11/dist-packages/alpaca/common/rest.py", line 198, in _one_request
    response.raise_for_status()
  File "/usr/local/lib/python3.11/d
[2026-04-29 22:37:13 UTC]   SKIP: no bar data.
[2026-04-29 22:37:13 UTC] -- TSLA
[2026-04-29 22:37:16 UTC]   CLI error (bars TSLA --timeframe): Traceback (most recent call last):
  File "/usr/local/lib/python3.11/dist-packages/alpaca/common/rest.py", line 198, in _one_request
    response.raise_for_status()
  File "/usr/local/lib/python3.11/d
[2026-04-29 22:37:16 UTC]   SKIP: no bar data.
[2026-04-29 22:37:16 UTC] -- META
[2026-04-29 22:37:18 UTC]   CLI error (bars META --timeframe): Traceback (most recent call last):
  File "/usr/local/lib/python3.11/dist-packages/alpaca/common/rest.py", line 198, in _one_request
    response.raise_for_status()
  File "/usr/local/lib/python3.11/d
[2026-04-29 22:37:18 UTC]   SKIP: no bar data.
[2026-04-29 22:37:18 UTC] -- GOOGL
[2026-04-29 22:37:20 UTC]   CLI error (bars GOOGL --timeframe): Traceback (most recent call last):
  File "/usr/local/lib/python3.11/dist-packages/alpaca/common/rest.py", line 198, in _one_request
    response.raise_for_status()
  File "/usr/local/lib/python3.11/d
[2026-04-29 22:37:20 UTC]   SKIP: no bar data.
[2026-04-29 22:37:20 UTC] -- AMZN
[2026-04-29 22:37:22 UTC]   CLI error (bars AMZN --timeframe): Traceback (most recent call last):
  File "/usr/local/lib/python3.11/dist-packages/alpaca/common/rest.py", line 198, in _one_request
    response.raise_for_status()
  File "/usr/local/lib/python3.11/d
[2026-04-29 22:37:22 UTC]   SKIP: no bar data.
[2026-04-29 22:37:22 UTC] -- SPY
[2026-04-29 22:37:25 UTC]   CLI error (bars SPY --timeframe): Traceback (most recent call last):
  File "/usr/local/lib/python3.11/dist-packages/alpaca/common/rest.py", line 198, in _one_request
    response.raise_for_status()
  File "/usr/local/lib/python3.11/d
[2026-04-29 22:37:25 UTC]   SKIP: no bar data.
[2026-04-29 22:37:25 UTC] -- QQQ
[2026-04-29 22:37:27 UTC]   CLI error (bars QQQ --timeframe): Traceback (most recent call last):
  File "/usr/local/lib/python3.11/dist-packages/alpaca/common/rest.py", line 198, in _one_request
    response.raise_for_status()
  File "/usr/local/lib/python3.11/d
[2026-04-29 22:37:27 UTC]   SKIP: no bar data.
[2026-04-29 22:37:27 UTC] === Scan cycle complete ===

[2026-04-29 22:37:50 UTC] === Mean-Reversion scan cycle start ===
[2026-04-29 22:37:53 UTC] Equity: $100,005.18  |  Buying power: $198,600.95
[2026-04-29 22:37:55 UTC] Watchlist: ['AAPL', 'MSFT', 'NVDA', 'AMD', 'TSLA', 'META', 'GOOGL', 'AMZN', 'SPY', 'QQQ']
[2026-04-29 22:37:55 UTC] -- AAPL
[2026-04-29 22:37:58 UTC]   CLI error (bars AAPL --timeframe): Traceback (most recent call last):
  File "/usr/local/lib/python3.11/dist-packages/alpaca/common/rest.py", line 198, in _one_request
    response.raise_for_status()
  File "/usr/local/lib/python3.11/d
[2026-04-29 22:37:58 UTC]   SKIP: no bar data.
[2026-04-29 22:37:58 UTC] -- MSFT
[2026-04-29 22:38:00 UTC]   CLI error (bars MSFT --timeframe): Traceback (most recent call last):
  File "/usr/local/lib/python3.11/dist-packages/alpaca/common/rest.py", line 198, in _one_request
    response.raise_for_status()
  File "/usr/local/lib/python3.11/d
[2026-04-29 22:38:00 UTC]   SKIP: no bar data.
[2026-04-29 22:38:00 UTC] -- NVDA
[2026-04-29 22:38:02 UTC]   CLI error (bars NVDA --timeframe): Traceback (most recent call last):
  File "/usr/local/lib/python3.11/dist-packages/alpaca/common/rest.py", line 198, in _one_request
    response.raise_for_status()
  File "/usr/local/lib/python3.11/d
[2026-04-29 22:38:02 UTC]   SKIP: no bar data.
[2026-04-29 22:38:02 UTC] -- AMD
[2026-04-29 22:38:05 UTC]   CLI error (bars AMD --timeframe): Traceback (most recent call last):
  File "/usr/local/lib/python3.11/dist-packages/alpaca/common/rest.py", line 198, in _one_request
    response.raise_for_status()
  File "/usr/local/lib/python3.11/d
[2026-04-29 22:38:05 UTC]   SKIP: no bar data.
[2026-04-29 22:38:05 UTC] -- TSLA
[2026-04-29 22:38:07 UTC]   CLI error (bars TSLA --timeframe): Traceback (most recent call last):
  File "/usr/local/lib/python3.11/dist-packages/alpaca/common/rest.py", line 198, in _one_request
    response.raise_for_status()
  File "/usr/local/lib/python3.11/d
[2026-04-29 22:38:07 UTC]   SKIP: no bar data.
[2026-04-29 22:38:07 UTC] -- META
[2026-04-29 22:38:09 UTC]   CLI error (bars META --timeframe): Traceback (most recent call last):
  File "/usr/local/lib/python3.11/dist-packages/alpaca/common/rest.py", line 198, in _one_request
    response.raise_for_status()
  File "/usr/local/lib/python3.11/d
[2026-04-29 22:38:09 UTC]   SKIP: no bar data.
[2026-04-29 22:38:09 UTC] -- GOOGL
[2026-04-29 22:38:11 UTC]   CLI error (bars GOOGL --timeframe): Traceback (most recent call last):
  File "/usr/local/lib/python3.11/dist-packages/alpaca/common/rest.py", line 198, in _one_request
    response.raise_for_status()
  File "/usr/local/lib/python3.11/d
[2026-04-29 22:38:11 UTC]   SKIP: no bar data.
[2026-04-29 22:38:11 UTC] -- AMZN
[2026-04-29 22:38:13 UTC]   CLI error (bars AMZN --timeframe): Traceback (most recent call last):
  File "/usr/local/lib/python3.11/dist-packages/alpaca/common/rest.py", line 198, in _one_request
    response.raise_for_status()
  File "/usr/local/lib/python3.11/d
[2026-04-29 22:38:13 UTC]   SKIP: no bar data.
[2026-04-29 22:38:13 UTC] -- SPY
[2026-04-29 22:38:16 UTC]   CLI error (bars SPY --timeframe): Traceback (most recent call last):
  File "/usr/local/lib/python3.11/dist-packages/alpaca/common/rest.py", line 198, in _one_request
    response.raise_for_status()
  File "/usr/local/lib/python3.11/d
[2026-04-29 22:38:16 UTC]   SKIP: no bar data.
[2026-04-29 22:38:16 UTC] -- QQQ
[2026-04-29 22:38:18 UTC]   CLI error (bars QQQ --timeframe): Traceback (most recent call last):
  File "/usr/local/lib/python3.11/dist-packages/alpaca/common/rest.py", line 198, in _one_request
    response.raise_for_status()
  File "/usr/local/lib/python3.11/d
[2026-04-29 22:38:18 UTC]   SKIP: no bar data.
[2026-04-29 22:38:18 UTC] === Scan cycle complete ===

[2026-04-29 22:40:19 UTC] === Mean-Reversion scan cycle start ===
[2026-04-29 22:40:21 UTC] Equity: $100,004.50  |  Buying power: $198,600.27
[2026-04-29 22:40:21 UTC] Open positions: {'AAPL': 1.0, 'MSFT': 1.0, 'SPY': 1.0}
[2026-04-29 22:40:21 UTC] Watchlist (10): ['AAPL', 'MSFT', 'NVDA', 'AMD', 'TSLA', 'META', 'GOOGL', 'AMZN', 'SPY', 'QQQ']
[2026-04-29 22:40:21 UTC] -- AAPL
[2026-04-29 22:40:22 UTC]   bars=62  signal=SELL  price=$270.15  SMA=$264.34  lower=$251.50  upper=$277.17
[2026-04-29 22:40:22 UTC]   → SELLING 1 shares @ ~$270.15
[2026-04-29 22:40:26 UTC]   ORDER SELL 1x AAPL: 📋 Order Summary:
   SELL 1 AAPL @ MARKET (~$254.12)
   Estimated total: $254.12
Order Submitted!
  ID: eb37d507-a5d1-4672-89ad-daa529f1c266
  Symbol: AAPL
  Side: OrderSide.SELL
  Qty: 1
  Type: market
  Status: OrderStatus.ACCEPTED
[2026-04-29 22:40:26 UTC] -- MSFT
[2026-04-29 22:40:26 UTC]   bars=62  signal=SELL  price=$424.80  SMA=$401.61  lower=$353.43  upper=$449.79
[2026-04-29 22:40:26 UTC]   → SELLING 1 shares @ ~$424.80
[2026-04-29 22:40:30 UTC]   ORDER SELL 1x MSFT: 📋 Order Summary:
   SELL 1 MSFT @ MARKET (~$400.00)
   Estimated total: $400.00
Order Submitted!
  ID: b4d40159-fee7-4cd9-a533-16cfcbf1ee94
  Symbol: MSFT
  Side: OrderSide.SELL
  Qty: 1
  Type: market
  Status: OrderStatus.ACCEPTED
[2026-04-29 22:40:30 UTC] -- NVDA
[2026-04-29 22:40:30 UTC]   bars=62  signal=SELL  price=$209.35  SMA=$194.96  lower=$170.35  upper=$219.57
[2026-04-29 22:40:30 UTC]   SKIP SELL: no position.
[2026-04-29 22:40:30 UTC] -- AMD
[2026-04-29 22:40:31 UTC]   bars=62  signal=SELL  price=$337.10  SMA=$270.52  lower=$186.26  upper=$354.78
[2026-04-29 22:40:31 UTC]   SKIP SELL: no position.
[2026-04-29 22:40:31 UTC] -- TSLA
[2026-04-29 22:40:32 UTC]   bars=62  signal=SELL  price=$372.80  SMA=$371.03  lower=$335.99  upper=$406.06
[2026-04-29 22:40:32 UTC]   SKIP SELL: no position.
[2026-04-29 22:40:32 UTC] -- META
[2026-04-29 22:40:33 UTC]   bars=62  signal=SELL  price=$669.47  SMA=$643.72  lower=$565.53  upper=$721.91
[2026-04-29 22:40:33 UTC]   SKIP SELL: no position.
[2026-04-29 22:40:33 UTC] -- GOOGL
[2026-04-29 22:40:34 UTC]   bars=62  signal=SELL  price=$350.27  SMA=$328.17  lower=$293.31  upper=$363.03
[2026-04-29 22:40:34 UTC]   SKIP SELL: no position.
[2026-04-29 22:40:34 UTC] -- AMZN
[2026-04-29 22:40:35 UTC]   bars=62  signal=SELL  price=$263.22  SMA=$241.72  lower=$205.72  upper=$277.72
[2026-04-29 22:40:35 UTC]   SKIP SELL: no position.
[2026-04-29 22:40:35 UTC] -- SPY
[2026-04-29 22:40:35 UTC]   bars=62  signal=SELL  price=$711.59  SMA=$692.03  lower=$650.15  upper=$733.92
[2026-04-29 22:40:35 UTC]   → SELLING 1 shares @ ~$711.59
[2026-04-29 22:40:39 UTC]   ORDER SELL 1x SPY: 📋 Order Summary:
   SELL 1 SPY @ MARKET (~$689.60)
   Estimated total: $689.60
Order Submitted!
  ID: 28383405-2954-47f2-8b29-ea8d7fec1a68
  Symbol: SPY
  Side: OrderSide.SELL
  Qty: 1
  Type: market
  Status: OrderStatus.ACCEPTED
[2026-04-29 22:40:39 UTC] -- QQQ
[2026-04-29 22:40:39 UTC]   bars=62  signal=SELL  price=$661.59  SMA=$629.54  lower=$574.42  upper=$684.67
[2026-04-29 22:40:39 UTC]   SKIP SELL: no position.
[2026-04-29 22:40:39 UTC] === Scan cycle complete ===

[2026-04-29 22:46:58 UTC] === Mean-Reversion scan cycle start ===
[2026-04-29 22:47:01 UTC] Equity: $100,006.00  |  Buying power: $198,601.77
[2026-04-29 22:47:01 UTC] Open positions: {'AAPL': 1.0, 'MSFT': 1.0, 'SPY': 1.0}
[2026-04-29 22:47:01 UTC] Watchlist (10): ['AAPL', 'MSFT', 'NVDA', 'AMD', 'TSLA', 'META', 'GOOGL', 'AMZN', 'SPY', 'QQQ']
[2026-04-29 22:47:02 UTC] -- AAPL
[2026-04-29 22:47:02 UTC]   bars=62  signal=SELL  price=$270.15  SMA=$264.34  lower=$251.50  upper=$277.17
[2026-04-29 22:47:02 UTC]   → SELLING 1 shares @ ~$270.15
[2026-04-30 00:27:06 UTC] === Mean-Reversion scan cycle start ===
[2026-04-30 00:27:08 UTC] Equity: $100,006.20  |  Buying power: $198,601.97
[2026-04-30 00:27:08 UTC] Open positions: {'AAPL': 1.0, 'MSFT': 1.0, 'SPY': 1.0}
[2026-04-30 00:27:08 UTC] Watchlist (10): ['AAPL', 'MSFT', 'NVDA', 'AMD', 'TSLA', 'META', 'GOOGL', 'AMZN', 'SPY', 'QQQ']
[2026-04-30 00:27:08 UTC] -- AAPL
[2026-04-30 00:27:09 UTC]   bars=62  signal=SELL  price=$270.15  SMA=$264.34  lower=$251.50  upper=$277.17
[2026-04-30 00:27:09 UTC]   → SELLING 1 shares @ ~$270.15
[2026-04-30 00:27:12 UTC]   ORDER SELL 1x AAPL: 📋 Order Summary:
   SELL 1 AAPL @ MARKET (~$254.12)
   Estimated total: $254.12
Traceback (most recent call last):
  File "/usr/local/lib/python3.11/dist-packages/alpaca/common/rest.py", line 198, in _one_request
    response.raise_for_status()
  File "/usr/local/lib/python3.11/dist-packages/request
[2026-04-30 00:27:12 UTC] -- MSFT
[2026-04-30 00:27:12 UTC]   bars=62  signal=SELL  price=$424.80  SMA=$401.61  lower=$353.43  upper=$449.79
[2026-04-30 00:27:12 UTC]   → SELLING 1 shares @ ~$424.80
[2026-04-30 00:27:15 UTC]   ORDER SELL 1x MSFT: 📋 Order Summary:
   SELL 1 MSFT @ MARKET (~$400.00)
   Estimated total: $400.00
Traceback (most recent call last):
  File "/usr/local/lib/python3.11/dist-packages/alpaca/common/rest.py", line 198, in _one_request
    response.raise_for_status()
  File "/usr/local/lib/python3.11/dist-packages/request
[2026-04-30 00:27:15 UTC] -- NVDA
[2026-04-30 00:27:15 UTC]   bars=62  signal=SELL  price=$209.35  SMA=$194.96  lower=$170.35  upper=$219.57
[2026-04-30 00:27:15 UTC]   SKIP SELL: no position.
[2026-04-30 00:27:15 UTC] -- AMD
[2026-04-30 00:27:16 UTC]   bars=62  signal=SELL  price=$337.10  SMA=$270.52  lower=$186.26  upper=$354.78
[2026-04-30 00:27:16 UTC]   SKIP SELL: no position.
[2026-04-30 00:27:16 UTC] -- TSLA
[2026-04-30 00:27:17 UTC]   bars=62  signal=SELL  price=$372.80  SMA=$371.03  lower=$335.99  upper=$406.06
[2026-04-30 00:27:17 UTC]   SKIP SELL: no position.
[2026-04-30 00:27:17 UTC] -- META
[2026-04-30 00:27:17 UTC]   bars=62  signal=SELL  price=$669.47  SMA=$643.72  lower=$565.53  upper=$721.91
[2026-04-30 00:27:17 UTC]   SKIP SELL: no position.
[2026-04-30 00:27:17 UTC] -- GOOGL
[2026-04-30 00:27:18 UTC]   bars=62  signal=SELL  price=$350.27  SMA=$328.17  lower=$293.31  upper=$363.03
[2026-04-30 00:27:18 UTC]   SKIP SELL: no position.
[2026-04-30 00:27:18 UTC] -- AMZN
[2026-04-30 00:27:19 UTC]   bars=62  signal=SELL  price=$263.22  SMA=$241.72  lower=$205.72  upper=$277.72
[2026-04-30 00:27:19 UTC]   SKIP SELL: no position.
[2026-04-30 00:27:19 UTC] -- SPY
[2026-04-30 00:27:20 UTC]   bars=62  signal=SELL  price=$711.59  SMA=$692.03  lower=$650.15  upper=$733.92
[2026-04-30 00:27:20 UTC]   → SELLING 1 shares @ ~$711.59
[2026-04-30 00:27:22 UTC]   ORDER SELL 1x SPY: 📋 Order Summary:
   SELL 1 SPY @ MARKET (~$689.60)
   Estimated total: $689.60
Traceback (most recent call last):
  File "/usr/local/lib/python3.11/dist-packages/alpaca/common/rest.py", line 198, in _one_request
    response.raise_for_status()
  File "/usr/local/lib/python3.11/dist-packages/requests
[2026-04-30 00:27:22 UTC] -- QQQ
[2026-04-30 00:27:22 UTC]   bars=62  signal=SELL  price=$661.59  SMA=$629.54  lower=$574.42  upper=$684.67
[2026-04-30 00:27:22 UTC]   SKIP SELL: no position.
[2026-04-30 00:27:23 UTC] === Scan cycle complete ===

[2026-04-30 00:31:44 UTC] === Mean-Reversion scan cycle start ===
[2026-04-30 00:31:45 UTC] Equity: $100,006.01  |  Buying power: $198,601.78
[2026-04-30 00:31:46 UTC] Open positions: {'AAPL': 1.0, 'MSFT': 1.0, 'SPY': 1.0}
[2026-04-30 00:31:46 UTC] Watchlist (10): ['AAPL', 'MSFT', 'NVDA', 'AMD', 'TSLA', 'META', 'GOOGL', 'AMZN', 'SPY', 'QQQ']
[2026-04-30 00:31:46 UTC] -- AAPL
[2026-04-30 00:31:46 UTC]   bars=62  signal=SELL  price=$270.15  SMA=$264.34  lower=$251.50  upper=$277.17
[2026-04-30 00:31:46 UTC]   → SELLING 1 shares @ ~$270.15
[2026-04-30 00:31:49 UTC]   ORDER SELL 1x AAPL: 📋 Order Summary:
   SELL 1 AAPL @ MARKET (~$254.12)
   Estimated total: $254.12
Traceback (most recent call last):
  File "/usr/local/lib/python3.11/dist-packages/alpaca/common/rest.py", line 198, in _one_request
    response.raise_for_status()
  File "/usr/local/lib/python3.11/dist-packages/request
[2026-04-30 00:31:49 UTC] -- MSFT
[2026-04-30 00:31:49 UTC]   bars=62  signal=SELL  price=$424.80  SMA=$401.61  lower=$353.43  upper=$449.79
[2026-04-30 00:31:49 UTC]   → SELLING 1 shares @ ~$424.80
[2026-04-30 00:31:52 UTC]   ORDER SELL 1x MSFT: 📋 Order Summary:
   SELL 1 MSFT @ MARKET (~$400.00)
   Estimated total: $400.00
Traceback (most recent call last):
  File "/usr/local/lib/python3.11/dist-packages/alpaca/common/rest.py", line 198, in _one_request
    response.raise_for_status()
  File "/usr/local/lib/python3.11/dist-packages/request
[2026-04-30 00:31:52 UTC] -- NVDA
[2026-04-30 00:31:52 UTC]   bars=62  signal=SELL  price=$209.35  SMA=$194.96  lower=$170.35  upper=$219.57
[2026-04-30 00:31:52 UTC]   SKIP SELL: no position.
[2026-04-30 00:31:52 UTC] -- AMD
[2026-04-30 00:31:53 UTC]   bars=62  signal=SELL  price=$337.10  SMA=$270.52  lower=$186.26  upper=$354.78
[2026-04-30 00:31:53 UTC]   SKIP SELL: no position.
[2026-04-30 00:31:53 UTC] -- TSLA
[2026-04-30 00:31:53 UTC]   bars=62  signal=SELL  price=$372.80  SMA=$371.03  lower=$335.99  upper=$406.06
[2026-04-30 00:31:53 UTC]   SKIP SELL: no position.
[2026-04-30 00:31:53 UTC] -- META
[2026-04-30 00:31:54 UTC]   bars=62  signal=SELL  price=$669.47  SMA=$643.72  lower=$565.53  upper=$721.91
[2026-04-30 00:31:54 UTC]   SKIP SELL: no position.
[2026-04-30 00:31:54 UTC] -- GOOGL
[2026-04-30 00:31:55 UTC]   bars=62  signal=SELL  price=$350.27  SMA=$328.17  lower=$293.31  upper=$363.03
[2026-04-30 00:31:55 UTC]   SKIP SELL: no position.
[2026-04-30 00:31:55 UTC] -- AMZN
[2026-04-30 00:31:55 UTC]   bars=62  signal=SELL  price=$263.22  SMA=$241.72  lower=$205.72  upper=$277.72
[2026-04-30 00:31:55 UTC]   SKIP SELL: no position.
[2026-04-30 00:31:55 UTC] -- SPY
[2026-04-30 00:31:56 UTC]   bars=62  signal=SELL  price=$711.59  SMA=$692.03  lower=$650.15  upper=$733.92
[2026-04-30 00:31:56 UTC]   → SELLING 1 shares @ ~$711.59
[2026-04-30 00:31:58 UTC]   ORDER SELL 1x SPY: 📋 Order Summary:
   SELL 1 SPY @ MARKET (~$689.60)
   Estimated total: $689.60
Traceback (most recent call last):
  File "/usr/local/lib/python3.11/dist-packages/alpaca/common/rest.py", line 198, in _one_request
    response.raise_for_status()
  File "/usr/local/lib/python3.11/dist-packages/requests
[2026-04-30 00:31:58 UTC] -- QQQ
[2026-04-30 00:31:59 UTC]   bars=62  signal=SELL  price=$661.59  SMA=$629.54  lower=$574.42  upper=$684.67
[2026-04-30 00:31:59 UTC]   SKIP SELL: no position.
[2026-04-30 00:31:59 UTC] === Scan cycle complete ===

[2026-04-30 00:36:42 UTC] === Mean-Reversion scan cycle start ===
[2026-04-30 00:36:44 UTC] Equity: $100,005.77  |  Buying power: $198,601.54
[2026-04-30 00:36:44 UTC] Open positions: {'AAPL': 1.0, 'MSFT': 1.0, 'SPY': 1.0}
[2026-04-30 00:36:44 UTC] Watchlist (10): ['AAPL', 'MSFT', 'NVDA', 'AMD', 'TSLA', 'META', 'GOOGL', 'AMZN', 'SPY', 'QQQ']
[2026-04-30 00:36:44 UTC] -- AAPL
[2026-04-30 00:36:45 UTC]   bars=62  signal=SELL  price=$270.15  SMA=$264.34  lower=$251.50  upper=$277.17
[2026-04-30 00:36:45 UTC]   → SELLING 1 shares @ ~$270.15
[2026-04-30 00:36:47 UTC]   ORDER SELL 1x AAPL: 📋 Order Summary:
   SELL 1 AAPL @ MARKET (~$254.12)
   Estimated total: $254.12
Traceback (most recent call last):
  File "/usr/local/lib/python3.11/dist-packages/alpaca/common/rest.py", line 198, in _one_request
    response.raise_for_status()
  File "/usr/local/lib/python3.11/dist-packages/request
[2026-04-30 00:36:47 UTC] -- MSFT
[2026-04-30 00:36:48 UTC]   bars=62  signal=SELL  price=$424.80  SMA=$401.61  lower=$353.43  upper=$449.79
[2026-04-30 00:36:48 UTC]   → SELLING 1 shares @ ~$424.80
[2026-04-30 00:36:50 UTC]   ORDER SELL 1x MSFT: 📋 Order Summary:
   SELL 1 MSFT @ MARKET (~$400.00)
   Estimated total: $400.00
Traceback (most recent call last):
  File "/usr/local/lib/python3.11/dist-packages/alpaca/common/rest.py", line 198, in _one_request
    response.raise_for_status()
  File "/usr/local/lib/python3.11/dist-packages/request
[2026-04-30 00:36:50 UTC] -- NVDA
[2026-04-30 00:36:51 UTC]   bars=62  signal=SELL  price=$209.35  SMA=$194.96  lower=$170.35  upper=$219.57
[2026-04-30 00:36:51 UTC]   SKIP SELL: no position.
[2026-04-30 00:36:51 UTC] -- AMD
[2026-04-30 00:36:52 UTC]   bars=62  signal=SELL  price=$337.10  SMA=$270.52  lower=$186.26  upper=$354.78
[2026-04-30 00:36:52 UTC]   SKIP SELL: no position.
[2026-04-30 00:36:52 UTC] -- TSLA
[2026-04-30 00:36:52 UTC]   bars=62  signal=SELL  price=$372.80  SMA=$371.03  lower=$335.99  upper=$406.06
[2026-04-30 00:36:52 UTC]   SKIP SELL: no position.
[2026-04-30 00:36:52 UTC] -- META
[2026-04-30 00:36:53 UTC]   bars=62  signal=SELL  price=$669.47  SMA=$643.72  lower=$565.53  upper=$721.91
[2026-04-30 00:36:53 UTC]   SKIP SELL: no position.
[2026-04-30 00:36:53 UTC] -- GOOGL
[2026-04-30 00:36:54 UTC]   bars=62  signal=SELL  price=$350.27  SMA=$328.17  lower=$293.31  upper=$363.03
[2026-04-30 00:36:54 UTC]   SKIP SELL: no position.
[2026-04-30 00:36:54 UTC] -- AMZN
[2026-04-30 00:36:54 UTC]   bars=62  signal=SELL  price=$263.22  SMA=$241.72  lower=$205.72  upper=$277.72
[2026-04-30 00:36:54 UTC]   SKIP SELL: no position.
[2026-04-30 00:36:54 UTC] -- SPY
[2026-04-30 00:36:55 UTC]   bars=62  signal=SELL  price=$711.59  SMA=$692.03  lower=$650.15  upper=$733.92
[2026-04-30 00:36:55 UTC]   → SELLING 1 shares @ ~$711.59
[2026-04-30 00:36:57 UTC]   ORDER SELL 1x SPY: 📋 Order Summary:
   SELL 1 SPY @ MARKET (~$689.60)
   Estimated total: $689.60
Traceback (most recent call last):
  File "/usr/local/lib/python3.11/dist-packages/alpaca/common/rest.py", line 198, in _one_request
    response.raise_for_status()
  File "/usr/local/lib/python3.11/dist-packages/requests
[2026-04-30 00:36:57 UTC] -- QQQ
[2026-04-30 00:36:58 UTC]   bars=62  signal=SELL  price=$661.59  SMA=$629.54  lower=$574.42  upper=$684.67
[2026-04-30 00:36:58 UTC]   SKIP SELL: no position.
[2026-04-30 00:36:58 UTC] === Scan cycle complete ===

[2026-04-30 00:41:45 UTC] === Mean-Reversion scan cycle start ===
[2026-04-30 00:41:46 UTC] Equity: $100,005.37  |  Buying power: $198,601.14
[2026-04-30 00:41:47 UTC] Open positions: {'AAPL': 1.0, 'MSFT': 1.0, 'SPY': 1.0}
[2026-04-30 00:41:47 UTC] Watchlist (10): ['AAPL', 'MSFT', 'NVDA', 'AMD', 'TSLA', 'META', 'GOOGL', 'AMZN', 'SPY', 'QQQ']
[2026-04-30 00:41:47 UTC] -- AAPL
[2026-04-30 00:41:47 UTC]   bars=62  signal=SELL  price=$270.15  SMA=$264.34  lower=$251.50  upper=$277.17
[2026-04-30 00:41:47 UTC]   → SELLING 1 shares @ ~$270.15
[2026-04-30 00:41:50 UTC]   ORDER SELL 1x AAPL: 📋 Order Summary:
   SELL 1 AAPL @ MARKET (~$254.12)
   Estimated total: $254.12
Traceback (most recent call last):
  File "/usr/local/lib/python3.11/dist-packages/alpaca/common/rest.py", line 198, in _one_request
    response.raise_for_status()
  File "/usr/local/lib/python3.11/dist-packages/request
[2026-04-30 00:41:50 UTC] -- MSFT
[2026-04-30 00:41:51 UTC]   bars=62  signal=SELL  price=$424.80  SMA=$401.61  lower=$353.43  upper=$449.79
[2026-04-30 00:41:51 UTC]   → SELLING 1 shares @ ~$424.80
[2026-04-30 00:41:53 UTC]   ORDER SELL 1x MSFT: 📋 Order Summary:
   SELL 1 MSFT @ MARKET (~$400.00)
   Estimated total: $400.00
Traceback (most recent call last):
  File "/usr/local/lib/python3.11/dist-packages/alpaca/common/rest.py", line 198, in _one_request
    response.raise_for_status()
  File "/usr/local/lib/python3.11/dist-packages/request
[2026-04-30 00:41:53 UTC] -- NVDA
[2026-04-30 00:41:54 UTC]   bars=62  signal=SELL  price=$209.35  SMA=$194.96  lower=$170.35  upper=$219.57
[2026-04-30 00:41:54 UTC]   SKIP SELL: no position.
[2026-04-30 00:41:54 UTC] -- AMD
[2026-04-30 00:41:55 UTC]   bars=62  signal=SELL  price=$337.10  SMA=$270.52  lower=$186.26  upper=$354.78
[2026-04-30 00:41:55 UTC]   SKIP SELL: no position.
[2026-04-30 00:41:55 UTC] -- TSLA
[2026-04-30 00:41:55 UTC]   bars=62  signal=SELL  price=$372.80  SMA=$371.03  lower=$335.99  upper=$406.06
[2026-04-30 00:41:55 UTC]   SKIP SELL: no position.
[2026-04-30 00:41:55 UTC] -- META
[2026-04-30 00:41:56 UTC]   bars=62  signal=SELL  price=$669.47  SMA=$643.72  lower=$565.53  upper=$721.91
[2026-04-30 00:41:56 UTC]   SKIP SELL: no position.
[2026-04-30 00:41:56 UTC] -- GOOGL
[2026-04-30 00:41:57 UTC]   bars=62  signal=SELL  price=$350.27  SMA=$328.17  lower=$293.31  upper=$363.03
[2026-04-30 00:41:57 UTC]   SKIP SELL: no position.
[2026-04-30 00:41:57 UTC] -- AMZN
[2026-04-30 00:41:57 UTC]   bars=62  signal=SELL  price=$263.22  SMA=$241.72  lower=$205.72  upper=$277.72
[2026-04-30 00:41:57 UTC]   SKIP SELL: no position.
[2026-04-30 00:41:57 UTC] -- SPY
[2026-04-30 00:41:58 UTC]   bars=62  signal=SELL  price=$711.59  SMA=$692.03  lower=$650.15  upper=$733.92
[2026-04-30 00:41:58 UTC]   → SELLING 1 shares @ ~$711.59
[2026-04-30 00:42:00 UTC]   ORDER SELL 1x SPY: 📋 Order Summary:
   SELL 1 SPY @ MARKET (~$689.60)
   Estimated total: $689.60
Traceback (most recent call last):
  File "/usr/local/lib/python3.11/dist-packages/alpaca/common/rest.py", line 198, in _one_request
    response.raise_for_status()
  File "/usr/local/lib/python3.11/dist-packages/requests
[2026-04-30 00:42:00 UTC] -- QQQ
[2026-04-30 00:42:01 UTC]   bars=62  signal=SELL  price=$661.59  SMA=$629.54  lower=$574.42  upper=$684.67
[2026-04-30 00:42:01 UTC]   SKIP SELL: no position.
[2026-04-30 00:42:01 UTC] === Scan cycle complete ===

[2026-04-30 00:46:43 UTC] === Mean-Reversion scan cycle start ===
[2026-04-30 00:46:44 UTC] Equity: $100,005.75  |  Buying power: $198,601.52
[2026-04-30 00:46:44 UTC] Open positions: {'AAPL': 1.0, 'MSFT': 1.0, 'SPY': 1.0}
[2026-04-30 00:46:45 UTC] Watchlist (10): ['AAPL', 'MSFT', 'NVDA', 'AMD', 'TSLA', 'META', 'GOOGL', 'AMZN', 'SPY', 'QQQ']
[2026-04-30 00:46:45 UTC] -- AAPL
[2026-04-30 00:46:45 UTC]   bars=62  signal=SELL  price=$270.15  SMA=$264.34  lower=$251.50  upper=$277.17
[2026-04-30 00:46:45 UTC]   → SELLING 1 shares @ ~$270.15
[2026-04-30 00:46:48 UTC]   ORDER SELL 1x AAPL: 📋 Order Summary:
   SELL 1 AAPL @ MARKET (~$254.12)
   Estimated total: $254.12
Traceback (most recent call last):
  File "/usr/local/lib/python3.11/dist-packages/alpaca/common/rest.py", line 198, in _one_request
    response.raise_for_status()
  File "/usr/local/lib/python3.11/dist-packages/request
[2026-04-30 00:46:48 UTC] -- MSFT
[2026-04-30 00:46:48 UTC]   bars=62  signal=SELL  price=$424.80  SMA=$401.61  lower=$353.43  upper=$449.79
[2026-04-30 00:46:48 UTC]   → SELLING 1 shares @ ~$424.80
[2026-04-30 00:46:51 UTC]   ORDER SELL 1x MSFT: 📋 Order Summary:
   SELL 1 MSFT @ MARKET (~$400.00)
   Estimated total: $400.00
Traceback (most recent call last):
  File "/usr/local/lib/python3.11/dist-packages/alpaca/common/rest.py", line 198, in _one_request
    response.raise_for_status()
  File "/usr/local/lib/python3.11/dist-packages/request
[2026-04-30 00:46:51 UTC] -- NVDA
[2026-04-30 00:46:53 UTC]   bars=62  signal=SELL  price=$209.35  SMA=$194.96  lower=$170.35  upper=$219.57
[2026-04-30 00:46:53 UTC]   SKIP SELL: no position.
[2026-04-30 00:46:53 UTC] -- AMD
[2026-04-30 00:46:54 UTC]   bars=62  signal=SELL  price=$337.10  SMA=$270.52  lower=$186.26  upper=$354.78
[2026-04-30 00:46:54 UTC]   SKIP SELL: no position.
[2026-04-30 00:46:54 UTC] -- TSLA
[2026-04-30 00:46:54 UTC]   bars=62  signal=SELL  price=$372.80  SMA=$371.03  lower=$335.99  upper=$406.06
[2026-04-30 00:46:54 UTC]   SKIP SELL: no position.
[2026-04-30 00:46:54 UTC] -- META
[2026-04-30 00:46:55 UTC]   bars=62  signal=SELL  price=$669.47  SMA=$643.72  lower=$565.53  upper=$721.91
[2026-04-30 00:46:55 UTC]   SKIP SELL: no position.
[2026-04-30 00:46:55 UTC] -- GOOGL
[2026-04-30 00:46:55 UTC]   bars=62  signal=SELL  price=$350.27  SMA=$328.17  lower=$293.31  upper=$363.03
[2026-04-30 00:46:56 UTC]   SKIP SELL: no position.
[2026-04-30 00:46:56 UTC] -- AMZN
[2026-04-30 00:46:56 UTC]   bars=62  signal=SELL  price=$263.22  SMA=$241.72  lower=$205.72  upper=$277.72
[2026-04-30 00:46:56 UTC]   SKIP SELL: no position.
[2026-04-30 00:46:56 UTC] -- SPY
[2026-04-30 00:46:57 UTC]   bars=62  signal=SELL  price=$711.59  SMA=$692.03  lower=$650.15  upper=$733.92
[2026-04-30 00:46:57 UTC]   → SELLING 1 shares @ ~$711.59
[2026-04-30 00:46:59 UTC]   ORDER SELL 1x SPY: 📋 Order Summary:
   SELL 1 SPY @ MARKET (~$689.60)
   Estimated total: $689.60
Traceback (most recent call last):
  File "/usr/local/lib/python3.11/dist-packages/alpaca/common/rest.py", line 198, in _one_request
    response.raise_for_status()
  File "/usr/local/lib/python3.11/dist-packages/requests
[2026-04-30 00:46:59 UTC] -- QQQ
[2026-04-30 00:47:00 UTC]   bars=62  signal=SELL  price=$661.59  SMA=$629.54  lower=$574.42  upper=$684.67
[2026-04-30 00:47:00 UTC]   SKIP SELL: no position.
[2026-04-30 00:47:00 UTC] === Scan cycle complete ===

[2026-04-30 00:51:44 UTC] === Mean-Reversion scan cycle start ===
[2026-04-30 00:51:45 UTC] Equity: $100,006.01  |  Buying power: $198,601.78
[2026-04-30 00:51:46 UTC] Open positions: {'AAPL': 1.0, 'MSFT': 1.0, 'SPY': 1.0}
[2026-04-30 00:51:46 UTC] Watchlist (10): ['AAPL', 'MSFT', 'NVDA', 'AMD', 'TSLA', 'META', 'GOOGL', 'AMZN', 'SPY', 'QQQ']
[2026-04-30 00:51:46 UTC] -- AAPL
[2026-04-30 00:51:46 UTC]   bars=62  signal=SELL  price=$270.15  SMA=$264.34  lower=$251.50  upper=$277.17
[2026-04-30 00:51:46 UTC]   → SELLING 1 shares @ ~$270.15
[2026-04-30 00:51:49 UTC]   ORDER SELL 1x AAPL: 📋 Order Summary:
   SELL 1 AAPL @ MARKET (~$254.12)
   Estimated total: $254.12
Traceback (most recent call last):
  File "/usr/local/lib/python3.11/dist-packages/alpaca/common/rest.py", line 198, in _one_request
    response.raise_for_status()
  File "/usr/local/lib/python3.11/dist-packages/request
[2026-04-30 00:51:49 UTC] -- MSFT
[2026-04-30 00:51:50 UTC]   bars=62  signal=SELL  price=$424.80  SMA=$401.61  lower=$353.43  upper=$449.79
[2026-04-30 00:51:50 UTC]   → SELLING 1 shares @ ~$424.80
[2026-04-30 00:51:52 UTC]   ORDER SELL 1x MSFT: 📋 Order Summary:
   SELL 1 MSFT @ MARKET (~$400.00)
   Estimated total: $400.00
Traceback (most recent call last):
  File "/usr/local/lib/python3.11/dist-packages/alpaca/common/rest.py", line 198, in _one_request
    response.raise_for_status()
  File "/usr/local/lib/python3.11/dist-packages/request
[2026-04-30 00:51:52 UTC] -- NVDA
[2026-04-30 00:51:53 UTC]   bars=62  signal=SELL  price=$209.35  SMA=$194.96  lower=$170.35  upper=$219.57
[2026-04-30 00:51:53 UTC]   SKIP SELL: no position.
[2026-04-30 00:51:53 UTC] -- AMD
[2026-04-30 00:51:53 UTC]   bars=62  signal=SELL  price=$337.10  SMA=$270.52  lower=$186.26  upper=$354.78
[2026-04-30 00:51:53 UTC]   SKIP SELL: no position.
[2026-04-30 00:51:54 UTC] -- TSLA
[2026-04-30 00:51:54 UTC]   bars=62  signal=SELL  price=$372.80  SMA=$371.03  lower=$335.99  upper=$406.06
[2026-04-30 00:51:54 UTC]   SKIP SELL: no position.
[2026-04-30 00:51:54 UTC] -- META
[2026-04-30 00:51:55 UTC]   bars=62  signal=SELL  price=$669.47  SMA=$643.72  lower=$565.53  upper=$721.91
[2026-04-30 00:51:55 UTC]   SKIP SELL: no position.
[2026-04-30 00:51:55 UTC] -- GOOGL
[2026-04-30 00:51:55 UTC]   bars=62  signal=SELL  price=$350.27  SMA=$328.17  lower=$293.31  upper=$363.03
[2026-04-30 00:51:55 UTC]   SKIP SELL: no position.
[2026-04-30 00:51:55 UTC] -- AMZN
[2026-04-30 00:51:56 UTC]   bars=62  signal=SELL  price=$263.22  SMA=$241.72  lower=$205.72  upper=$277.72
[2026-04-30 00:51:56 UTC]   SKIP SELL: no position.
[2026-04-30 00:51:56 UTC] -- SPY
[2026-04-30 00:51:57 UTC]   bars=62  signal=SELL  price=$711.59  SMA=$692.03  lower=$650.15  upper=$733.92
[2026-04-30 00:51:57 UTC]   → SELLING 1 shares @ ~$711.59
[2026-04-30 00:51:59 UTC]   ORDER SELL 1x SPY: 📋 Order Summary:
   SELL 1 SPY @ MARKET (~$689.60)
   Estimated total: $689.60
Traceback (most recent call last):
  File "/usr/local/lib/python3.11/dist-packages/alpaca/common/rest.py", line 198, in _one_request
    response.raise_for_status()
  File "/usr/local/lib/python3.11/dist-packages/requests
[2026-04-30 00:51:59 UTC] -- QQQ
[2026-04-30 00:51:59 UTC]   bars=62  signal=SELL  price=$661.59  SMA=$629.54  lower=$574.42  upper=$684.67
[2026-04-30 00:51:59 UTC]   SKIP SELL: no position.
[2026-04-30 00:51:59 UTC] === Scan cycle complete ===

[2026-04-30 00:56:44 UTC] === Mean-Reversion scan cycle start ===
[2026-04-30 00:56:45 UTC] Equity: $100,005.50  |  Buying power: $198,601.27
[2026-04-30 00:56:45 UTC] Open positions: {'AAPL': 1.0, 'MSFT': 1.0, 'SPY': 1.0}
[2026-04-30 00:56:45 UTC] Watchlist (10): ['AAPL', 'MSFT', 'NVDA', 'AMD', 'TSLA', 'META', 'GOOGL', 'AMZN', 'SPY', 'QQQ']
[2026-04-30 00:56:45 UTC] -- AAPL
[2026-04-30 00:56:46 UTC]   bars=62  signal=SELL  price=$270.15  SMA=$264.34  lower=$251.50  upper=$277.17
[2026-04-30 00:56:46 UTC]   → SELLING 1 shares @ ~$270.15
[2026-04-30 00:56:49 UTC]   ORDER SELL 1x AAPL: 📋 Order Summary:
   SELL 1 AAPL @ MARKET (~$254.12)
   Estimated total: $254.12
Traceback (most recent call last):
  File "/usr/local/lib/python3.11/dist-packages/alpaca/common/rest.py", line 198, in _one_request
    response.raise_for_status()
  File "/usr/local/lib/python3.11/dist-packages/request
[2026-04-30 00:56:49 UTC] -- MSFT
[2026-04-30 00:56:49 UTC]   bars=62  signal=SELL  price=$424.80  SMA=$401.61  lower=$353.43  upper=$449.79
[2026-04-30 00:56:49 UTC]   → SELLING 1 shares @ ~$424.80
[2026-04-30 00:56:52 UTC]   ORDER SELL 1x MSFT: 📋 Order Summary:
   SELL 1 MSFT @ MARKET (~$400.00)
   Estimated total: $400.00
Traceback (most recent call last):
  File "/usr/local/lib/python3.11/dist-packages/alpaca/common/rest.py", line 198, in _one_request
    response.raise_for_status()
  File "/usr/local/lib/python3.11/dist-packages/request
[2026-04-30 00:56:52 UTC] -- NVDA
[2026-04-30 00:56:52 UTC]   bars=62  signal=SELL  price=$209.35  SMA=$194.96  lower=$170.35  upper=$219.57
[2026-04-30 00:56:52 UTC]   SKIP SELL: no position.
[2026-04-30 00:56:52 UTC] -- AMD
[2026-04-30 00:56:53 UTC]   bars=62  signal=SELL  price=$337.10  SMA=$270.52  lower=$186.26  upper=$354.78
[2026-04-30 00:56:53 UTC]   SKIP SELL: no position.
[2026-04-30 00:56:53 UTC] -- TSLA
[2026-04-30 00:56:53 UTC]   bars=62  signal=SELL  price=$372.80  SMA=$371.03  lower=$335.99  upper=$406.06
[2026-04-30 00:56:53 UTC]   SKIP SELL: no position.
[2026-04-30 00:56:53 UTC] -- META
[2026-04-30 00:56:54 UTC]   bars=62  signal=SELL  price=$669.47  SMA=$643.72  lower=$565.53  upper=$721.91
[2026-04-30 00:56:54 UTC]   SKIP SELL: no position.
[2026-04-30 00:56:54 UTC] -- GOOGL
[2026-04-30 00:56:55 UTC]   bars=62  signal=SELL  price=$350.27  SMA=$328.17  lower=$293.31  upper=$363.03
[2026-04-30 00:56:55 UTC]   SKIP SELL: no position.
[2026-04-30 00:56:55 UTC] -- AMZN
[2026-04-30 00:56:55 UTC]   bars=62  signal=SELL  price=$263.22  SMA=$241.72  lower=$205.72  upper=$277.72
[2026-04-30 00:56:55 UTC]   SKIP SELL: no position.
[2026-04-30 00:56:55 UTC] -- SPY
[2026-04-30 00:56:56 UTC]   bars=62  signal=SELL  price=$711.59  SMA=$692.03  lower=$650.15  upper=$733.92
[2026-04-30 00:56:56 UTC]   → SELLING 1 shares @ ~$711.59
[2026-04-30 00:56:58 UTC]   ORDER SELL 1x SPY: 📋 Order Summary:
   SELL 1 SPY @ MARKET (~$689.60)
   Estimated total: $689.60
Traceback (most recent call last):
  File "/usr/local/lib/python3.11/dist-packages/alpaca/common/rest.py", line 198, in _one_request
    response.raise_for_status()
  File "/usr/local/lib/python3.11/dist-packages/requests
[2026-04-30 00:56:58 UTC] -- QQQ
[2026-04-30 00:56:59 UTC]   bars=62  signal=SELL  price=$661.59  SMA=$629.54  lower=$574.42  upper=$684.67
[2026-04-30 00:56:59 UTC]   SKIP SELL: no position.
[2026-04-30 00:56:59 UTC] === Scan cycle complete ===

[2026-04-30 01:01:44 UTC] === Mean-Reversion scan cycle start ===
[2026-04-30 01:01:45 UTC] Equity: $100,005.31  |  Buying power: $198,601.08
[2026-04-30 01:01:46 UTC] Open positions: {'AAPL': 1.0, 'MSFT': 1.0, 'SPY': 1.0}
[2026-04-30 01:01:46 UTC] Watchlist (10): ['AAPL', 'MSFT', 'NVDA', 'AMD', 'TSLA', 'META', 'GOOGL', 'AMZN', 'SPY', 'QQQ']
[2026-04-30 01:01:46 UTC] -- AAPL
[2026-04-30 01:01:46 UTC]   bars=62  signal=SELL  price=$270.15  SMA=$264.34  lower=$251.50  upper=$277.17
[2026-04-30 01:01:46 UTC]   → SELLING 1 shares @ ~$270.15
[2026-04-30 01:01:49 UTC]   ORDER SELL 1x AAPL: 📋 Order Summary:
   SELL 1 AAPL @ MARKET (~$254.12)
   Estimated total: $254.12
Traceback (most recent call last):
  File "/usr/local/lib/python3.11/dist-packages/alpaca/common/rest.py", line 198, in _one_request
    response.raise_for_status()
  File "/usr/local/lib/python3.11/dist-packages/request
[2026-04-30 01:01:49 UTC] -- MSFT
[2026-04-30 01:01:49 UTC]   bars=62  signal=SELL  price=$424.80  SMA=$401.61  lower=$353.43  upper=$449.79
[2026-04-30 01:01:49 UTC]   → SELLING 1 shares @ ~$424.80
[2026-04-30 01:01:51 UTC]   ORDER SELL 1x MSFT: 📋 Order Summary:
   SELL 1 MSFT @ MARKET (~$400.00)
   Estimated total: $400.00
Traceback (most recent call last):
  File "/usr/local/lib/python3.11/dist-packages/alpaca/common/rest.py", line 198, in _one_request
    response.raise_for_status()
  File "/usr/local/lib/python3.11/dist-packages/request
[2026-04-30 01:01:51 UTC] -- NVDA
[2026-04-30 01:01:52 UTC]   bars=62  signal=SELL  price=$209.35  SMA=$194.96  lower=$170.35  upper=$219.57
[2026-04-30 01:01:52 UTC]   SKIP SELL: no position.
[2026-04-30 01:01:52 UTC] -- AMD
[2026-04-30 01:01:53 UTC]   bars=62  signal=SELL  price=$337.10  SMA=$270.52  lower=$186.26  upper=$354.78
[2026-04-30 01:01:53 UTC]   SKIP SELL: no position.
[2026-04-30 01:01:53 UTC] -- TSLA
[2026-04-30 01:01:53 UTC]   bars=62  signal=SELL  price=$372.80  SMA=$371.03  lower=$335.99  upper=$406.06
[2026-04-30 01:01:53 UTC]   SKIP SELL: no position.
[2026-04-30 01:01:53 UTC] -- META
[2026-04-30 01:01:54 UTC]   bars=62  signal=SELL  price=$669.47  SMA=$643.72  lower=$565.53  upper=$721.91
[2026-04-30 01:01:54 UTC]   SKIP SELL: no position.
[2026-04-30 01:01:54 UTC] -- GOOGL
[2026-04-30 01:01:55 UTC]   bars=62  signal=SELL  price=$350.27  SMA=$328.17  lower=$293.31  upper=$363.03
[2026-04-30 01:01:55 UTC]   SKIP SELL: no position.
[2026-04-30 01:01:55 UTC] -- AMZN
[2026-04-30 01:01:55 UTC]   bars=62  signal=SELL  price=$263.22  SMA=$241.72  lower=$205.72  upper=$277.72
[2026-04-30 01:01:55 UTC]   SKIP SELL: no position.
[2026-04-30 01:01:55 UTC] -- SPY
[2026-04-30 01:01:56 UTC]   bars=62  signal=SELL  price=$711.59  SMA=$692.03  lower=$650.15  upper=$733.92
[2026-04-30 01:01:56 UTC]   → SELLING 1 shares @ ~$711.59
[2026-04-30 01:01:58 UTC]   ORDER SELL 1x SPY: 📋 Order Summary:
   SELL 1 SPY @ MARKET (~$689.60)
   Estimated total: $689.60
Traceback (most recent call last):
  File "/usr/local/lib/python3.11/dist-packages/alpaca/common/rest.py", line 198, in _one_request
    response.raise_for_status()
  File "/usr/local/lib/python3.11/dist-packages/requests
[2026-04-30 01:01:58 UTC] -- QQQ
[2026-04-30 01:01:59 UTC]   bars=62  signal=SELL  price=$661.59  SMA=$629.54  lower=$574.42  upper=$684.67
[2026-04-30 01:01:59 UTC]   SKIP SELL: no position.
[2026-04-30 01:01:59 UTC] === Scan cycle complete ===

[2026-04-30 01:06:47 UTC] === Mean-Reversion scan cycle start ===
[2026-04-30 01:06:49 UTC] Equity: $100,004.35  |  Buying power: $198,600.12
[2026-04-30 01:06:49 UTC] Open positions: {'AAPL': 1.0, 'MSFT': 1.0, 'SPY': 1.0}
[2026-04-30 01:06:49 UTC] Watchlist (10): ['AAPL', 'MSFT', 'NVDA', 'AMD', 'TSLA', 'META', 'GOOGL', 'AMZN', 'SPY', 'QQQ']
[2026-04-30 01:06:49 UTC] -- AAPL
[2026-04-30 01:06:50 UTC]   bars=62  signal=SELL  price=$270.15  SMA=$264.34  lower=$251.50  upper=$277.17
[2026-04-30 01:06:50 UTC]   → SELLING 1 shares @ ~$270.15
[2026-04-30 01:06:53 UTC]   ORDER SELL 1x AAPL: 📋 Order Summary:
   SELL 1 AAPL @ MARKET (~$254.12)
   Estimated total: $254.12
Traceback (most recent call last):
  File "/usr/local/lib/python3.11/dist-packages/alpaca/common/rest.py", line 198, in _one_request
    response.raise_for_status()
  File "/usr/local/lib/python3.11/dist-packages/request
[2026-04-30 01:06:53 UTC] -- MSFT
[2026-04-30 01:06:53 UTC]   bars=62  signal=SELL  price=$424.80  SMA=$401.61  lower=$353.43  upper=$449.79
[2026-04-30 01:06:53 UTC]   → SELLING 1 shares @ ~$424.80
[2026-04-30 01:06:55 UTC]   ORDER SELL 1x MSFT: 📋 Order Summary:
   SELL 1 MSFT @ MARKET (~$400.00)
   Estimated total: $400.00
Traceback (most recent call last):
  File "/usr/local/lib/python3.11/dist-packages/alpaca/common/rest.py", line 198, in _one_request
    response.raise_for_status()
  File "/usr/local/lib/python3.11/dist-packages/request
[2026-04-30 01:06:55 UTC] -- NVDA
[2026-04-30 01:06:56 UTC]   bars=62  signal=SELL  price=$209.35  SMA=$194.96  lower=$170.35  upper=$219.57
[2026-04-30 01:06:56 UTC]   SKIP SELL: no position.
[2026-04-30 01:06:56 UTC] -- AMD
[2026-04-30 01:06:57 UTC]   bars=62  signal=SELL  price=$337.10  SMA=$270.52  lower=$186.26  upper=$354.78
[2026-04-30 01:06:57 UTC]   SKIP SELL: no position.
[2026-04-30 01:06:57 UTC] -- TSLA
[2026-04-30 01:06:57 UTC]   bars=62  signal=SELL  price=$372.80  SMA=$371.03  lower=$335.99  upper=$406.06
[2026-04-30 01:06:57 UTC]   SKIP SELL: no position.
[2026-04-30 01:06:57 UTC] -- META
[2026-04-30 01:06:58 UTC]   bars=62  signal=SELL  price=$669.47  SMA=$643.72  lower=$565.53  upper=$721.91
[2026-04-30 01:06:58 UTC]   SKIP SELL: no position.
[2026-04-30 01:06:58 UTC] -- GOOGL
[2026-04-30 01:06:59 UTC]   bars=62  signal=SELL  price=$350.27  SMA=$328.17  lower=$293.31  upper=$363.03
[2026-04-30 01:06:59 UTC]   SKIP SELL: no position.
[2026-04-30 01:06:59 UTC] -- AMZN
[2026-04-30 01:06:59 UTC]   bars=62  signal=SELL  price=$263.22  SMA=$241.72  lower=$205.72  upper=$277.72
[2026-04-30 01:06:59 UTC]   SKIP SELL: no position.
[2026-04-30 01:06:59 UTC] -- SPY
[2026-04-30 01:07:00 UTC]   bars=62  signal=SELL  price=$711.59  SMA=$692.03  lower=$650.15  upper=$733.92
[2026-04-30 01:07:00 UTC]   → SELLING 1 shares @ ~$711.59
[2026-04-30 01:07:02 UTC]   ORDER SELL 1x SPY: 📋 Order Summary:
   SELL 1 SPY @ MARKET (~$689.60)
   Estimated total: $689.60
Traceback (most recent call last):
  File "/usr/local/lib/python3.11/dist-packages/alpaca/common/rest.py", line 198, in _one_request
    response.raise_for_status()
  File "/usr/local/lib/python3.11/dist-packages/requests
[2026-04-30 01:07:02 UTC] -- QQQ
[2026-04-30 01:07:03 UTC]   bars=62  signal=SELL  price=$661.59  SMA=$629.54  lower=$574.42  upper=$684.67
[2026-04-30 01:07:03 UTC]   SKIP SELL: no position.
[2026-04-30 01:07:03 UTC] === Scan cycle complete ===

[2026-04-30 01:11:48 UTC] === Mean-Reversion scan cycle start ===
[2026-04-30 01:11:49 UTC] Equity: $100,004.13  |  Buying power: $198,599.90
[2026-04-30 01:11:50 UTC] Open positions: {'AAPL': 1.0, 'MSFT': 1.0, 'SPY': 1.0}
[2026-04-30 01:11:50 UTC] Watchlist (10): ['AAPL', 'MSFT', 'NVDA', 'AMD', 'TSLA', 'META', 'GOOGL', 'AMZN', 'SPY', 'QQQ']
[2026-04-30 01:11:50 UTC] -- AAPL
[2026-04-30 01:11:50 UTC]   bars=62  signal=SELL  price=$270.15  SMA=$264.34  lower=$251.50  upper=$277.17
[2026-04-30 01:11:50 UTC]   → SELLING 1 shares @ ~$270.15
[2026-04-30 01:11:53 UTC]   ORDER SELL 1x AAPL: 📋 Order Summary:
   SELL 1 AAPL @ MARKET (~$254.12)
   Estimated total: $254.12
Traceback (most recent call last):
  File "/usr/local/lib/python3.11/dist-packages/alpaca/common/rest.py", line 198, in _one_request
    response.raise_for_status()
  File "/usr/local/lib/python3.11/dist-packages/request
[2026-04-30 01:11:53 UTC] -- MSFT
[2026-04-30 01:11:54 UTC]   bars=62  signal=SELL  price=$424.80  SMA=$401.61  lower=$353.43  upper=$449.79
[2026-04-30 01:11:54 UTC]   → SELLING 1 shares @ ~$424.80
[2026-04-30 01:11:56 UTC]   ORDER SELL 1x MSFT: 📋 Order Summary:
   SELL 1 MSFT @ MARKET (~$400.00)
   Estimated total: $400.00
Traceback (most recent call last):
  File "/usr/local/lib/python3.11/dist-packages/alpaca/common/rest.py", line 198, in _one_request
    response.raise_for_status()
  File "/usr/local/lib/python3.11/dist-packages/request
[2026-04-30 01:11:56 UTC] -- NVDA
[2026-04-30 01:11:57 UTC]   bars=62  signal=SELL  price=$209.35  SMA=$194.96  lower=$170.35  upper=$219.57
[2026-04-30 01:11:57 UTC]   SKIP SELL: no position.
[2026-04-30 01:11:57 UTC] -- AMD
[2026-04-30 01:11:57 UTC]   bars=62  signal=SELL  price=$337.10  SMA=$270.52  lower=$186.26  upper=$354.78
[2026-04-30 01:11:57 UTC]   SKIP SELL: no position.
[2026-04-30 01:11:57 UTC] -- TSLA
[2026-04-30 01:11:58 UTC]   bars=62  signal=SELL  price=$372.80  SMA=$371.03  lower=$335.99  upper=$406.06
[2026-04-30 01:11:58 UTC]   SKIP SELL: no position.
[2026-04-30 01:11:58 UTC] -- META
[2026-04-30 01:11:59 UTC]   bars=62  signal=SELL  price=$669.47  SMA=$643.72  lower=$565.53  upper=$721.91
[2026-04-30 01:11:59 UTC]   SKIP SELL: no position.
[2026-04-30 01:11:59 UTC] -- GOOGL
[2026-04-30 01:11:59 UTC]   bars=62  signal=SELL  price=$350.27  SMA=$328.17  lower=$293.31  upper=$363.03
[2026-04-30 01:11:59 UTC]   SKIP SELL: no position.
[2026-04-30 01:11:59 UTC] -- AMZN
[2026-04-30 01:12:00 UTC]   bars=62  signal=SELL  price=$263.22  SMA=$241.72  lower=$205.72  upper=$277.72
[2026-04-30 01:12:00 UTC]   SKIP SELL: no position.
[2026-04-30 01:12:00 UTC] -- SPY
[2026-04-30 01:12:01 UTC]   bars=62  signal=SELL  price=$711.59  SMA=$692.03  lower=$650.15  upper=$733.92
[2026-04-30 01:12:01 UTC]   → SELLING 1 shares @ ~$711.59
[2026-04-30 01:12:03 UTC]   ORDER SELL 1x SPY: 📋 Order Summary:
   SELL 1 SPY @ MARKET (~$689.60)
   Estimated total: $689.60
Traceback (most recent call last):
  File "/usr/local/lib/python3.11/dist-packages/alpaca/common/rest.py", line 198, in _one_request
    response.raise_for_status()
  File "/usr/local/lib/python3.11/dist-packages/requests
[2026-04-30 01:12:03 UTC] -- QQQ
[2026-04-30 01:12:04 UTC]   bars=62  signal=SELL  price=$661.59  SMA=$629.54  lower=$574.42  upper=$684.67
[2026-04-30 01:12:04 UTC]   SKIP SELL: no position.
[2026-04-30 01:12:04 UTC] === Scan cycle complete ===

[2026-04-30 01:16:44 UTC] === Mean-Reversion scan cycle start ===
[2026-04-30 01:16:45 UTC] Equity: $100,004.62  |  Buying power: $198,600.39
[2026-04-30 01:16:45 UTC] Open positions: {'AAPL': 1.0, 'MSFT': 1.0, 'SPY': 1.0}
[2026-04-30 01:16:46 UTC] Watchlist (10): ['AAPL', 'MSFT', 'NVDA', 'AMD', 'TSLA', 'META', 'GOOGL', 'AMZN', 'SPY', 'QQQ']
[2026-04-30 01:16:46 UTC] -- AAPL
[2026-04-30 01:16:46 UTC]   bars=62  signal=SELL  price=$270.15  SMA=$264.34  lower=$251.50  upper=$277.17
[2026-04-30 01:16:46 UTC]   → SELLING 1 shares @ ~$270.15
[2026-04-30 01:16:49 UTC]   ORDER SELL 1x AAPL: 📋 Order Summary:
   SELL 1 AAPL @ MARKET (~$254.12)
   Estimated total: $254.12
Traceback (most recent call last):
  File "/usr/local/lib/python3.11/dist-packages/alpaca/common/rest.py", line 198, in _one_request
    response.raise_for_status()
  File "/usr/local/lib/python3.11/dist-packages/request
[2026-04-30 01:16:49 UTC] -- MSFT
[2026-04-30 01:16:49 UTC]   bars=62  signal=SELL  price=$424.80  SMA=$401.61  lower=$353.43  upper=$449.79
[2026-04-30 01:16:49 UTC]   → SELLING 1 shares @ ~$424.80
[2026-04-30 01:16:52 UTC]   ORDER SELL 1x MSFT: 📋 Order Summary:
   SELL 1 MSFT @ MARKET (~$400.00)
   Estimated total: $400.00
Traceback (most recent call last):
  File "/usr/local/lib/python3.11/dist-packages/alpaca/common/rest.py", line 198, in _one_request
    response.raise_for_status()
  File "/usr/local/lib/python3.11/dist-packages/request
[2026-04-30 01:16:52 UTC] -- NVDA
[2026-04-30 01:16:52 UTC]   bars=62  signal=SELL  price=$209.35  SMA=$194.96  lower=$170.35  upper=$219.57
[2026-04-30 01:16:52 UTC]   SKIP SELL: no position.
[2026-04-30 01:16:52 UTC] -- AMD
[2026-04-30 01:16:53 UTC]   bars=62  signal=SELL  price=$337.10  SMA=$270.52  lower=$186.26  upper=$354.78
[2026-04-30 01:16:53 UTC]   SKIP SELL: no position.
[2026-04-30 01:16:53 UTC] -- TSLA
[2026-04-30 01:16:54 UTC]   bars=62  signal=SELL  price=$372.80  SMA=$371.03  lower=$335.99  upper=$406.06
[2026-04-30 01:16:54 UTC]   SKIP SELL: no position.
[2026-04-30 01:16:54 UTC] -- META
[2026-04-30 01:16:54 UTC]   bars=62  signal=SELL  price=$669.47  SMA=$643.72  lower=$565.53  upper=$721.91
[2026-04-30 01:16:54 UTC]   SKIP SELL: no position.
[2026-04-30 01:16:54 UTC] -- GOOGL
[2026-04-30 01:16:55 UTC]   bars=62  signal=SELL  price=$350.27  SMA=$328.17  lower=$293.31  upper=$363.03
[2026-04-30 01:16:55 UTC]   SKIP SELL: no position.
[2026-04-30 01:16:55 UTC] -- AMZN
[2026-04-30 01:16:56 UTC]   bars=62  signal=SELL  price=$263.22  SMA=$241.72  lower=$205.72  upper=$277.72
[2026-04-30 01:16:56 UTC]   SKIP SELL: no position.
[2026-04-30 01:16:56 UTC] -- SPY
[2026-04-30 01:16:56 UTC]   bars=62  signal=SELL  price=$711.59  SMA=$692.03  lower=$650.15  upper=$733.92
[2026-04-30 01:16:56 UTC]   → SELLING 1 shares @ ~$711.59
[2026-04-30 01:16:59 UTC]   ORDER SELL 1x SPY: 📋 Order Summary:
   SELL 1 SPY @ MARKET (~$689.60)
   Estimated total: $689.60
Traceback (most recent call last):
  File "/usr/local/lib/python3.11/dist-packages/alpaca/common/rest.py", line 198, in _one_request
    response.raise_for_status()
  File "/usr/local/lib/python3.11/dist-packages/requests
[2026-04-30 01:16:59 UTC] -- QQQ
[2026-04-30 01:16:59 UTC]   bars=62  signal=SELL  price=$661.59  SMA=$629.54  lower=$574.42  upper=$684.67
[2026-04-30 01:16:59 UTC]   SKIP SELL: no position.
[2026-04-30 01:16:59 UTC] === Scan cycle complete ===

[2026-04-30 01:21:46 UTC] === Mean-Reversion scan cycle start ===
[2026-04-30 01:21:47 UTC] Equity: $100,004.51  |  Buying power: $198,600.28
[2026-04-30 01:21:47 UTC] Open positions: {'AAPL': 1.0, 'MSFT': 1.0, 'SPY': 1.0}
[2026-04-30 01:21:47 UTC] Watchlist (10): ['AAPL', 'MSFT', 'NVDA', 'AMD', 'TSLA', 'META', 'GOOGL', 'AMZN', 'SPY', 'QQQ']
[2026-04-30 01:21:47 UTC] -- AAPL
[2026-04-30 01:21:48 UTC]   bars=62  signal=SELL  price=$270.15  SMA=$264.34  lower=$251.50  upper=$277.17
[2026-04-30 01:21:48 UTC]   → SELLING 1 shares @ ~$270.15
[2026-04-30 01:21:51 UTC]   ORDER SELL 1x AAPL: 📋 Order Summary:
   SELL 1 AAPL @ MARKET (~$254.12)
   Estimated total: $254.12
Traceback (most recent call last):
  File "/usr/local/lib/python3.11/dist-packages/alpaca/common/rest.py", line 198, in _one_request
    response.raise_for_status()
  File "/usr/local/lib/python3.11/dist-packages/request
[2026-04-30 01:21:51 UTC] -- MSFT
[2026-04-30 01:21:52 UTC]   bars=62  signal=SELL  price=$424.80  SMA=$401.61  lower=$353.43  upper=$449.79
[2026-04-30 01:21:52 UTC]   → SELLING 1 shares @ ~$424.80
[2026-04-30 01:21:55 UTC]   ORDER SELL 1x MSFT: 📋 Order Summary:
   SELL 1 MSFT @ MARKET (~$400.00)
   Estimated total: $400.00
Traceback (most recent call last):
  File "/usr/local/lib/python3.11/dist-packages/alpaca/common/rest.py", line 198, in _one_request
    response.raise_for_status()
  File "/usr/local/lib/python3.11/dist-packages/request
[2026-04-30 01:21:55 UTC] -- NVDA
[2026-04-30 01:21:55 UTC]   bars=62  signal=SELL  price=$209.35  SMA=$194.96  lower=$170.35  upper=$219.57
[2026-04-30 01:21:55 UTC]   SKIP SELL: no position.
[2026-04-30 01:21:55 UTC] -- AMD
[2026-04-30 01:21:57 UTC]   bars=62  signal=SELL  price=$337.10  SMA=$270.52  lower=$186.26  upper=$354.78
[2026-04-30 01:21:57 UTC]   SKIP SELL: no position.
[2026-04-30 01:21:57 UTC] -- TSLA
[2026-04-30 01:21:58 UTC]   bars=62  signal=SELL  price=$372.80  SMA=$371.03  lower=$335.99  upper=$406.06
[2026-04-30 01:21:58 UTC]   SKIP SELL: no position.
[2026-04-30 01:21:58 UTC] -- META
[2026-04-30 01:21:58 UTC]   bars=62  signal=SELL  price=$669.47  SMA=$643.72  lower=$565.53  upper=$721.91
[2026-04-30 01:21:58 UTC]   SKIP SELL: no position.
[2026-04-30 01:21:58 UTC] -- GOOGL
[2026-04-30 01:21:59 UTC]   bars=62  signal=SELL  price=$350.27  SMA=$328.17  lower=$293.31  upper=$363.03
[2026-04-30 01:21:59 UTC]   SKIP SELL: no position.
[2026-04-30 01:21:59 UTC] -- AMZN
[2026-04-30 01:22:00 UTC]   bars=62  signal=SELL  price=$263.22  SMA=$241.72  lower=$205.72  upper=$277.72
[2026-04-30 01:22:00 UTC]   SKIP SELL: no position.
[2026-04-30 01:22:00 UTC] -- SPY
[2026-04-30 01:22:01 UTC]   bars=62  signal=SELL  price=$711.59  SMA=$692.03  lower=$650.15  upper=$733.92
[2026-04-30 01:22:01 UTC]   → SELLING 1 shares @ ~$711.59
[2026-04-30 01:22:03 UTC]   ORDER SELL 1x SPY: 📋 Order Summary:
   SELL 1 SPY @ MARKET (~$689.60)
   Estimated total: $689.60
Traceback (most recent call last):
  File "/usr/local/lib/python3.11/dist-packages/alpaca/common/rest.py", line 198, in _one_request
    response.raise_for_status()
  File "/usr/local/lib/python3.11/dist-packages/requests
[2026-04-30 01:22:03 UTC] -- QQQ
[2026-04-30 01:26:47 UTC] === Mean-Reversion scan cycle start ===
[2026-04-30 01:26:48 UTC] Equity: $100,004.05  |  Buying power: $198,599.82
[2026-04-30 01:26:49 UTC] Open positions: {'AAPL': 1.0, 'MSFT': 1.0, 'SPY': 1.0}
[2026-04-30 01:26:49 UTC] Watchlist (10): ['AAPL', 'MSFT', 'NVDA', 'AMD', 'TSLA', 'META', 'GOOGL', 'AMZN', 'SPY', 'QQQ']
[2026-04-30 01:26:49 UTC] -- AAPL
[2026-04-30 01:26:49 UTC]   bars=62  signal=SELL  price=$270.15  SMA=$264.34  lower=$251.50  upper=$277.17
[2026-04-30 01:26:49 UTC]   → SELLING 1 shares @ ~$270.15
[2026-04-30 01:26:52 UTC]   ORDER SELL 1x AAPL: 📋 Order Summary:
   SELL 1 AAPL @ MARKET (~$254.12)
   Estimated total: $254.12
Traceback (most recent call last):
  File "/usr/local/lib/python3.11/dist-packages/alpaca/common/rest.py", line 198, in _one_request
    response.raise_for_status()
  File "/usr/local/lib/python3.11/dist-packages/request
[2026-04-30 01:26:52 UTC] -- MSFT
[2026-04-30 01:26:53 UTC]   bars=62  signal=SELL  price=$424.80  SMA=$401.61  lower=$353.43  upper=$449.79
[2026-04-30 01:26:53 UTC]   → SELLING 1 shares @ ~$424.80
[2026-04-30 01:26:55 UTC]   ORDER SELL 1x MSFT: 📋 Order Summary:
   SELL 1 MSFT @ MARKET (~$400.00)
   Estimated total: $400.00
Traceback (most recent call last):
  File "/usr/local/lib/python3.11/dist-packages/alpaca/common/rest.py", line 198, in _one_request
    response.raise_for_status()
  File "/usr/local/lib/python3.11/dist-packages/request
[2026-04-30 01:26:55 UTC] -- NVDA
[2026-04-30 01:26:56 UTC]   bars=62  signal=SELL  price=$209.35  SMA=$194.96  lower=$170.35  upper=$219.57
[2026-04-30 01:26:56 UTC]   SKIP SELL: no position.
[2026-04-30 01:26:56 UTC] -- AMD
[2026-04-30 01:26:57 UTC]   bars=62  signal=SELL  price=$337.10  SMA=$270.52  lower=$186.26  upper=$354.78
[2026-04-30 01:26:57 UTC]   SKIP SELL: no position.
[2026-04-30 01:26:57 UTC] -- TSLA
[2026-04-30 01:26:57 UTC]   bars=62  signal=SELL  price=$372.80  SMA=$371.03  lower=$335.99  upper=$406.06
[2026-04-30 01:26:57 UTC]   SKIP SELL: no position.
[2026-04-30 01:26:57 UTC] -- META
[2026-04-30 01:26:58 UTC]   bars=62  signal=SELL  price=$669.47  SMA=$643.72  lower=$565.53  upper=$721.91
[2026-04-30 01:26:58 UTC]   SKIP SELL: no position.
[2026-04-30 01:26:58 UTC] -- GOOGL
[2026-04-30 01:26:59 UTC]   bars=62  signal=SELL  price=$350.27  SMA=$328.17  lower=$293.31  upper=$363.03
[2026-04-30 01:26:59 UTC]   SKIP SELL: no position.
[2026-04-30 01:26:59 UTC] -- AMZN
[2026-04-30 01:26:59 UTC]   bars=62  signal=SELL  price=$263.22  SMA=$241.72  lower=$205.72  upper=$277.72
[2026-04-30 01:26:59 UTC]   SKIP SELL: no position.
[2026-04-30 01:26:59 UTC] -- SPY
[2026-04-30 01:27:00 UTC]   bars=62  signal=SELL  price=$711.59  SMA=$692.03  lower=$650.15  upper=$733.92
[2026-04-30 01:27:00 UTC]   → SELLING 1 shares @ ~$711.59
[2026-04-30 01:27:03 UTC]   ORDER SELL 1x SPY: 📋 Order Summary:
   SELL 1 SPY @ MARKET (~$689.60)
   Estimated total: $689.60
Traceback (most recent call last):
  File "/usr/local/lib/python3.11/dist-packages/alpaca/common/rest.py", line 198, in _one_request
    response.raise_for_status()
  File "/usr/local/lib/python3.11/dist-packages/requests
[2026-04-30 01:27:03 UTC] -- QQQ
[2026-04-30 01:27:03 UTC]   bars=62  signal=SELL  price=$661.59  SMA=$629.54  lower=$574.42  upper=$684.67
[2026-04-30 01:27:03 UTC]   SKIP SELL: no position.
[2026-04-30 01:27:03 UTC] === Scan cycle complete ===

[2026-04-30 01:31:50 UTC] === Mean-Reversion scan cycle start ===
[2026-04-30 01:31:51 UTC] Equity: $100,004.08  |  Buying power: $198,599.85
[2026-04-30 01:31:52 UTC] Open positions: {'AAPL': 1.0, 'MSFT': 1.0, 'SPY': 1.0}
[2026-04-30 01:31:52 UTC] Watchlist (10): ['AAPL', 'MSFT', 'NVDA', 'AMD', 'TSLA', 'META', 'GOOGL', 'AMZN', 'SPY', 'QQQ']
[2026-04-30 01:31:52 UTC] -- AAPL
[2026-04-30 01:31:52 UTC]   bars=62  signal=SELL  price=$270.15  SMA=$264.34  lower=$251.50  upper=$277.17
[2026-04-30 01:31:52 UTC]   → SELLING 1 shares @ ~$270.15
[2026-04-30 01:31:56 UTC]   ORDER SELL 1x AAPL: 📋 Order Summary:
   SELL 1 AAPL @ MARKET (~$254.12)
   Estimated total: $254.12
Traceback (most recent call last):
  File "/usr/local/lib/python3.11/dist-packages/alpaca/common/rest.py", line 198, in _one_request
    response.raise_for_status()
  File "/usr/local/lib/python3.11/dist-packages/request
[2026-04-30 01:31:56 UTC] -- MSFT
[2026-04-30 01:31:56 UTC]   bars=62  signal=SELL  price=$424.80  SMA=$401.61  lower=$353.43  upper=$449.79
[2026-04-30 01:31:56 UTC]   → SELLING 1 shares @ ~$424.80
[2026-04-30 01:31:59 UTC]   ORDER SELL 1x MSFT: 📋 Order Summary:
   SELL 1 MSFT @ MARKET (~$400.00)
   Estimated total: $400.00
Traceback (most recent call last):
  File "/usr/local/lib/python3.11/dist-packages/alpaca/common/rest.py", line 198, in _one_request
    response.raise_for_status()
  File "/usr/local/lib/python3.11/dist-packages/request
[2026-04-30 01:31:59 UTC] -- NVDA
[2026-04-30 01:32:00 UTC]   bars=62  signal=SELL  price=$209.35  SMA=$194.96  lower=$170.35  upper=$219.57
[2026-04-30 01:32:00 UTC]   SKIP SELL: no position.
[2026-04-30 01:32:00 UTC] -- AMD
[2026-04-30 01:32:01 UTC]   bars=62  signal=SELL  price=$337.10  SMA=$270.52  lower=$186.26  upper=$354.78
[2026-04-30 01:32:01 UTC]   SKIP SELL: no position.
[2026-04-30 01:32:01 UTC] -- TSLA
[2026-04-30 01:32:01 UTC]   bars=62  signal=SELL  price=$372.80  SMA=$371.03  lower=$335.99  upper=$406.06
[2026-04-30 01:32:01 UTC]   SKIP SELL: no position.
[2026-04-30 01:32:01 UTC] -- META
[2026-04-30 01:32:02 UTC]   bars=62  signal=SELL  price=$669.47  SMA=$643.72  lower=$565.53  upper=$721.91
[2026-04-30 01:32:02 UTC]   SKIP SELL: no position.
[2026-04-30 01:32:02 UTC] -- GOOGL
[2026-04-30 01:32:03 UTC]   bars=62  signal=SELL  price=$350.27  SMA=$328.17  lower=$293.31  upper=$363.03
[2026-04-30 01:32:03 UTC]   SKIP SELL: no position.
[2026-04-30 01:32:03 UTC] -- AMZN
[2026-04-30 01:32:03 UTC]   bars=62  signal=SELL  price=$263.22  SMA=$241.72  lower=$205.72  upper=$277.72
[2026-04-30 01:32:03 UTC]   SKIP SELL: no position.
[2026-04-30 01:32:03 UTC] -- SPY
[2026-04-30 01:32:04 UTC]   bars=62  signal=SELL  price=$711.59  SMA=$692.03  lower=$650.15  upper=$733.92
[2026-04-30 01:32:04 UTC]   → SELLING 1 shares @ ~$711.59
[2026-04-30 01:32:06 UTC]   ORDER SELL 1x SPY: 📋 Order Summary:
   SELL 1 SPY @ MARKET (~$689.60)
   Estimated total: $689.60
Traceback (most recent call last):
  File "/usr/local/lib/python3.11/dist-packages/alpaca/common/rest.py", line 198, in _one_request
    response.raise_for_status()
  File "/usr/local/lib/python3.11/dist-packages/requests
[2026-04-30 01:32:06 UTC] -- QQQ
[2026-04-30 01:32:07 UTC]   bars=62  signal=SELL  price=$661.59  SMA=$629.54  lower=$574.42  upper=$684.67
[2026-04-30 01:32:07 UTC]   SKIP SELL: no position.
[2026-04-30 01:32:07 UTC] === Scan cycle complete ===

[2026-04-30 01:38:52 UTC] === Mean-Reversion scan cycle start ===
[2026-04-30 01:38:54 UTC] Equity: $100,003.64  |  Buying power: $198,599.41
[2026-04-30 01:38:54 UTC] Open positions: {'AAPL': 1.0, 'MSFT': 1.0, 'SPY': 1.0}
[2026-04-30 01:38:54 UTC] Watchlist (10): ['AAPL', 'MSFT', 'NVDA', 'AMD', 'TSLA', 'META', 'GOOGL', 'AMZN', 'SPY', 'QQQ']
[2026-04-30 01:38:54 UTC] -- AAPL
[2026-04-30 01:38:55 UTC]   bars=62  signal=SELL  price=$270.15  SMA=$264.34  lower=$251.50  upper=$277.17
[2026-04-30 01:38:55 UTC]   → SELLING 1 shares @ ~$270.15
[2026-04-30 01:38:57 UTC]   ORDER SELL 1x AAPL: 📋 Order Summary:
   SELL 1 AAPL @ MARKET (~$254.12)
   Estimated total: $254.12
Traceback (most recent call last):
  File "/usr/local/lib/python3.11/dist-packages/alpaca/common/rest.py", line 198, in _one_request
    response.raise_for_status()
  File "/usr/local/lib/python3.11/dist-packages/request
[2026-04-30 01:38:57 UTC] -- MSFT
[2026-04-30 01:38:58 UTC]   bars=62  signal=SELL  price=$424.80  SMA=$401.61  lower=$353.43  upper=$449.79
[2026-04-30 01:38:58 UTC]   → SELLING 1 shares @ ~$424.80
[2026-04-30 01:39:00 UTC]   ORDER SELL 1x MSFT: 📋 Order Summary:
   SELL 1 MSFT @ MARKET (~$400.00)
   Estimated total: $400.00
Traceback (most recent call last):
  File "/usr/local/lib/python3.11/dist-packages/alpaca/common/rest.py", line 198, in _one_request
    response.raise_for_status()
  File "/usr/local/lib/python3.11/dist-packages/request
[2026-04-30 01:39:00 UTC] -- NVDA
[2026-04-30 01:39:00 UTC]   bars=62  signal=SELL  price=$209.35  SMA=$194.96  lower=$170.35  upper=$219.57
[2026-04-30 01:39:00 UTC]   SKIP SELL: no position.
[2026-04-30 01:39:01 UTC] -- AMD
[2026-04-30 01:39:01 UTC]   bars=62  signal=SELL  price=$337.10  SMA=$270.52  lower=$186.26  upper=$354.78
[2026-04-30 01:39:01 UTC]   SKIP SELL: no position.
[2026-04-30 01:39:01 UTC] -- TSLA
[2026-04-30 01:39:02 UTC]   bars=62  signal=SELL  price=$372.80  SMA=$371.03  lower=$335.99  upper=$406.06
[2026-04-30 01:39:02 UTC]   SKIP SELL: no position.
[2026-04-30 01:39:02 UTC] -- META
[2026-04-30 01:39:02 UTC]   bars=62  signal=SELL  price=$669.47  SMA=$643.72  lower=$565.53  upper=$721.91
[2026-04-30 01:39:02 UTC]   SKIP SELL: no position.
[2026-04-30 01:39:02 UTC] -- GOOGL
[2026-04-30 01:39:03 UTC]   bars=62  signal=SELL  price=$350.27  SMA=$328.17  lower=$293.31  upper=$363.03
[2026-04-30 01:39:03 UTC]   SKIP SELL: no position.
[2026-04-30 01:39:03 UTC] -- AMZN
[2026-04-30 01:39:04 UTC]   bars=62  signal=SELL  price=$263.22  SMA=$241.72  lower=$205.72  upper=$277.72
[2026-04-30 01:39:04 UTC]   SKIP SELL: no position.
[2026-04-30 01:39:04 UTC] -- SPY
[2026-04-30 01:39:04 UTC]   bars=62  signal=SELL  price=$711.59  SMA=$692.03  lower=$650.15  upper=$733.92
[2026-04-30 01:39:04 UTC]   → SELLING 1 shares @ ~$711.59
[2026-04-30 01:39:08 UTC]   ORDER SELL 1x SPY: 📋 Order Summary:
   SELL 1 SPY @ MARKET (~$689.60)
   Estimated total: $689.60
Traceback (most recent call last):
  File "/usr/local/lib/python3.11/dist-packages/alpaca/common/rest.py", line 198, in _one_request
    response.raise_for_status()
  File "/usr/local/lib/python3.11/dist-packages/requests
[2026-04-30 01:39:08 UTC] -- QQQ
[2026-04-30 01:39:08 UTC]   bars=62  signal=SELL  price=$661.59  SMA=$629.54  lower=$574.42  upper=$684.67
[2026-04-30 01:39:08 UTC]   SKIP SELL: no position.
[2026-04-30 01:39:08 UTC] === Scan cycle complete ===

[2026-04-30 01:41:49 UTC] === Mean-Reversion scan cycle start ===
[2026-04-30 01:41:50 UTC] Equity: $100,003.34  |  Buying power: $198,599.11
[2026-04-30 01:41:50 UTC] Open positions: {'AAPL': 1.0, 'MSFT': 1.0, 'SPY': 1.0}
[2026-04-30 01:41:50 UTC] Watchlist (10): ['AAPL', 'MSFT', 'NVDA', 'AMD', 'TSLA', 'META', 'GOOGL', 'AMZN', 'SPY', 'QQQ']
[2026-04-30 01:41:50 UTC] -- AAPL
[2026-04-30 01:41:51 UTC]   bars=62  signal=SELL  price=$270.15  SMA=$264.34  lower=$251.50  upper=$277.17
[2026-04-30 01:41:51 UTC]   → SELLING 1 shares @ ~$270.15
[2026-04-30 01:41:54 UTC]   ORDER SELL 1x AAPL: 📋 Order Summary:
   SELL 1 AAPL @ MARKET (~$254.12)
   Estimated total: $254.12
Traceback (most recent call last):
  File "/usr/local/lib/python3.11/dist-packages/alpaca/common/rest.py", line 198, in _one_request
    response.raise_for_status()
  File "/usr/local/lib/python3.11/dist-packages/request
[2026-04-30 01:41:54 UTC] -- MSFT
[2026-04-30 01:41:55 UTC]   bars=62  signal=SELL  price=$424.80  SMA=$401.61  lower=$353.43  upper=$449.79
[2026-04-30 01:41:55 UTC]   → SELLING 1 shares @ ~$424.80
[2026-04-30 01:41:57 UTC]   ORDER SELL 1x MSFT: 📋 Order Summary:
   SELL 1 MSFT @ MARKET (~$400.00)
   Estimated total: $400.00
Traceback (most recent call last):
  File "/usr/local/lib/python3.11/dist-packages/alpaca/common/rest.py", line 198, in _one_request
    response.raise_for_status()
  File "/usr/local/lib/python3.11/dist-packages/request
[2026-04-30 01:41:57 UTC] -- NVDA
[2026-04-30 01:41:58 UTC]   bars=62  signal=SELL  price=$209.35  SMA=$194.96  lower=$170.35  upper=$219.57
[2026-04-30 01:41:58 UTC]   SKIP SELL: no position.
[2026-04-30 01:41:58 UTC] -- AMD
[2026-04-30 01:41:59 UTC]   bars=62  signal=SELL  price=$337.10  SMA=$270.52  lower=$186.26  upper=$354.78
[2026-04-30 01:41:59 UTC]   SKIP SELL: no position.
[2026-04-30 01:41:59 UTC] -- TSLA
[2026-04-30 01:41:59 UTC]   bars=62  signal=SELL  price=$372.80  SMA=$371.03  lower=$335.99  upper=$406.06
[2026-04-30 01:41:59 UTC]   SKIP SELL: no position.
[2026-04-30 01:41:59 UTC] -- META
[2026-04-30 01:42:00 UTC]   bars=62  signal=SELL  price=$669.47  SMA=$643.72  lower=$565.53  upper=$721.91
[2026-04-30 01:42:00 UTC]   SKIP SELL: no position.
[2026-04-30 01:42:00 UTC] -- GOOGL
[2026-04-30 01:42:01 UTC]   bars=62  signal=SELL  price=$350.27  SMA=$328.17  lower=$293.31  upper=$363.03
[2026-04-30 01:42:01 UTC]   SKIP SELL: no position.
[2026-04-30 01:42:01 UTC] -- AMZN
[2026-04-30 01:42:01 UTC]   bars=62  signal=SELL  price=$263.22  SMA=$241.72  lower=$205.72  upper=$277.72
[2026-04-30 01:42:01 UTC]   SKIP SELL: no position.
[2026-04-30 01:42:01 UTC] -- SPY
[2026-04-30 01:42:02 UTC]   bars=62  signal=SELL  price=$711.59  SMA=$692.03  lower=$650.15  upper=$733.92
[2026-04-30 01:42:02 UTC]   → SELLING 1 shares @ ~$711.59
[2026-04-30 01:42:05 UTC]   ORDER SELL 1x SPY: 📋 Order Summary:
   SELL 1 SPY @ MARKET (~$689.60)
   Estimated total: $689.60
Traceback (most recent call last):
  File "/usr/local/lib/python3.11/dist-packages/alpaca/common/rest.py", line 198, in _one_request
    response.raise_for_status()
  File "/usr/local/lib/python3.11/dist-packages/requests
[2026-04-30 01:42:05 UTC] -- QQQ
[2026-04-30 01:42:05 UTC]   bars=62  signal=SELL  price=$661.59  SMA=$629.54  lower=$574.42  upper=$684.67
[2026-04-30 01:42:05 UTC]   SKIP SELL: no position.
[2026-04-30 01:42:05 UTC] === Scan cycle complete ===

[2026-04-30 01:46:47 UTC] === Mean-Reversion scan cycle start ===
[2026-04-30 01:46:49 UTC] Equity: $100,002.76  |  Buying power: $198,598.53
[2026-04-30 01:46:49 UTC] Open positions: {'AAPL': 1.0, 'MSFT': 1.0, 'SPY': 1.0}
[2026-04-30 01:46:49 UTC] Watchlist (10): ['AAPL', 'MSFT', 'NVDA', 'AMD', 'TSLA', 'META', 'GOOGL', 'AMZN', 'SPY', 'QQQ']
[2026-04-30 01:46:49 UTC] -- AAPL
[2026-04-30 01:46:50 UTC]   bars=62  signal=SELL  price=$270.15  SMA=$264.34  lower=$251.50  upper=$277.17
[2026-04-30 01:46:50 UTC]   → SELLING 1 shares @ ~$270.15
[2026-04-30 01:46:52 UTC]   ORDER SELL 1x AAPL: 📋 Order Summary:
   SELL 1 AAPL @ MARKET (~$254.12)
   Estimated total: $254.12
Traceback (most recent call last):
  File "/usr/local/lib/python3.11/dist-packages/alpaca/common/rest.py", line 198, in _one_request
    response.raise_for_status()
  File "/usr/local/lib/python3.11/dist-packages/request
[2026-04-30 01:46:52 UTC] -- MSFT
[2026-04-30 01:46:52 UTC]   bars=62  signal=SELL  price=$424.80  SMA=$401.61  lower=$353.43  upper=$449.79
[2026-04-30 01:46:52 UTC]   → SELLING 1 shares @ ~$424.80
[2026-04-30 01:46:55 UTC]   ORDER SELL 1x MSFT: 📋 Order Summary:
   SELL 1 MSFT @ MARKET (~$400.00)
   Estimated total: $400.00
Traceback (most recent call last):
  File "/usr/local/lib/python3.11/dist-packages/alpaca/common/rest.py", line 198, in _one_request
    response.raise_for_status()
  File "/usr/local/lib/python3.11/dist-packages/request
[2026-04-30 01:46:55 UTC] -- NVDA
[2026-04-30 01:46:55 UTC]   bars=62  signal=SELL  price=$209.35  SMA=$194.96  lower=$170.35  upper=$219.57
[2026-04-30 01:46:55 UTC]   SKIP SELL: no position.
[2026-04-30 01:46:55 UTC] -- AMD
[2026-04-30 01:46:56 UTC]   bars=62  signal=SELL  price=$337.10  SMA=$270.52  lower=$186.26  upper=$354.78
[2026-04-30 01:46:56 UTC]   SKIP SELL: no position.
[2026-04-30 01:46:56 UTC] -- TSLA
[2026-04-30 01:46:57 UTC]   bars=62  signal=SELL  price=$372.80  SMA=$371.03  lower=$335.99  upper=$406.06
[2026-04-30 01:46:57 UTC]   SKIP SELL: no position.
[2026-04-30 01:46:57 UTC] -- META
[2026-04-30 01:46:58 UTC]   bars=62  signal=SELL  price=$669.47  SMA=$643.72  lower=$565.53  upper=$721.91
[2026-04-30 01:46:58 UTC]   SKIP SELL: no position.
[2026-04-30 01:46:58 UTC] -- GOOGL
[2026-04-30 01:46:58 UTC]   bars=62  signal=SELL  price=$350.27  SMA=$328.17  lower=$293.31  upper=$363.03
[2026-04-30 01:46:58 UTC]   SKIP SELL: no position.
[2026-04-30 01:46:58 UTC] -- AMZN
[2026-04-30 01:46:59 UTC]   bars=62  signal=SELL  price=$263.22  SMA=$241.72  lower=$205.72  upper=$277.72
[2026-04-30 01:46:59 UTC]   SKIP SELL: no position.
[2026-04-30 01:46:59 UTC] -- SPY
[2026-04-30 01:47:00 UTC]   bars=62  signal=SELL  price=$711.59  SMA=$692.03  lower=$650.15  upper=$733.92
[2026-04-30 01:47:00 UTC]   → SELLING 1 shares @ ~$711.59
[2026-04-30 01:47:02 UTC]   ORDER SELL 1x SPY: 📋 Order Summary:
   SELL 1 SPY @ MARKET (~$689.60)
   Estimated total: $689.60
Traceback (most recent call last):
  File "/usr/local/lib/python3.11/dist-packages/alpaca/common/rest.py", line 198, in _one_request
    response.raise_for_status()
  File "/usr/local/lib/python3.11/dist-packages/requests
[2026-04-30 01:47:02 UTC] -- QQQ
[2026-04-30 01:47:03 UTC]   bars=62  signal=SELL  price=$661.59  SMA=$629.54  lower=$574.42  upper=$684.67
[2026-04-30 01:47:03 UTC]   SKIP SELL: no position.
[2026-04-30 01:47:03 UTC] === Scan cycle complete ===

[2026-04-30 01:51:48 UTC] === Mean-Reversion scan cycle start ===
[2026-04-30 01:51:49 UTC] Equity: $100,003.25  |  Buying power: $198,599.02
[2026-04-30 01:51:49 UTC] Open positions: {'AAPL': 1.0, 'MSFT': 1.0, 'SPY': 1.0}
[2026-04-30 01:51:49 UTC] Watchlist (10): ['AAPL', 'MSFT', 'NVDA', 'AMD', 'TSLA', 'META', 'GOOGL', 'AMZN', 'SPY', 'QQQ']
[2026-04-30 01:51:50 UTC] -- AAPL
[2026-04-30 01:51:50 UTC]   bars=62  signal=SELL  price=$270.15  SMA=$264.34  lower=$251.50  upper=$277.17
[2026-04-30 01:51:50 UTC]   → SELLING 1 shares @ ~$270.15
[2026-04-30 01:51:53 UTC]   ORDER SELL 1x AAPL: 📋 Order Summary:
   SELL 1 AAPL @ MARKET (~$254.12)
   Estimated total: $254.12
Traceback (most recent call last):
  File "/usr/local/lib/python3.11/dist-packages/alpaca/common/rest.py", line 198, in _one_request
    response.raise_for_status()
  File "/usr/local/lib/python3.11/dist-packages/request
[2026-04-30 01:51:53 UTC] -- MSFT
[2026-04-30 01:51:54 UTC]   bars=62  signal=SELL  price=$424.80  SMA=$401.61  lower=$353.43  upper=$449.79
[2026-04-30 01:51:54 UTC]   → SELLING 1 shares @ ~$424.80
[2026-04-30 01:51:56 UTC]   ORDER SELL 1x MSFT: 📋 Order Summary:
   SELL 1 MSFT @ MARKET (~$400.00)
   Estimated total: $400.00
Traceback (most recent call last):
  File "/usr/local/lib/python3.11/dist-packages/alpaca/common/rest.py", line 198, in _one_request
    response.raise_for_status()
  File "/usr/local/lib/python3.11/dist-packages/request
[2026-04-30 01:51:56 UTC] -- NVDA
[2026-04-30 01:51:57 UTC]   bars=62  signal=SELL  price=$209.35  SMA=$194.96  lower=$170.35  upper=$219.57
[2026-04-30 01:51:57 UTC]   SKIP SELL: no position.
[2026-04-30 01:51:57 UTC] -- AMD
[2026-04-30 01:51:57 UTC]   bars=62  signal=SELL  price=$337.10  SMA=$270.52  lower=$186.26  upper=$354.78
[2026-04-30 01:51:57 UTC]   SKIP SELL: no position.
[2026-04-30 01:51:57 UTC] -- TSLA
[2026-04-30 01:51:58 UTC]   bars=62  signal=SELL  price=$372.80  SMA=$371.03  lower=$335.99  upper=$406.06
[2026-04-30 01:51:58 UTC]   SKIP SELL: no position.
[2026-04-30 01:51:58 UTC] -- META
[2026-04-30 01:51:59 UTC]   bars=62  signal=SELL  price=$669.47  SMA=$643.72  lower=$565.53  upper=$721.91
[2026-04-30 01:51:59 UTC]   SKIP SELL: no position.
[2026-04-30 01:51:59 UTC] -- GOOGL
[2026-04-30 01:51:59 UTC]   bars=62  signal=SELL  price=$350.27  SMA=$328.17  lower=$293.31  upper=$363.03
[2026-04-30 01:51:59 UTC]   SKIP SELL: no position.
[2026-04-30 01:52:00 UTC] -- AMZN
[2026-04-30 01:52:00 UTC]   bars=62  signal=SELL  price=$263.22  SMA=$241.72  lower=$205.72  upper=$277.72
[2026-04-30 01:52:00 UTC]   SKIP SELL: no position.
[2026-04-30 01:52:00 UTC] -- SPY
[2026-04-30 01:52:01 UTC]   bars=62  signal=SELL  price=$711.59  SMA=$692.03  lower=$650.15  upper=$733.92
[2026-04-30 01:52:01 UTC]   → SELLING 1 shares @ ~$711.59
[2026-04-30 01:52:03 UTC]   ORDER SELL 1x SPY: 📋 Order Summary:
   SELL 1 SPY @ MARKET (~$689.60)
   Estimated total: $689.60
Traceback (most recent call last):
  File "/usr/local/lib/python3.11/dist-packages/alpaca/common/rest.py", line 198, in _one_request
    response.raise_for_status()
  File "/usr/local/lib/python3.11/dist-packages/requests
[2026-04-30 01:52:03 UTC] -- QQQ
[2026-04-30 01:52:04 UTC]   bars=62  signal=SELL  price=$661.59  SMA=$629.54  lower=$574.42  upper=$684.67
[2026-04-30 01:52:04 UTC]   SKIP SELL: no position.
[2026-04-30 01:52:04 UTC] === Scan cycle complete ===

[2026-04-30 01:56:46 UTC] === Mean-Reversion scan cycle start ===
[2026-04-30 01:56:48 UTC] Equity: $100,003.87  |  Buying power: $198,599.64
[2026-04-30 01:56:48 UTC] Open positions: {'AAPL': 1.0, 'MSFT': 1.0, 'SPY': 1.0}
[2026-04-30 01:56:48 UTC] Watchlist (10): ['AAPL', 'MSFT', 'NVDA', 'AMD', 'TSLA', 'META', 'GOOGL', 'AMZN', 'SPY', 'QQQ']
[2026-04-30 01:56:48 UTC] -- AAPL
[2026-04-30 01:56:49 UTC]   bars=62  signal=SELL  price=$270.15  SMA=$264.34  lower=$251.50  upper=$277.17
[2026-04-30 01:56:49 UTC]   → SELLING 1 shares @ ~$270.15
[2026-04-30 01:56:52 UTC]   ORDER SELL 1x AAPL: 📋 Order Summary:
   SELL 1 AAPL @ MARKET (~$254.12)
   Estimated total: $254.12
Traceback (most recent call last):
  File "/usr/local/lib/python3.11/dist-packages/alpaca/common/rest.py", line 198, in _one_request
    response.raise_for_status()
  File "/usr/local/lib/python3.11/dist-packages/request
[2026-04-30 01:56:52 UTC] -- MSFT
[2026-04-30 01:56:53 UTC]   bars=62  signal=SELL  price=$424.80  SMA=$401.61  lower=$353.43  upper=$449.79
[2026-04-30 01:56:53 UTC]   → SELLING 1 shares @ ~$424.80
[2026-04-30 01:56:55 UTC]   ORDER SELL 1x MSFT: 📋 Order Summary:
   SELL 1 MSFT @ MARKET (~$400.00)
   Estimated total: $400.00
Traceback (most recent call last):
  File "/usr/local/lib/python3.11/dist-packages/alpaca/common/rest.py", line 198, in _one_request
    response.raise_for_status()
  File "/usr/local/lib/python3.11/dist-packages/request
[2026-04-30 01:56:55 UTC] -- NVDA
[2026-04-30 01:56:56 UTC]   bars=62  signal=SELL  price=$209.35  SMA=$194.96  lower=$170.35  upper=$219.57
[2026-04-30 01:56:56 UTC]   SKIP SELL: no position.
[2026-04-30 01:56:56 UTC] -- AMD
[2026-04-30 01:56:57 UTC]   bars=62  signal=SELL  price=$337.10  SMA=$270.52  lower=$186.26  upper=$354.78
[2026-04-30 01:56:57 UTC]   SKIP SELL: no position.
[2026-04-30 01:56:57 UTC] -- TSLA
[2026-04-30 01:56:57 UTC]   bars=62  signal=SELL  price=$372.80  SMA=$371.03  lower=$335.99  upper=$406.06
[2026-04-30 01:56:57 UTC]   SKIP SELL: no position.
[2026-04-30 01:56:58 UTC] -- META
[2026-04-30 01:56:58 UTC]   bars=62  signal=SELL  price=$669.47  SMA=$643.72  lower=$565.53  upper=$721.91
[2026-04-30 01:56:58 UTC]   SKIP SELL: no position.
[2026-04-30 01:56:58 UTC] -- GOOGL
[2026-04-30 01:56:59 UTC]   bars=62  signal=SELL  price=$350.27  SMA=$328.17  lower=$293.31  upper=$363.03
[2026-04-30 01:56:59 UTC]   SKIP SELL: no position.
[2026-04-30 01:56:59 UTC] -- AMZN
[2026-04-30 01:56:59 UTC]   bars=62  signal=SELL  price=$263.22  SMA=$241.72  lower=$205.72  upper=$277.72
[2026-04-30 01:56:59 UTC]   SKIP SELL: no position.
[2026-04-30 01:56:59 UTC] -- SPY
[2026-04-30 01:57:00 UTC]   bars=62  signal=SELL  price=$711.59  SMA=$692.03  lower=$650.15  upper=$733.92
[2026-04-30 01:57:00 UTC]   → SELLING 1 shares @ ~$711.59
[2026-04-30 01:57:03 UTC]   ORDER SELL 1x SPY: 📋 Order Summary:
   SELL 1 SPY @ MARKET (~$689.60)
   Estimated total: $689.60
Traceback (most recent call last):
  File "/usr/local/lib/python3.11/dist-packages/alpaca/common/rest.py", line 198, in _one_request
    response.raise_for_status()
  File "/usr/local/lib/python3.11/dist-packages/requests
[2026-04-30 01:57:03 UTC] -- QQQ
[2026-04-30 01:57:04 UTC]   bars=62  signal=SELL  price=$661.59  SMA=$629.54  lower=$574.42  upper=$684.67
[2026-04-30 01:57:04 UTC]   SKIP SELL: no position.
[2026-04-30 01:57:04 UTC] === Scan cycle complete ===

[2026-04-30 02:01:49 UTC] === Mean-Reversion scan cycle start ===
[2026-04-30 02:01:51 UTC] Equity: $100,004.53  |  Buying power: $198,600.30
[2026-04-30 02:01:51 UTC] Open positions: {'AAPL': 1.0, 'MSFT': 1.0, 'SPY': 1.0}
[2026-04-30 02:01:51 UTC] Watchlist (10): ['AAPL', 'MSFT', 'NVDA', 'AMD', 'TSLA', 'META', 'GOOGL', 'AMZN', 'SPY', 'QQQ']
[2026-04-30 02:01:51 UTC] -- AAPL
[2026-04-30 02:01:52 UTC]   bars=62  signal=SELL  price=$270.15  SMA=$264.34  lower=$251.50  upper=$277.17
[2026-04-30 02:01:52 UTC]   → SELLING 1 shares @ ~$270.15
[2026-04-30 02:01:54 UTC]   ORDER SELL 1x AAPL: 📋 Order Summary:
   SELL 1 AAPL @ MARKET (~$254.12)
   Estimated total: $254.12
Traceback (most recent call last):
  File "/usr/local/lib/python3.11/dist-packages/alpaca/common/rest.py", line 198, in _one_request
    response.raise_for_status()
  File "/usr/local/lib/python3.11/dist-packages/request
[2026-04-30 02:01:54 UTC] -- MSFT
[2026-04-30 02:01:55 UTC]   bars=62  signal=SELL  price=$424.80  SMA=$401.61  lower=$353.43  upper=$449.79
[2026-04-30 02:01:55 UTC]   → SELLING 1 shares @ ~$424.80
[2026-04-30 02:01:57 UTC]   ORDER SELL 1x MSFT: 📋 Order Summary:
   SELL 1 MSFT @ MARKET (~$400.00)
   Estimated total: $400.00
Traceback (most recent call last):
  File "/usr/local/lib/python3.11/dist-packages/alpaca/common/rest.py", line 198, in _one_request
    response.raise_for_status()
  File "/usr/local/lib/python3.11/dist-packages/request
[2026-04-30 02:01:57 UTC] -- NVDA
[2026-04-30 02:01:58 UTC]   bars=62  signal=SELL  price=$209.35  SMA=$194.96  lower=$170.35  upper=$219.57
[2026-04-30 02:01:58 UTC]   SKIP SELL: no position.
[2026-04-30 02:01:58 UTC] -- AMD
[2026-04-30 02:01:59 UTC]   bars=62  signal=SELL  price=$337.10  SMA=$270.52  lower=$186.26  upper=$354.78
[2026-04-30 02:01:59 UTC]   SKIP SELL: no position.
[2026-04-30 02:01:59 UTC] -- TSLA
[2026-04-30 02:01:59 UTC]   bars=62  signal=SELL  price=$372.80  SMA=$371.03  lower=$335.99  upper=$406.06
[2026-04-30 02:01:59 UTC]   SKIP SELL: no position.
[2026-04-30 02:01:59 UTC] -- META
[2026-04-30 02:02:00 UTC]   bars=62  signal=SELL  price=$669.47  SMA=$643.72  lower=$565.53  upper=$721.91
[2026-04-30 02:02:00 UTC]   SKIP SELL: no position.
[2026-04-30 02:02:00 UTC] -- GOOGL
[2026-04-30 02:02:00 UTC]   bars=62  signal=SELL  price=$350.27  SMA=$328.17  lower=$293.31  upper=$363.03
[2026-04-30 02:02:00 UTC]   SKIP SELL: no position.
[2026-04-30 02:02:00 UTC] -- AMZN
[2026-04-30 02:02:01 UTC]   bars=62  signal=SELL  price=$263.22  SMA=$241.72  lower=$205.72  upper=$277.72
[2026-04-30 02:02:01 UTC]   SKIP SELL: no position.
[2026-04-30 02:02:01 UTC] -- SPY
[2026-04-30 02:02:02 UTC]   bars=62  signal=SELL  price=$711.59  SMA=$692.03  lower=$650.15  upper=$733.92
[2026-04-30 02:02:02 UTC]   → SELLING 1 shares @ ~$711.59
[2026-04-30 02:02:04 UTC]   ORDER SELL 1x SPY: 📋 Order Summary:
   SELL 1 SPY @ MARKET (~$689.60)
   Estimated total: $689.60
Traceback (most recent call last):
  File "/usr/local/lib/python3.11/dist-packages/alpaca/common/rest.py", line 198, in _one_request
    response.raise_for_status()
  File "/usr/local/lib/python3.11/dist-packages/requests
[2026-04-30 02:02:04 UTC] -- QQQ
[2026-04-30 02:02:05 UTC]   bars=62  signal=SELL  price=$661.59  SMA=$629.54  lower=$574.42  upper=$684.67
[2026-04-30 02:02:05 UTC]   SKIP SELL: no position.
[2026-04-30 02:02:05 UTC] === Scan cycle complete ===

[2026-04-30 02:06:48 UTC] === Mean-Reversion scan cycle start ===
[2026-04-30 02:06:50 UTC] Equity: $100,003.94  |  Buying power: $198,599.71
[2026-04-30 02:06:50 UTC] Open positions: {'AAPL': 1.0, 'MSFT': 1.0, 'SPY': 1.0}
[2026-04-30 02:06:50 UTC] Watchlist (10): ['AAPL', 'MSFT', 'NVDA', 'AMD', 'TSLA', 'META', 'GOOGL', 'AMZN', 'SPY', 'QQQ']
[2026-04-30 02:06:50 UTC] -- AAPL
[2026-04-30 02:06:51 UTC]   bars=62  signal=SELL  price=$270.15  SMA=$264.34  lower=$251.50  upper=$277.17
[2026-04-30 02:06:51 UTC]   → SELLING 1 shares @ ~$270.15
[2026-04-30 02:06:53 UTC]   ORDER SELL 1x AAPL: 📋 Order Summary:
   SELL 1 AAPL @ MARKET (~$254.12)
   Estimated total: $254.12
Traceback (most recent call last):
  File "/usr/local/lib/python3.11/dist-packages/alpaca/common/rest.py", line 198, in _one_request
    response.raise_for_status()
  File "/usr/local/lib/python3.11/dist-packages/request
[2026-04-30 02:06:53 UTC] -- MSFT
[2026-04-30 02:06:54 UTC]   bars=62  signal=SELL  price=$424.80  SMA=$401.61  lower=$353.43  upper=$449.79
[2026-04-30 02:06:54 UTC]   → SELLING 1 shares @ ~$424.80
[2026-04-30 02:06:56 UTC]   ORDER SELL 1x MSFT: 📋 Order Summary:
   SELL 1 MSFT @ MARKET (~$400.00)
   Estimated total: $400.00
Traceback (most recent call last):
  File "/usr/local/lib/python3.11/dist-packages/alpaca/common/rest.py", line 198, in _one_request
    response.raise_for_status()
  File "/usr/local/lib/python3.11/dist-packages/request
[2026-04-30 02:06:56 UTC] -- NVDA
[2026-04-30 02:06:57 UTC]   bars=62  signal=SELL  price=$209.35  SMA=$194.96  lower=$170.35  upper=$219.57
[2026-04-30 02:06:57 UTC]   SKIP SELL: no position.
[2026-04-30 02:06:57 UTC] -- AMD
[2026-04-30 02:06:58 UTC]   bars=62  signal=SELL  price=$337.10  SMA=$270.52  lower=$186.26  upper=$354.78
[2026-04-30 02:06:58 UTC]   SKIP SELL: no position.
[2026-04-30 02:06:58 UTC] -- TSLA
[2026-04-30 02:06:58 UTC]   bars=62  signal=SELL  price=$372.80  SMA=$371.03  lower=$335.99  upper=$406.06
[2026-04-30 02:06:58 UTC]   SKIP SELL: no position.
[2026-04-30 02:06:58 UTC] -- META
[2026-04-30 02:06:59 UTC]   bars=62  signal=SELL  price=$669.47  SMA=$643.72  lower=$565.53  upper=$721.91
[2026-04-30 02:06:59 UTC]   SKIP SELL: no position.
[2026-04-30 02:06:59 UTC] -- GOOGL
[2026-04-30 02:07:00 UTC]   bars=62  signal=SELL  price=$350.27  SMA=$328.17  lower=$293.31  upper=$363.03
[2026-04-30 02:07:00 UTC]   SKIP SELL: no position.
[2026-04-30 02:07:00 UTC] -- AMZN
[2026-04-30 02:07:00 UTC]   bars=62  signal=SELL  price=$263.22  SMA=$241.72  lower=$205.72  upper=$277.72
[2026-04-30 02:07:00 UTC]   SKIP SELL: no position.
[2026-04-30 02:07:00 UTC] -- SPY
[2026-04-30 02:07:01 UTC]   bars=62  signal=SELL  price=$711.59  SMA=$692.03  lower=$650.15  upper=$733.92
[2026-04-30 02:07:01 UTC]   → SELLING 1 shares @ ~$711.59
[2026-04-30 02:07:03 UTC]   ORDER SELL 1x SPY: 📋 Order Summary:
   SELL 1 SPY @ MARKET (~$689.60)
   Estimated total: $689.60
Traceback (most recent call last):
  File "/usr/local/lib/python3.11/dist-packages/alpaca/common/rest.py", line 198, in _one_request
    response.raise_for_status()
  File "/usr/local/lib/python3.11/dist-packages/requests
[2026-04-30 02:07:03 UTC] -- QQQ
[2026-04-30 02:07:04 UTC]   bars=62  signal=SELL  price=$661.59  SMA=$629.54  lower=$574.42  upper=$684.67
[2026-04-30 02:07:04 UTC]   SKIP SELL: no position.
[2026-04-30 02:07:04 UTC] === Scan cycle complete ===

[2026-04-30 02:11:47 UTC] === Mean-Reversion scan cycle start ===
[2026-04-30 02:11:49 UTC] Equity: $100,004.73  |  Buying power: $198,600.50
[2026-04-30 02:11:49 UTC] Open positions: {'AAPL': 1.0, 'MSFT': 1.0, 'SPY': 1.0}
[2026-04-30 02:11:49 UTC] Watchlist (10): ['AAPL', 'MSFT', 'NVDA', 'AMD', 'TSLA', 'META', 'GOOGL', 'AMZN', 'SPY', 'QQQ']
[2026-04-30 02:11:49 UTC] -- AAPL
[2026-04-30 02:11:50 UTC]   bars=62  signal=SELL  price=$270.15  SMA=$264.34  lower=$251.50  upper=$277.17
[2026-04-30 02:11:50 UTC]   → SELLING 1 shares @ ~$270.15
[2026-04-30 02:11:53 UTC]   ORDER SELL 1x AAPL: 📋 Order Summary:
   SELL 1 AAPL @ MARKET (~$254.12)
   Estimated total: $254.12
Traceback (most recent call last):
  File "/usr/local/lib/python3.11/dist-packages/alpaca/common/rest.py", line 198, in _one_request
    response.raise_for_status()
  File "/usr/local/lib/python3.11/dist-packages/request
[2026-04-30 02:11:53 UTC] -- MSFT
[2026-04-30 02:11:53 UTC]   bars=62  signal=SELL  price=$424.80  SMA=$401.61  lower=$353.43  upper=$449.79
[2026-04-30 02:11:53 UTC]   → SELLING 1 shares @ ~$424.80
[2026-04-30 02:11:56 UTC]   ORDER SELL 1x MSFT: 📋 Order Summary:
   SELL 1 MSFT @ MARKET (~$400.00)
   Estimated total: $400.00
Traceback (most recent call last):
  File "/usr/local/lib/python3.11/dist-packages/alpaca/common/rest.py", line 198, in _one_request
    response.raise_for_status()
  File "/usr/local/lib/python3.11/dist-packages/request
[2026-04-30 02:11:56 UTC] -- NVDA
[2026-04-30 02:11:56 UTC]   bars=62  signal=SELL  price=$209.35  SMA=$194.96  lower=$170.35  upper=$219.57
[2026-04-30 02:11:56 UTC]   SKIP SELL: no position.
[2026-04-30 02:11:56 UTC] -- AMD
[2026-04-30 02:11:57 UTC]   bars=62  signal=SELL  price=$337.10  SMA=$270.52  lower=$186.26  upper=$354.78
[2026-04-30 02:11:57 UTC]   SKIP SELL: no position.
[2026-04-30 02:11:57 UTC] -- TSLA
[2026-04-30 02:11:58 UTC]   bars=62  signal=SELL  price=$372.80  SMA=$371.03  lower=$335.99  upper=$406.06
[2026-04-30 02:11:58 UTC]   SKIP SELL: no position.
[2026-04-30 02:11:58 UTC] -- META
[2026-04-30 02:11:58 UTC]   bars=62  signal=SELL  price=$669.47  SMA=$643.72  lower=$565.53  upper=$721.91
[2026-04-30 02:11:58 UTC]   SKIP SELL: no position.
[2026-04-30 02:11:58 UTC] -- GOOGL
[2026-04-30 02:11:59 UTC]   bars=62  signal=SELL  price=$350.27  SMA=$328.17  lower=$293.31  upper=$363.03
[2026-04-30 02:11:59 UTC]   SKIP SELL: no position.
[2026-04-30 02:11:59 UTC] -- AMZN
[2026-04-30 02:12:00 UTC]   bars=62  signal=SELL  price=$263.22  SMA=$241.72  lower=$205.72  upper=$277.72
[2026-04-30 02:12:00 UTC]   SKIP SELL: no position.
[2026-04-30 02:12:00 UTC] -- SPY
[2026-04-30 02:12:00 UTC]   bars=62  signal=SELL  price=$711.59  SMA=$692.03  lower=$650.15  upper=$733.92
[2026-04-30 02:12:00 UTC]   → SELLING 1 shares @ ~$711.59
[2026-04-30 02:12:03 UTC]   ORDER SELL 1x SPY: 📋 Order Summary:
   SELL 1 SPY @ MARKET (~$689.60)
   Estimated total: $689.60
Traceback (most recent call last):
  File "/usr/local/lib/python3.11/dist-packages/alpaca/common/rest.py", line 198, in _one_request
    response.raise_for_status()
  File "/usr/local/lib/python3.11/dist-packages/requests
[2026-04-30 02:12:03 UTC] -- QQQ
[2026-04-30 02:12:03 UTC]   bars=62  signal=SELL  price=$661.59  SMA=$629.54  lower=$574.42  upper=$684.67
[2026-04-30 02:12:03 UTC]   SKIP SELL: no position.
[2026-04-30 02:12:03 UTC] === Scan cycle complete ===

[2026-04-30 02:16:50 UTC] === Mean-Reversion scan cycle start ===
[2026-04-30 02:16:52 UTC] Equity: $100,004.38  |  Buying power: $198,600.15
[2026-04-30 02:16:52 UTC] Open positions: {'AAPL': 1.0, 'MSFT': 1.0, 'SPY': 1.0}
[2026-04-30 02:16:52 UTC] Watchlist (10): ['AAPL', 'MSFT', 'NVDA', 'AMD', 'TSLA', 'META', 'GOOGL', 'AMZN', 'SPY', 'QQQ']
[2026-04-30 02:16:52 UTC] -- AAPL
[2026-04-30 02:16:53 UTC]   bars=62  signal=SELL  price=$270.15  SMA=$264.34  lower=$251.50  upper=$277.17
[2026-04-30 02:16:53 UTC]   → SELLING 1 shares @ ~$270.15
[2026-04-30 02:16:55 UTC]   ORDER SELL 1x AAPL: 📋 Order Summary:
   SELL 1 AAPL @ MARKET (~$254.12)
   Estimated total: $254.12
Traceback (most recent call last):
  File "/usr/local/lib/python3.11/dist-packages/alpaca/common/rest.py", line 198, in _one_request
    response.raise_for_status()
  File "/usr/local/lib/python3.11/dist-packages/request
[2026-04-30 02:16:55 UTC] -- MSFT
[2026-04-30 02:16:56 UTC]   bars=62  signal=SELL  price=$424.80  SMA=$401.61  lower=$353.43  upper=$449.79
[2026-04-30 02:16:56 UTC]   → SELLING 1 shares @ ~$424.80
[2026-04-30 02:16:58 UTC]   ORDER SELL 1x MSFT: 📋 Order Summary:
   SELL 1 MSFT @ MARKET (~$400.00)
   Estimated total: $400.00
Traceback (most recent call last):
  File "/usr/local/lib/python3.11/dist-packages/alpaca/common/rest.py", line 198, in _one_request
    response.raise_for_status()
  File "/usr/local/lib/python3.11/dist-packages/request
[2026-04-30 02:16:58 UTC] -- NVDA
[2026-04-30 02:16:59 UTC]   bars=62  signal=SELL  price=$209.35  SMA=$194.96  lower=$170.35  upper=$219.57
[2026-04-30 02:16:59 UTC]   SKIP SELL: no position.
[2026-04-30 02:16:59 UTC] -- AMD
[2026-04-30 02:16:59 UTC]   bars=62  signal=SELL  price=$337.10  SMA=$270.52  lower=$186.26  upper=$354.78
[2026-04-30 02:16:59 UTC]   SKIP SELL: no position.
[2026-04-30 02:16:59 UTC] -- TSLA
[2026-04-30 02:17:01 UTC]   bars=62  signal=SELL  price=$372.80  SMA=$371.03  lower=$335.99  upper=$406.06
[2026-04-30 02:17:01 UTC]   SKIP SELL: no position.
[2026-04-30 02:17:01 UTC] -- META
[2026-04-30 02:17:01 UTC]   bars=62  signal=SELL  price=$669.47  SMA=$643.72  lower=$565.53  upper=$721.91
[2026-04-30 02:17:01 UTC]   SKIP SELL: no position.
[2026-04-30 02:17:01 UTC] -- GOOGL
[2026-04-30 02:17:02 UTC]   bars=62  signal=SELL  price=$350.27  SMA=$328.17  lower=$293.31  upper=$363.03
[2026-04-30 02:17:02 UTC]   SKIP SELL: no position.
[2026-04-30 02:17:02 UTC] -- AMZN
[2026-04-30 02:17:03 UTC]   bars=62  signal=SELL  price=$263.22  SMA=$241.72  lower=$205.72  upper=$277.72
[2026-04-30 02:17:03 UTC]   SKIP SELL: no position.
[2026-04-30 02:17:03 UTC] -- SPY
[2026-04-30 02:17:03 UTC]   bars=62  signal=SELL  price=$711.59  SMA=$692.03  lower=$650.15  upper=$733.92
[2026-04-30 02:17:03 UTC]   → SELLING 1 shares @ ~$711.59
[2026-04-30 02:17:06 UTC]   ORDER SELL 1x SPY: 📋 Order Summary:
   SELL 1 SPY @ MARKET (~$689.60)
   Estimated total: $689.60
Traceback (most recent call last):
  File "/usr/local/lib/python3.11/dist-packages/alpaca/common/rest.py", line 198, in _one_request
    response.raise_for_status()
  File "/usr/local/lib/python3.11/dist-packages/requests
[2026-04-30 02:17:06 UTC] -- QQQ
[2026-04-30 02:17:06 UTC]   bars=62  signal=SELL  price=$661.59  SMA=$629.54  lower=$574.42  upper=$684.67
[2026-04-30 02:17:06 UTC]   SKIP SELL: no position.
[2026-04-30 02:17:06 UTC] === Scan cycle complete ===

[2026-04-30 02:21:49 UTC] === Mean-Reversion scan cycle start ===
[2026-04-30 02:21:50 UTC] Equity: $100,003.40  |  Buying power: $198,599.17
[2026-04-30 02:21:50 UTC] Open positions: {'AAPL': 1.0, 'MSFT': 1.0, 'SPY': 1.0}
[2026-04-30 02:21:50 UTC] Watchlist (10): ['AAPL', 'MSFT', 'NVDA', 'AMD', 'TSLA', 'META', 'GOOGL', 'AMZN', 'SPY', 'QQQ']
[2026-04-30 02:21:50 UTC] -- AAPL
[2026-04-30 02:21:51 UTC]   bars=62  signal=SELL  price=$270.15  SMA=$264.34  lower=$251.50  upper=$277.17
[2026-04-30 02:21:51 UTC]   → SELLING 1 shares @ ~$270.15
[2026-04-30 02:21:53 UTC]   ORDER SELL 1x AAPL: 📋 Order Summary:
   SELL 1 AAPL @ MARKET (~$254.12)
   Estimated total: $254.12
Traceback (most recent call last):
  File "/usr/local/lib/python3.11/dist-packages/alpaca/common/rest.py", line 198, in _one_request
    response.raise_for_status()
  File "/usr/local/lib/python3.11/dist-packages/request
[2026-04-30 02:21:53 UTC] -- MSFT
[2026-04-30 02:21:54 UTC]   bars=62  signal=SELL  price=$424.80  SMA=$401.61  lower=$353.43  upper=$449.79
[2026-04-30 02:21:54 UTC]   → SELLING 1 shares @ ~$424.80
[2026-04-30 02:21:56 UTC]   ORDER SELL 1x MSFT: 📋 Order Summary:
   SELL 1 MSFT @ MARKET (~$400.00)
   Estimated total: $400.00
Traceback (most recent call last):
  File "/usr/local/lib/python3.11/dist-packages/alpaca/common/rest.py", line 198, in _one_request
    response.raise_for_status()
  File "/usr/local/lib/python3.11/dist-packages/request
[2026-04-30 02:21:56 UTC] -- NVDA
[2026-04-30 02:21:57 UTC]   bars=62  signal=SELL  price=$209.35  SMA=$194.96  lower=$170.35  upper=$219.57
[2026-04-30 02:21:57 UTC]   SKIP SELL: no position.
[2026-04-30 02:21:57 UTC] -- AMD
[2026-04-30 02:21:58 UTC]   bars=62  signal=SELL  price=$337.10  SMA=$270.52  lower=$186.26  upper=$354.78
[2026-04-30 02:21:58 UTC]   SKIP SELL: no position.
[2026-04-30 02:21:58 UTC] -- TSLA
[2026-04-30 02:21:58 UTC]   bars=62  signal=SELL  price=$372.80  SMA=$371.03  lower=$335.99  upper=$406.06
[2026-04-30 02:21:58 UTC]   SKIP SELL: no position.
[2026-04-30 02:21:58 UTC] -- META
[2026-04-30 02:21:59 UTC]   bars=62  signal=SELL  price=$669.47  SMA=$643.72  lower=$565.53  upper=$721.91
[2026-04-30 02:21:59 UTC]   SKIP SELL: no position.
[2026-04-30 02:21:59 UTC] -- GOOGL
[2026-04-30 02:22:00 UTC]   bars=62  signal=SELL  price=$350.27  SMA=$328.17  lower=$293.31  upper=$363.03
[2026-04-30 02:22:00 UTC]   SKIP SELL: no position.
[2026-04-30 02:22:00 UTC] -- AMZN
[2026-04-30 02:22:00 UTC]   bars=62  signal=SELL  price=$263.22  SMA=$241.72  lower=$205.72  upper=$277.72
[2026-04-30 02:22:00 UTC]   SKIP SELL: no position.
[2026-04-30 02:22:00 UTC] -- SPY
[2026-04-30 02:22:01 UTC]   bars=62  signal=SELL  price=$711.59  SMA=$692.03  lower=$650.15  upper=$733.92
[2026-04-30 02:22:01 UTC]   → SELLING 1 shares @ ~$711.59
[2026-04-30 02:22:03 UTC]   ORDER SELL 1x SPY: 📋 Order Summary:
   SELL 1 SPY @ MARKET (~$689.60)
   Estimated total: $689.60
Traceback (most recent call last):
  File "/usr/local/lib/python3.11/dist-packages/alpaca/common/rest.py", line 198, in _one_request
    response.raise_for_status()
  File "/usr/local/lib/python3.11/dist-packages/requests
[2026-04-30 02:22:03 UTC] -- QQQ
[2026-04-30 02:22:04 UTC]   bars=62  signal=SELL  price=$661.59  SMA=$629.54  lower=$574.42  upper=$684.67
[2026-04-30 02:22:04 UTC]   SKIP SELL: no position.
[2026-04-30 02:22:04 UTC] === Scan cycle complete ===

[2026-04-30 02:26:49 UTC] === Mean-Reversion scan cycle start ===
[2026-04-30 02:26:50 UTC] Equity: $100,002.93  |  Buying power: $198,598.70
[2026-04-30 02:26:50 UTC] Open positions: {'AAPL': 1.0, 'MSFT': 1.0, 'SPY': 1.0}
[2026-04-30 02:26:50 UTC] Watchlist (10): ['AAPL', 'MSFT', 'NVDA', 'AMD', 'TSLA', 'META', 'GOOGL', 'AMZN', 'SPY', 'QQQ']
[2026-04-30 02:26:50 UTC] -- AAPL
[2026-04-30 02:26:51 UTC]   bars=62  signal=SELL  price=$270.15  SMA=$264.34  lower=$251.50  upper=$277.17
[2026-04-30 02:26:51 UTC]   → SELLING 1 shares @ ~$270.15
[2026-04-30 02:26:54 UTC]   ORDER SELL 1x AAPL: 📋 Order Summary:
   SELL 1 AAPL @ MARKET (~$254.12)
   Estimated total: $254.12
Traceback (most recent call last):
  File "/usr/local/lib/python3.11/dist-packages/alpaca/common/rest.py", line 198, in _one_request
    response.raise_for_status()
  File "/usr/local/lib/python3.11/dist-packages/request
[2026-04-30 02:26:54 UTC] -- MSFT
[2026-04-30 02:26:55 UTC]   bars=62  signal=SELL  price=$424.80  SMA=$401.61  lower=$353.43  upper=$449.79
[2026-04-30 02:26:55 UTC]   → SELLING 1 shares @ ~$424.80
[2026-04-30 02:26:57 UTC]   ORDER SELL 1x MSFT: 📋 Order Summary:
   SELL 1 MSFT @ MARKET (~$400.00)
   Estimated total: $400.00
Traceback (most recent call last):
  File "/usr/local/lib/python3.11/dist-packages/alpaca/common/rest.py", line 198, in _one_request
    response.raise_for_status()
  File "/usr/local/lib/python3.11/dist-packages/request
[2026-04-30 02:26:57 UTC] -- NVDA
[2026-04-30 02:26:58 UTC]   bars=62  signal=SELL  price=$209.35  SMA=$194.96  lower=$170.35  upper=$219.57
[2026-04-30 02:26:58 UTC]   SKIP SELL: no position.
[2026-04-30 02:26:58 UTC] -- AMD
[2026-04-30 02:26:58 UTC]   bars=62  signal=SELL  price=$337.10  SMA=$270.52  lower=$186.26  upper=$354.78
[2026-04-30 02:26:58 UTC]   SKIP SELL: no position.
[2026-04-30 02:26:58 UTC] -- TSLA
[2026-04-30 02:26:59 UTC]   bars=62  signal=SELL  price=$372.80  SMA=$371.03  lower=$335.99  upper=$406.06
[2026-04-30 02:26:59 UTC]   SKIP SELL: no position.
[2026-04-30 02:26:59 UTC] -- META
[2026-04-30 02:27:00 UTC]   bars=62  signal=SELL  price=$669.47  SMA=$643.72  lower=$565.53  upper=$721.91
[2026-04-30 02:27:00 UTC]   SKIP SELL: no position.
[2026-04-30 02:27:00 UTC] -- GOOGL
[2026-04-30 02:27:00 UTC]   bars=62  signal=SELL  price=$350.27  SMA=$328.17  lower=$293.31  upper=$363.03
[2026-04-30 02:27:00 UTC]   SKIP SELL: no position.
[2026-04-30 02:27:00 UTC] -- AMZN
[2026-04-30 02:27:01 UTC]   bars=62  signal=SELL  price=$263.22  SMA=$241.72  lower=$205.72  upper=$277.72
[2026-04-30 02:27:01 UTC]   SKIP SELL: no position.
[2026-04-30 02:27:01 UTC] -- SPY
[2026-04-30 02:27:02 UTC]   bars=62  signal=SELL  price=$711.59  SMA=$692.03  lower=$650.15  upper=$733.92
[2026-04-30 02:27:02 UTC]   → SELLING 1 shares @ ~$711.59
[2026-04-30 02:27:04 UTC]   ORDER SELL 1x SPY: 📋 Order Summary:
   SELL 1 SPY @ MARKET (~$689.60)
   Estimated total: $689.60
Traceback (most recent call last):
  File "/usr/local/lib/python3.11/dist-packages/alpaca/common/rest.py", line 198, in _one_request
    response.raise_for_status()
  File "/usr/local/lib/python3.11/dist-packages/requests
[2026-04-30 02:27:04 UTC] -- QQQ
[2026-04-30 02:27:05 UTC]   bars=62  signal=SELL  price=$661.59  SMA=$629.54  lower=$574.42  upper=$684.67
[2026-04-30 02:27:05 UTC]   SKIP SELL: no position.
[2026-04-30 02:27:05 UTC] === Scan cycle complete ===

[2026-04-30 02:31:48 UTC] === Mean-Reversion scan cycle start ===
[2026-04-30 02:31:50 UTC] Equity: $99,998.06  |  Buying power: $198,593.83
[2026-04-30 02:31:50 UTC] Open positions: {'AAPL': 1.0, 'MSFT': 1.0, 'SPY': 1.0}
[2026-04-30 02:31:50 UTC] Watchlist (10): ['AAPL', 'MSFT', 'NVDA', 'AMD', 'TSLA', 'META', 'GOOGL', 'AMZN', 'SPY', 'QQQ']
[2026-04-30 02:31:50 UTC] -- AAPL
[2026-04-30 02:31:51 UTC]   bars=62  signal=SELL  price=$270.15  SMA=$264.34  lower=$251.50  upper=$277.17
[2026-04-30 02:31:51 UTC]   → SELLING 1 shares @ ~$270.15
[2026-04-30 02:31:54 UTC]   ORDER SELL 1x AAPL: 📋 Order Summary:
   SELL 1 AAPL @ MARKET (~$254.12)
   Estimated total: $254.12
Traceback (most recent call last):
  File "/usr/local/lib/python3.11/dist-packages/alpaca/common/rest.py", line 198, in _one_request
    response.raise_for_status()
  File "/usr/local/lib/python3.11/dist-packages/request
[2026-04-30 02:31:54 UTC] -- MSFT
[2026-04-30 02:31:54 UTC]   bars=62  signal=SELL  price=$424.80  SMA=$401.61  lower=$353.43  upper=$449.79
[2026-04-30 02:31:54 UTC]   → SELLING 1 shares @ ~$424.80
[2026-04-30 02:31:57 UTC]   ORDER SELL 1x MSFT: 📋 Order Summary:
   SELL 1 MSFT @ MARKET (~$400.00)
   Estimated total: $400.00
Traceback (most recent call last):
  File "/usr/local/lib/python3.11/dist-packages/alpaca/common/rest.py", line 198, in _one_request
    response.raise_for_status()
  File "/usr/local/lib/python3.11/dist-packages/request
[2026-04-30 02:31:57 UTC] -- NVDA
[2026-04-30 02:31:57 UTC]   bars=62  signal=SELL  price=$209.35  SMA=$194.96  lower=$170.35  upper=$219.57
[2026-04-30 02:31:57 UTC]   SKIP SELL: no position.
[2026-04-30 02:31:57 UTC] -- AMD
[2026-04-30 02:31:58 UTC]   bars=62  signal=SELL  price=$337.10  SMA=$270.52  lower=$186.26  upper=$354.78
[2026-04-30 02:31:58 UTC]   SKIP SELL: no position.
[2026-04-30 02:31:58 UTC] -- TSLA
[2026-04-30 02:31:58 UTC]   bars=62  signal=SELL  price=$372.80  SMA=$371.03  lower=$335.99  upper=$406.06
[2026-04-30 02:31:58 UTC]   SKIP SELL: no position.
[2026-04-30 02:31:58 UTC] -- META
[2026-04-30 02:31:59 UTC]   bars=62  signal=SELL  price=$669.47  SMA=$643.72  lower=$565.53  upper=$721.91
[2026-04-30 02:31:59 UTC]   SKIP SELL: no position.
[2026-04-30 02:31:59 UTC] -- GOOGL
[2026-04-30 02:32:00 UTC]   bars=62  signal=SELL  price=$350.27  SMA=$328.17  lower=$293.31  upper=$363.03
[2026-04-30 02:32:00 UTC]   SKIP SELL: no position.
[2026-04-30 02:32:00 UTC] -- AMZN
[2026-04-30 02:32:00 UTC]   bars=62  signal=SELL  price=$263.22  SMA=$241.72  lower=$205.72  upper=$277.72
[2026-04-30 02:32:00 UTC]   SKIP SELL: no position.
[2026-04-30 02:32:00 UTC] -- SPY
[2026-04-30 02:32:01 UTC]   bars=62  signal=SELL  price=$711.59  SMA=$692.03  lower=$650.15  upper=$733.92
[2026-04-30 02:32:01 UTC]   → SELLING 1 shares @ ~$711.59
[2026-04-30 02:32:04 UTC]   ORDER SELL 1x SPY: 📋 Order Summary:
   SELL 1 SPY @ MARKET (~$689.60)
   Estimated total: $689.60
Traceback (most recent call last):
  File "/usr/local/lib/python3.11/dist-packages/alpaca/common/rest.py", line 198, in _one_request
    response.raise_for_status()
  File "/usr/local/lib/python3.11/dist-packages/requests
[2026-04-30 02:32:04 UTC] -- QQQ
[2026-04-30 02:32:04 UTC]   bars=62  signal=SELL  price=$661.59  SMA=$629.54  lower=$574.42  upper=$684.67
[2026-04-30 02:32:04 UTC]   SKIP SELL: no position.
[2026-04-30 02:32:04 UTC] === Scan cycle complete ===

[2026-04-30 02:36:45 UTC] === Mean-Reversion scan cycle start ===
[2026-04-30 02:36:47 UTC] Equity: $99,999.25  |  Buying power: $198,595.02
[2026-04-30 02:36:47 UTC] Open positions: {'AAPL': 1.0, 'MSFT': 1.0, 'SPY': 1.0}
[2026-04-30 02:36:47 UTC] Watchlist (10): ['AAPL', 'MSFT', 'NVDA', 'AMD', 'TSLA', 'META', 'GOOGL', 'AMZN', 'SPY', 'QQQ']
[2026-04-30 02:36:47 UTC] -- AAPL
[2026-04-30 02:36:48 UTC]   bars=62  signal=SELL  price=$270.15  SMA=$264.34  lower=$251.50  upper=$277.17
[2026-04-30 02:36:48 UTC]   → SELLING 1 shares @ ~$270.15
[2026-04-30 02:36:50 UTC]   ORDER SELL 1x AAPL: 📋 Order Summary:
   SELL 1 AAPL @ MARKET (~$254.12)
   Estimated total: $254.12
Traceback (most recent call last):
  File "/usr/local/lib/python3.11/dist-packages/alpaca/common/rest.py", line 198, in _one_request
    response.raise_for_status()
  File "/usr/local/lib/python3.11/dist-packages/request
[2026-04-30 02:36:51 UTC] -- MSFT
[2026-04-30 02:36:51 UTC]   bars=62  signal=SELL  price=$424.80  SMA=$401.61  lower=$353.43  upper=$449.79
[2026-04-30 02:36:51 UTC]   → SELLING 1 shares @ ~$424.80
[2026-04-30 02:36:54 UTC]   ORDER SELL 1x MSFT: 📋 Order Summary:
   SELL 1 MSFT @ MARKET (~$400.00)
   Estimated total: $400.00
Traceback (most recent call last):
  File "/usr/local/lib/python3.11/dist-packages/alpaca/common/rest.py", line 198, in _one_request
    response.raise_for_status()
  File "/usr/local/lib/python3.11/dist-packages/request
[2026-04-30 02:36:54 UTC] -- NVDA
[2026-04-30 02:36:54 UTC]   bars=62  signal=SELL  price=$209.35  SMA=$194.96  lower=$170.35  upper=$219.57
[2026-04-30 02:36:54 UTC]   SKIP SELL: no position.
[2026-04-30 02:36:54 UTC] -- AMD
[2026-04-30 02:36:55 UTC]   bars=62  signal=SELL  price=$337.10  SMA=$270.52  lower=$186.26  upper=$354.78
[2026-04-30 02:36:55 UTC]   SKIP SELL: no position.
[2026-04-30 02:36:55 UTC] -- TSLA
[2026-04-30 02:36:56 UTC]   bars=62  signal=SELL  price=$372.80  SMA=$371.03  lower=$335.99  upper=$406.06
[2026-04-30 02:36:56 UTC]   SKIP SELL: no position.
[2026-04-30 02:36:56 UTC] -- META
[2026-04-30 02:36:56 UTC]   bars=62  signal=SELL  price=$669.47  SMA=$643.72  lower=$565.53  upper=$721.91
[2026-04-30 02:36:56 UTC]   SKIP SELL: no position.
[2026-04-30 02:36:56 UTC] -- GOOGL
[2026-04-30 02:36:57 UTC]   bars=62  signal=SELL  price=$350.27  SMA=$328.17  lower=$293.31  upper=$363.03
[2026-04-30 02:36:57 UTC]   SKIP SELL: no position.
[2026-04-30 02:36:57 UTC] -- AMZN
[2026-04-30 02:36:58 UTC]   bars=62  signal=SELL  price=$263.22  SMA=$241.72  lower=$205.72  upper=$277.72
[2026-04-30 02:36:58 UTC]   SKIP SELL: no position.
[2026-04-30 02:36:58 UTC] -- SPY
[2026-04-30 02:36:58 UTC]   bars=62  signal=SELL  price=$711.59  SMA=$692.03  lower=$650.15  upper=$733.92
[2026-04-30 02:36:58 UTC]   → SELLING 1 shares @ ~$711.59
[2026-04-30 02:37:01 UTC]   ORDER SELL 1x SPY: 📋 Order Summary:
   SELL 1 SPY @ MARKET (~$689.60)
   Estimated total: $689.60
Traceback (most recent call last):
  File "/usr/local/lib/python3.11/dist-packages/alpaca/common/rest.py", line 198, in _one_request
    response.raise_for_status()
  File "/usr/local/lib/python3.11/dist-packages/requests
[2026-04-30 02:37:01 UTC] -- QQQ
[2026-04-30 02:37:01 UTC]   bars=62  signal=SELL  price=$661.59  SMA=$629.54  lower=$574.42  upper=$684.67
[2026-04-30 02:37:01 UTC]   SKIP SELL: no position.
[2026-04-30 02:37:01 UTC] === Scan cycle complete ===

[2026-04-30 02:41:46 UTC] === Mean-Reversion scan cycle start ===
[2026-04-30 02:41:48 UTC] Equity: $99,999.32  |  Buying power: $198,595.09
[2026-04-30 02:41:48 UTC] Open positions: {'AAPL': 1.0, 'MSFT': 1.0, 'SPY': 1.0}
[2026-04-30 02:41:48 UTC] Watchlist (10): ['AAPL', 'MSFT', 'NVDA', 'AMD', 'TSLA', 'META', 'GOOGL', 'AMZN', 'SPY', 'QQQ']
[2026-04-30 02:41:48 UTC] -- AAPL
[2026-04-30 02:41:49 UTC]   bars=62  signal=SELL  price=$270.15  SMA=$264.34  lower=$251.50  upper=$277.17
[2026-04-30 02:41:49 UTC]   → SELLING 1 shares @ ~$270.15
[2026-04-30 02:41:52 UTC]   ORDER SELL 1x AAPL: 📋 Order Summary:
   SELL 1 AAPL @ MARKET (~$254.12)
   Estimated total: $254.12
Traceback (most recent call last):
  File "/usr/local/lib/python3.11/dist-packages/alpaca/common/rest.py", line 198, in _one_request
    response.raise_for_status()
  File "/usr/local/lib/python3.11/dist-packages/request
[2026-04-30 02:41:52 UTC] -- MSFT
[2026-04-30 02:41:53 UTC]   bars=62  signal=SELL  price=$424.80  SMA=$401.61  lower=$353.43  upper=$449.79
[2026-04-30 02:41:53 UTC]   → SELLING 1 shares @ ~$424.80
[2026-04-30 02:41:55 UTC]   ORDER SELL 1x MSFT: 📋 Order Summary:
   SELL 1 MSFT @ MARKET (~$400.00)
   Estimated total: $400.00
Traceback (most recent call last):
  File "/usr/local/lib/python3.11/dist-packages/alpaca/common/rest.py", line 198, in _one_request
    response.raise_for_status()
  File "/usr/local/lib/python3.11/dist-packages/request
[2026-04-30 02:41:55 UTC] -- NVDA
[2026-04-30 02:41:56 UTC]   bars=62  signal=SELL  price=$209.35  SMA=$194.96  lower=$170.35  upper=$219.57
[2026-04-30 02:41:56 UTC]   SKIP SELL: no position.
[2026-04-30 02:41:56 UTC] -- AMD
[2026-04-30 02:41:57 UTC]   bars=62  signal=SELL  price=$337.10  SMA=$270.52  lower=$186.26  upper=$354.78
[2026-04-30 02:41:57 UTC]   SKIP SELL: no position.
[2026-04-30 02:41:57 UTC] -- TSLA
[2026-04-30 02:41:58 UTC]   bars=62  signal=SELL  price=$372.80  SMA=$371.03  lower=$335.99  upper=$406.06
[2026-04-30 02:41:58 UTC]   SKIP SELL: no position.
[2026-04-30 02:41:58 UTC] -- META
[2026-04-30 02:41:58 UTC]   bars=62  signal=SELL  price=$669.47  SMA=$643.72  lower=$565.53  upper=$721.91
[2026-04-30 02:41:58 UTC]   SKIP SELL: no position.
[2026-04-30 02:41:58 UTC] -- GOOGL
[2026-04-30 02:41:59 UTC]   bars=62  signal=SELL  price=$350.27  SMA=$328.17  lower=$293.31  upper=$363.03
[2026-04-30 02:41:59 UTC]   SKIP SELL: no position.
[2026-04-30 02:41:59 UTC] -- AMZN
[2026-04-30 02:42:00 UTC]   bars=62  signal=SELL  price=$263.22  SMA=$241.72  lower=$205.72  upper=$277.72
[2026-04-30 02:42:00 UTC]   SKIP SELL: no position.
[2026-04-30 02:42:00 UTC] -- SPY
[2026-04-30 02:42:00 UTC]   bars=62  signal=SELL  price=$711.59  SMA=$692.03  lower=$650.15  upper=$733.92
[2026-04-30 02:42:00 UTC]   → SELLING 1 shares @ ~$711.59
[2026-04-30 02:42:03 UTC]   ORDER SELL 1x SPY: 📋 Order Summary:
   SELL 1 SPY @ MARKET (~$689.60)
   Estimated total: $689.60
Traceback (most recent call last):
  File "/usr/local/lib/python3.11/dist-packages/alpaca/common/rest.py", line 198, in _one_request
    response.raise_for_status()
  File "/usr/local/lib/python3.11/dist-packages/requests
[2026-04-30 02:42:03 UTC] -- QQQ
[2026-04-30 02:42:03 UTC]   bars=62  signal=SELL  price=$661.59  SMA=$629.54  lower=$574.42  upper=$684.67
[2026-04-30 02:42:03 UTC]   SKIP SELL: no position.
[2026-04-30 02:42:04 UTC] === Scan cycle complete ===

[2026-04-30 02:46:43 UTC] === Mean-Reversion scan cycle start ===
[2026-04-30 02:46:44 UTC] Equity: $99,998.53  |  Buying power: $198,594.30
[2026-04-30 02:46:44 UTC] Open positions: {'AAPL': 1.0, 'MSFT': 1.0, 'SPY': 1.0}
[2026-04-30 02:46:44 UTC] Watchlist (10): ['AAPL', 'MSFT', 'NVDA', 'AMD', 'TSLA', 'META', 'GOOGL', 'AMZN', 'SPY', 'QQQ']
[2026-04-30 02:46:44 UTC] -- AAPL
[2026-04-30 02:46:45 UTC]   bars=62  signal=SELL  price=$270.15  SMA=$264.34  lower=$251.50  upper=$277.17
[2026-04-30 02:46:45 UTC]   → SELLING 1 shares @ ~$270.15
[2026-04-30 02:46:48 UTC]   ORDER SELL 1x AAPL: 📋 Order Summary:
   SELL 1 AAPL @ MARKET (~$254.12)
   Estimated total: $254.12
Traceback (most recent call last):
  File "/usr/local/lib/python3.11/dist-packages/alpaca/common/rest.py", line 198, in _one_request
    response.raise_for_status()
  File "/usr/local/lib/python3.11/dist-packages/request
[2026-04-30 02:46:48 UTC] -- MSFT
[2026-04-30 02:46:48 UTC]   bars=62  signal=SELL  price=$424.80  SMA=$401.61  lower=$353.43  upper=$449.79
[2026-04-30 02:46:48 UTC]   → SELLING 1 shares @ ~$424.80
[2026-04-30 02:46:51 UTC]   ORDER SELL 1x MSFT: 📋 Order Summary:
   SELL 1 MSFT @ MARKET (~$400.00)
   Estimated total: $400.00
Traceback (most recent call last):
  File "/usr/local/lib/python3.11/dist-packages/alpaca/common/rest.py", line 198, in _one_request
    response.raise_for_status()
  File "/usr/local/lib/python3.11/dist-packages/request
[2026-04-30 02:46:51 UTC] -- NVDA
[2026-04-30 02:46:52 UTC]   bars=62  signal=SELL  price=$209.35  SMA=$194.96  lower=$170.35  upper=$219.57
[2026-04-30 02:46:52 UTC]   SKIP SELL: no position.
[2026-04-30 02:46:52 UTC] -- AMD
[2026-04-30 02:46:52 UTC]   bars=62  signal=SELL  price=$337.10  SMA=$270.52  lower=$186.26  upper=$354.78
[2026-04-30 02:46:52 UTC]   SKIP SELL: no position.
[2026-04-30 02:46:52 UTC] -- TSLA
[2026-04-30 02:46:53 UTC]   bars=62  signal=SELL  price=$372.80  SMA=$371.03  lower=$335.99  upper=$406.06
[2026-04-30 02:46:53 UTC]   SKIP SELL: no position.
[2026-04-30 02:46:53 UTC] -- META
[2026-04-30 02:46:54 UTC]   bars=62  signal=SELL  price=$669.47  SMA=$643.72  lower=$565.53  upper=$721.91
[2026-04-30 02:46:54 UTC]   SKIP SELL: no position.
[2026-04-30 02:46:54 UTC] -- GOOGL
[2026-04-30 02:46:54 UTC]   bars=62  signal=SELL  price=$350.27  SMA=$328.17  lower=$293.31  upper=$363.03
[2026-04-30 02:46:54 UTC]   SKIP SELL: no position.
[2026-04-30 02:46:54 UTC] -- AMZN
[2026-04-30 02:46:55 UTC]   bars=62  signal=SELL  price=$263.22  SMA=$241.72  lower=$205.72  upper=$277.72
[2026-04-30 02:46:55 UTC]   SKIP SELL: no position.
[2026-04-30 02:46:55 UTC] -- SPY
[2026-04-30 02:46:56 UTC]   bars=62  signal=SELL  price=$711.59  SMA=$692.03  lower=$650.15  upper=$733.92
[2026-04-30 02:46:56 UTC]   → SELLING 1 shares @ ~$711.59
[2026-04-30 02:46:58 UTC]   ORDER SELL 1x SPY: 📋 Order Summary:
   SELL 1 SPY @ MARKET (~$689.60)
   Estimated total: $689.60
Traceback (most recent call last):
  File "/usr/local/lib/python3.11/dist-packages/alpaca/common/rest.py", line 198, in _one_request
    response.raise_for_status()
  File "/usr/local/lib/python3.11/dist-packages/requests
[2026-04-30 02:46:58 UTC] -- QQQ
[2026-04-30 02:46:59 UTC]   bars=62  signal=SELL  price=$661.59  SMA=$629.54  lower=$574.42  upper=$684.67
[2026-04-30 02:46:59 UTC]   SKIP SELL: no position.
[2026-04-30 02:46:59 UTC] === Scan cycle complete ===

[2026-04-30 02:51:56 UTC] === Mean-Reversion scan cycle start ===
[2026-04-30 02:51:59 UTC] Equity: $99,998.50  |  Buying power: $198,594.27
[2026-04-30 02:51:59 UTC] Open positions: {'AAPL': 1.0, 'MSFT': 1.0, 'SPY': 1.0}
[2026-04-30 02:51:59 UTC] Watchlist (10): ['AAPL', 'MSFT', 'NVDA', 'AMD', 'TSLA', 'META', 'GOOGL', 'AMZN', 'SPY', 'QQQ']
[2026-04-30 02:51:59 UTC] -- AAPL
[2026-04-30 02:52:00 UTC]   bars=62  signal=SELL  price=$270.15  SMA=$264.34  lower=$251.50  upper=$277.17
[2026-04-30 02:52:00 UTC]   → SELLING 1 shares @ ~$270.15
[2026-04-30 02:52:03 UTC]   ORDER SELL 1x AAPL: 📋 Order Summary:
   SELL 1 AAPL @ MARKET (~$254.12)
   Estimated total: $254.12
Traceback (most recent call last):
  File "/usr/local/lib/python3.11/dist-packages/alpaca/common/rest.py", line 198, in _one_request
    response.raise_for_status()
  File "/usr/local/lib/python3.11/dist-packages/request
[2026-04-30 02:52:03 UTC] -- MSFT
[2026-04-30 02:52:04 UTC]   bars=62  signal=SELL  price=$424.80  SMA=$401.61  lower=$353.43  upper=$449.79
[2026-04-30 02:52:04 UTC]   → SELLING 1 shares @ ~$424.80
[2026-04-30 02:52:06 UTC]   ORDER SELL 1x MSFT: 📋 Order Summary:
   SELL 1 MSFT @ MARKET (~$400.00)
   Estimated total: $400.00
Traceback (most recent call last):
  File "/usr/local/lib/python3.11/dist-packages/alpaca/common/rest.py", line 198, in _one_request
    response.raise_for_status()
  File "/usr/local/lib/python3.11/dist-packages/request
[2026-04-30 02:52:06 UTC] -- NVDA
[2026-04-30 02:52:07 UTC]   bars=62  signal=SELL  price=$209.35  SMA=$194.96  lower=$170.35  upper=$219.57
[2026-04-30 02:52:07 UTC]   SKIP SELL: no position.
[2026-04-30 02:52:07 UTC] -- AMD
[2026-04-30 02:52:08 UTC]   bars=62  signal=SELL  price=$337.10  SMA=$270.52  lower=$186.26  upper=$354.78
[2026-04-30 02:52:08 UTC]   SKIP SELL: no position.
[2026-04-30 02:52:08 UTC] -- TSLA
[2026-04-30 02:52:08 UTC]   bars=62  signal=SELL  price=$372.80  SMA=$371.03  lower=$335.99  upper=$406.06
[2026-04-30 02:52:08 UTC]   SKIP SELL: no position.
[2026-04-30 02:52:08 UTC] -- META
[2026-04-30 02:52:09 UTC]   bars=62  signal=SELL  price=$669.47  SMA=$643.72  lower=$565.53  upper=$721.91
[2026-04-30 02:52:09 UTC]   SKIP SELL: no position.
[2026-04-30 02:52:09 UTC] -- GOOGL
[2026-04-30 02:52:09 UTC]   bars=62  signal=SELL  price=$350.27  SMA=$328.17  lower=$293.31  upper=$363.03
[2026-04-30 02:52:09 UTC]   SKIP SELL: no position.
[2026-04-30 02:52:09 UTC] -- AMZN
[2026-04-30 02:52:10 UTC]   bars=62  signal=SELL  price=$263.22  SMA=$241.72  lower=$205.72  upper=$277.72
[2026-04-30 02:52:10 UTC]   SKIP SELL: no position.
[2026-04-30 02:52:10 UTC] -- SPY
[2026-04-30 02:52:11 UTC]   bars=62  signal=SELL  price=$711.59  SMA=$692.03  lower=$650.15  upper=$733.92
[2026-04-30 02:52:11 UTC]   → SELLING 1 shares @ ~$711.59
[2026-04-30 02:52:13 UTC]   ORDER SELL 1x SPY: 📋 Order Summary:
   SELL 1 SPY @ MARKET (~$689.60)
   Estimated total: $689.60
Traceback (most recent call last):
  File "/usr/local/lib/python3.11/dist-packages/alpaca/common/rest.py", line 198, in _one_request
    response.raise_for_status()
  File "/usr/local/lib/python3.11/dist-packages/requests
[2026-04-30 02:52:13 UTC] -- QQQ
[2026-04-30 02:52:14 UTC]   bars=62  signal=SELL  price=$661.59  SMA=$629.54  lower=$574.42  upper=$684.67
[2026-04-30 02:52:14 UTC]   SKIP SELL: no position.
[2026-04-30 02:52:14 UTC] === Scan cycle complete ===

[2026-04-30 02:56:44 UTC] === Mean-Reversion scan cycle start ===
[2026-04-30 02:56:45 UTC] Equity: $99,998.71  |  Buying power: $198,594.48
[2026-04-30 02:56:46 UTC] Open positions: {'AAPL': 1.0, 'MSFT': 1.0, 'SPY': 1.0}
[2026-04-30 02:56:46 UTC] Watchlist (10): ['AAPL', 'MSFT', 'NVDA', 'AMD', 'TSLA', 'META', 'GOOGL', 'AMZN', 'SPY', 'QQQ']
[2026-04-30 02:56:46 UTC] -- AAPL
[2026-04-30 02:56:46 UTC]   bars=62  signal=SELL  price=$270.15  SMA=$264.34  lower=$251.50  upper=$277.17
[2026-04-30 02:56:46 UTC]   → SELLING 1 shares @ ~$270.15
[2026-04-30 02:56:49 UTC]   ORDER SELL 1x AAPL: 📋 Order Summary:
   SELL 1 AAPL @ MARKET (~$254.12)
   Estimated total: $254.12
Traceback (most recent call last):
  File "/usr/local/lib/python3.11/dist-packages/alpaca/common/rest.py", line 198, in _one_request
    response.raise_for_status()
  File "/usr/local/lib/python3.11/dist-packages/request
[2026-04-30 02:56:49 UTC] -- MSFT
[2026-04-30 02:56:49 UTC]   bars=62  signal=SELL  price=$424.80  SMA=$401.61  lower=$353.43  upper=$449.79
[2026-04-30 02:56:49 UTC]   → SELLING 1 shares @ ~$424.80
[2026-04-30 02:56:51 UTC]   ORDER SELL 1x MSFT: 📋 Order Summary:
   SELL 1 MSFT @ MARKET (~$400.00)
   Estimated total: $400.00
Traceback (most recent call last):
  File "/usr/local/lib/python3.11/dist-packages/alpaca/common/rest.py", line 198, in _one_request
    response.raise_for_status()
  File "/usr/local/lib/python3.11/dist-packages/request
[2026-04-30 02:56:51 UTC] -- NVDA
[2026-04-30 02:56:52 UTC]   bars=62  signal=SELL  price=$209.35  SMA=$194.96  lower=$170.35  upper=$219.57
[2026-04-30 02:56:52 UTC]   SKIP SELL: no position.
[2026-04-30 02:56:52 UTC] -- AMD
[2026-04-30 02:56:53 UTC]   bars=62  signal=SELL  price=$337.10  SMA=$270.52  lower=$186.26  upper=$354.78
[2026-04-30 02:56:53 UTC]   SKIP SELL: no position.
[2026-04-30 02:56:53 UTC] -- TSLA
[2026-04-30 02:56:53 UTC]   bars=62  signal=SELL  price=$372.80  SMA=$371.03  lower=$335.99  upper=$406.06
[2026-04-30 02:56:53 UTC]   SKIP SELL: no position.
[2026-04-30 02:56:53 UTC] -- META
[2026-04-30 02:56:54 UTC]   bars=62  signal=SELL  price=$669.47  SMA=$643.72  lower=$565.53  upper=$721.91
[2026-04-30 02:56:54 UTC]   SKIP SELL: no position.
[2026-04-30 02:56:54 UTC] -- GOOGL
[2026-04-30 02:56:55 UTC]   bars=62  signal=SELL  price=$350.27  SMA=$328.17  lower=$293.31  upper=$363.03
[2026-04-30 02:56:55 UTC]   SKIP SELL: no position.
[2026-04-30 02:56:55 UTC] -- AMZN
[2026-04-30 02:56:55 UTC]   bars=62  signal=SELL  price=$263.22  SMA=$241.72  lower=$205.72  upper=$277.72
[2026-04-30 02:56:55 UTC]   SKIP SELL: no position.
[2026-04-30 02:56:55 UTC] -- SPY
[2026-04-30 02:56:56 UTC]   bars=62  signal=SELL  price=$711.59  SMA=$692.03  lower=$650.15  upper=$733.92
[2026-04-30 02:56:56 UTC]   → SELLING 1 shares @ ~$711.59
[2026-04-30 02:56:58 UTC]   ORDER SELL 1x SPY: 📋 Order Summary:
   SELL 1 SPY @ MARKET (~$689.60)
   Estimated total: $689.60
Traceback (most recent call last):
  File "/usr/local/lib/python3.11/dist-packages/alpaca/common/rest.py", line 198, in _one_request
    response.raise_for_status()
  File "/usr/local/lib/python3.11/dist-packages/requests
[2026-04-30 02:56:58 UTC] -- QQQ
[2026-04-30 02:56:59 UTC]   bars=62  signal=SELL  price=$661.59  SMA=$629.54  lower=$574.42  upper=$684.67
[2026-04-30 02:56:59 UTC]   SKIP SELL: no position.
[2026-04-30 02:56:59 UTC] === Scan cycle complete ===

[2026-04-30 03:03:49 UTC] === Mean-Reversion scan cycle start ===
[2026-04-30 03:03:51 UTC] Equity: $99,998.20  |  Buying power: $198,593.97
[2026-04-30 03:03:51 UTC] Open positions: {'AAPL': 1.0, 'MSFT': 1.0, 'SPY': 1.0}
[2026-04-30 03:03:51 UTC] Watchlist (10): ['AAPL', 'MSFT', 'NVDA', 'AMD', 'TSLA', 'META', 'GOOGL', 'AMZN', 'SPY', 'QQQ']
[2026-04-30 03:03:51 UTC] -- AAPL
[2026-04-30 03:03:52 UTC]   bars=62  signal=SELL  price=$270.15  SMA=$264.34  lower=$251.50  upper=$277.17
[2026-04-30 03:03:52 UTC]   → SELLING 1 shares @ ~$270.15
[2026-04-30 03:03:54 UTC]   ORDER SELL 1x AAPL: 📋 Order Summary:
   SELL 1 AAPL @ MARKET (~$254.12)
   Estimated total: $254.12
Traceback (most recent call last):
  File "/usr/local/lib/python3.11/dist-packages/alpaca/common/rest.py", line 198, in _one_request
    response.raise_for_status()
  File "/usr/local/lib/python3.11/dist-packages/request
[2026-04-30 03:03:54 UTC] -- MSFT
[2026-04-30 03:03:55 UTC]   bars=62  signal=SELL  price=$424.80  SMA=$401.61  lower=$353.43  upper=$449.79
[2026-04-30 03:03:55 UTC]   → SELLING 1 shares @ ~$424.80
[2026-04-30 03:03:57 UTC]   ORDER SELL 1x MSFT: 📋 Order Summary:
   SELL 1 MSFT @ MARKET (~$400.00)
   Estimated total: $400.00
Traceback (most recent call last):
  File "/usr/local/lib/python3.11/dist-packages/alpaca/common/rest.py", line 198, in _one_request
    response.raise_for_status()
  File "/usr/local/lib/python3.11/dist-packages/request
[2026-04-30 03:03:57 UTC] -- NVDA
[2026-04-30 03:03:58 UTC]   bars=62  signal=SELL  price=$209.35  SMA=$194.96  lower=$170.35  upper=$219.57
[2026-04-30 03:03:58 UTC]   SKIP SELL: no position.
[2026-04-30 03:03:58 UTC] -- AMD
[2026-04-30 03:03:58 UTC]   bars=62  signal=SELL  price=$337.10  SMA=$270.52  lower=$186.26  upper=$354.78
[2026-04-30 03:03:58 UTC]   SKIP SELL: no position.
[2026-04-30 03:03:58 UTC] -- TSLA
[2026-04-30 03:03:59 UTC]   bars=62  signal=SELL  price=$372.80  SMA=$371.03  lower=$335.99  upper=$406.06
[2026-04-30 03:03:59 UTC]   SKIP SELL: no position.
[2026-04-30 03:03:59 UTC] -- META
[2026-04-30 03:04:00 UTC]   bars=62  signal=SELL  price=$669.47  SMA=$643.72  lower=$565.53  upper=$721.91
[2026-04-30 03:04:00 UTC]   SKIP SELL: no position.
[2026-04-30 03:04:00 UTC] -- GOOGL
[2026-04-30 03:04:00 UTC]   bars=62  signal=SELL  price=$350.27  SMA=$328.17  lower=$293.31  upper=$363.03
[2026-04-30 03:04:00 UTC]   SKIP SELL: no position.
[2026-04-30 03:04:00 UTC] -- AMZN
[2026-04-30 03:04:01 UTC]   bars=62  signal=SELL  price=$263.22  SMA=$241.72  lower=$205.72  upper=$277.72
[2026-04-30 03:04:01 UTC]   SKIP SELL: no position.
[2026-04-30 03:04:01 UTC] -- SPY
[2026-04-30 03:04:02 UTC]   bars=62  signal=SELL  price=$711.59  SMA=$692.03  lower=$650.15  upper=$733.92
[2026-04-30 03:04:02 UTC]   → SELLING 1 shares @ ~$711.59
[2026-04-30 03:04:04 UTC]   ORDER SELL 1x SPY: 📋 Order Summary:
   SELL 1 SPY @ MARKET (~$689.60)
   Estimated total: $689.60
Traceback (most recent call last):
  File "/usr/local/lib/python3.11/dist-packages/alpaca/common/rest.py", line 198, in _one_request
    response.raise_for_status()
  File "/usr/local/lib/python3.11/dist-packages/requests
[2026-04-30 03:04:04 UTC] -- QQQ
[2026-04-30 03:04:04 UTC]   bars=62  signal=SELL  price=$661.59  SMA=$629.54  lower=$574.42  upper=$684.67
[2026-04-30 03:04:04 UTC]   SKIP SELL: no position.
[2026-04-30 03:04:04 UTC] === Scan cycle complete ===

[2026-04-30 03:06:42 UTC] === Mean-Reversion scan cycle start ===
[2026-04-30 03:06:44 UTC] Equity: $99,998.63  |  Buying power: $198,594.40
[2026-04-30 03:06:44 UTC] Open positions: {'AAPL': 1.0, 'MSFT': 1.0, 'SPY': 1.0}
[2026-04-30 03:06:44 UTC] Watchlist (10): ['AAPL', 'MSFT', 'NVDA', 'AMD', 'TSLA', 'META', 'GOOGL', 'AMZN', 'SPY', 'QQQ']
[2026-04-30 03:06:44 UTC] -- AAPL
[2026-04-30 03:06:44 UTC]   bars=62  signal=SELL  price=$270.15  SMA=$264.34  lower=$251.50  upper=$277.17
[2026-04-30 03:06:45 UTC]   → SELLING 1 shares @ ~$270.15
[2026-04-30 03:06:47 UTC]   ORDER SELL 1x AAPL: 📋 Order Summary:
   SELL 1 AAPL @ MARKET (~$254.12)
   Estimated total: $254.12
Traceback (most recent call last):
  File "/usr/local/lib/python3.11/dist-packages/alpaca/common/rest.py", line 198, in _one_request
    response.raise_for_status()
  File "/usr/local/lib/python3.11/dist-packages/request
[2026-04-30 03:06:47 UTC] -- MSFT
[2026-04-30 03:06:48 UTC]   bars=62  signal=SELL  price=$424.80  SMA=$401.61  lower=$353.43  upper=$449.79
[2026-04-30 03:06:48 UTC]   → SELLING 1 shares @ ~$424.80
[2026-04-30 03:06:50 UTC]   ORDER SELL 1x MSFT: 📋 Order Summary:
   SELL 1 MSFT @ MARKET (~$400.00)
   Estimated total: $400.00
Traceback (most recent call last):
  File "/usr/local/lib/python3.11/dist-packages/alpaca/common/rest.py", line 198, in _one_request
    response.raise_for_status()
  File "/usr/local/lib/python3.11/dist-packages/request
[2026-04-30 03:06:50 UTC] -- NVDA
[2026-04-30 03:06:51 UTC]   bars=62  signal=SELL  price=$209.35  SMA=$194.96  lower=$170.35  upper=$219.57
[2026-04-30 03:06:51 UTC]   SKIP SELL: no position.
[2026-04-30 03:06:51 UTC] -- AMD
[2026-04-30 03:06:51 UTC]   bars=62  signal=SELL  price=$337.10  SMA=$270.52  lower=$186.26  upper=$354.78
[2026-04-30 03:06:51 UTC]   SKIP SELL: no position.
[2026-04-30 03:06:51 UTC] -- TSLA
[2026-04-30 03:06:52 UTC]   bars=62  signal=SELL  price=$372.80  SMA=$371.03  lower=$335.99  upper=$406.06
[2026-04-30 03:06:52 UTC]   SKIP SELL: no position.
[2026-04-30 03:06:52 UTC] -- META
[2026-04-30 03:06:53 UTC]   bars=62  signal=SELL  price=$669.47  SMA=$643.72  lower=$565.53  upper=$721.91
[2026-04-30 03:06:53 UTC]   SKIP SELL: no position.
[2026-04-30 03:06:53 UTC] -- GOOGL
[2026-04-30 03:06:53 UTC]   bars=62  signal=SELL  price=$350.27  SMA=$328.17  lower=$293.31  upper=$363.03
[2026-04-30 03:06:53 UTC]   SKIP SELL: no position.
[2026-04-30 03:06:53 UTC] -- AMZN
[2026-04-30 03:06:54 UTC]   bars=62  signal=SELL  price=$263.22  SMA=$241.72  lower=$205.72  upper=$277.72
[2026-04-30 03:06:54 UTC]   SKIP SELL: no position.
[2026-04-30 03:06:54 UTC] -- SPY
[2026-04-30 03:06:55 UTC]   bars=62  signal=SELL  price=$711.59  SMA=$692.03  lower=$650.15  upper=$733.92
[2026-04-30 03:06:55 UTC]   → SELLING 1 shares @ ~$711.59
[2026-04-30 03:06:57 UTC]   ORDER SELL 1x SPY: 📋 Order Summary:
   SELL 1 SPY @ MARKET (~$689.60)
   Estimated total: $689.60
Traceback (most recent call last):
  File "/usr/local/lib/python3.11/dist-packages/alpaca/common/rest.py", line 198, in _one_request
    response.raise_for_status()
  File "/usr/local/lib/python3.11/dist-packages/requests
[2026-04-30 03:06:57 UTC] -- QQQ
[2026-04-30 03:06:58 UTC]   bars=62  signal=SELL  price=$661.59  SMA=$629.54  lower=$574.42  upper=$684.67
[2026-04-30 03:06:58 UTC]   SKIP SELL: no position.
[2026-04-30 03:06:58 UTC] === Scan cycle complete ===

[2026-04-30 03:11:42 UTC] === Mean-Reversion scan cycle start ===
[2026-04-30 03:11:43 UTC] Equity: $99,998.80  |  Buying power: $198,594.57
[2026-04-30 03:11:44 UTC] Open positions: {'AAPL': 1.0, 'MSFT': 1.0, 'SPY': 1.0}
[2026-04-30 03:11:44 UTC] Watchlist (10): ['AAPL', 'MSFT', 'NVDA', 'AMD', 'TSLA', 'META', 'GOOGL', 'AMZN', 'SPY', 'QQQ']
[2026-04-30 03:11:44 UTC] -- AAPL
[2026-04-30 03:11:44 UTC]   bars=62  signal=SELL  price=$270.15  SMA=$264.34  lower=$251.50  upper=$277.17
[2026-04-30 03:11:44 UTC]   → SELLING 1 shares @ ~$270.15
[2026-04-30 03:11:47 UTC]   ORDER SELL 1x AAPL: 📋 Order Summary:
   SELL 1 AAPL @ MARKET (~$254.12)
   Estimated total: $254.12
Traceback (most recent call last):
  File "/usr/local/lib/python3.11/dist-packages/alpaca/common/rest.py", line 198, in _one_request
    response.raise_for_status()
  File "/usr/local/lib/python3.11/dist-packages/request
[2026-04-30 03:11:47 UTC] -- MSFT
[2026-04-30 03:11:47 UTC]   bars=62  signal=SELL  price=$424.80  SMA=$401.61  lower=$353.43  upper=$449.79
[2026-04-30 03:11:47 UTC]   → SELLING 1 shares @ ~$424.80
[2026-04-30 03:11:49 UTC]   ORDER SELL 1x MSFT: 📋 Order Summary:
   SELL 1 MSFT @ MARKET (~$400.00)
   Estimated total: $400.00
Traceback (most recent call last):
  File "/usr/local/lib/python3.11/dist-packages/alpaca/common/rest.py", line 198, in _one_request
    response.raise_for_status()
  File "/usr/local/lib/python3.11/dist-packages/request
[2026-04-30 03:11:49 UTC] -- NVDA
[2026-04-30 03:11:50 UTC]   bars=62  signal=SELL  price=$209.35  SMA=$194.96  lower=$170.35  upper=$219.57
[2026-04-30 03:11:50 UTC]   SKIP SELL: no position.
[2026-04-30 03:11:50 UTC] -- AMD
[2026-04-30 03:11:51 UTC]   bars=62  signal=SELL  price=$337.10  SMA=$270.52  lower=$186.26  upper=$354.78
[2026-04-30 03:11:51 UTC]   SKIP SELL: no position.
[2026-04-30 03:11:51 UTC] -- TSLA
[2026-04-30 03:11:51 UTC]   bars=62  signal=SELL  price=$372.80  SMA=$371.03  lower=$335.99  upper=$406.06
[2026-04-30 03:11:51 UTC]   SKIP SELL: no position.
[2026-04-30 03:11:51 UTC] -- META
[2026-04-30 03:11:52 UTC]   bars=62  signal=SELL  price=$669.47  SMA=$643.72  lower=$565.53  upper=$721.91
[2026-04-30 03:11:52 UTC]   SKIP SELL: no position.
[2026-04-30 03:11:52 UTC] -- GOOGL
[2026-04-30 03:11:53 UTC]   bars=62  signal=SELL  price=$350.27  SMA=$328.17  lower=$293.31  upper=$363.03
[2026-04-30 03:11:53 UTC]   SKIP SELL: no position.
[2026-04-30 03:11:53 UTC] -- AMZN
[2026-04-30 03:11:53 UTC]   bars=62  signal=SELL  price=$263.22  SMA=$241.72  lower=$205.72  upper=$277.72
[2026-04-30 03:11:53 UTC]   SKIP SELL: no position.
[2026-04-30 03:11:53 UTC] -- SPY
[2026-04-30 03:11:54 UTC]   bars=62  signal=SELL  price=$711.59  SMA=$692.03  lower=$650.15  upper=$733.92
[2026-04-30 03:11:54 UTC]   → SELLING 1 shares @ ~$711.59
[2026-04-30 03:11:56 UTC]   ORDER SELL 1x SPY: 📋 Order Summary:
   SELL 1 SPY @ MARKET (~$689.60)
   Estimated total: $689.60
Traceback (most recent call last):
  File "/usr/local/lib/python3.11/dist-packages/alpaca/common/rest.py", line 198, in _one_request
    response.raise_for_status()
  File "/usr/local/lib/python3.11/dist-packages/requests
[2026-04-30 03:11:56 UTC] -- QQQ
[2026-04-30 03:11:57 UTC]   bars=62  signal=SELL  price=$661.59  SMA=$629.54  lower=$574.42  upper=$684.67
[2026-04-30 03:11:57 UTC]   SKIP SELL: no position.
[2026-04-30 03:11:57 UTC] === Scan cycle complete ===

[2026-04-30 03:16:44 UTC] === Mean-Reversion scan cycle start ===
[2026-04-30 03:16:46 UTC] Equity: $99,997.19  |  Buying power: $198,592.96
[2026-04-30 03:16:46 UTC] Open positions: {'AAPL': 1.0, 'MSFT': 1.0, 'SPY': 1.0}
[2026-04-30 03:16:46 UTC] Watchlist (10): ['AAPL', 'MSFT', 'NVDA', 'AMD', 'TSLA', 'META', 'GOOGL', 'AMZN', 'SPY', 'QQQ']
[2026-04-30 03:16:46 UTC] -- AAPL
[2026-04-30 03:16:47 UTC]   bars=62  signal=SELL  price=$270.15  SMA=$264.34  lower=$251.50  upper=$277.17
[2026-04-30 03:16:47 UTC]   → SELLING 1 shares @ ~$270.15
[2026-04-30 03:16:49 UTC]   ORDER SELL 1x AAPL: 📋 Order Summary:
   SELL 1 AAPL @ MARKET (~$254.12)
   Estimated total: $254.12
Traceback (most recent call last):
  File "/usr/local/lib/python3.11/dist-packages/alpaca/common/rest.py", line 198, in _one_request
    response.raise_for_status()
  File "/usr/local/lib/python3.11/dist-packages/request
[2026-04-30 03:16:49 UTC] -- MSFT
[2026-04-30 03:16:50 UTC]   bars=62  signal=SELL  price=$424.80  SMA=$401.61  lower=$353.43  upper=$449.79
[2026-04-30 03:16:50 UTC]   → SELLING 1 shares @ ~$424.80
[2026-04-30 03:16:52 UTC]   ORDER SELL 1x MSFT: 📋 Order Summary:
   SELL 1 MSFT @ MARKET (~$400.00)
   Estimated total: $400.00
Traceback (most recent call last):
  File "/usr/local/lib/python3.11/dist-packages/alpaca/common/rest.py", line 198, in _one_request
    response.raise_for_status()
  File "/usr/local/lib/python3.11/dist-packages/request
[2026-04-30 03:16:52 UTC] -- NVDA
[2026-04-30 03:16:52 UTC]   bars=62  signal=SELL  price=$209.35  SMA=$194.96  lower=$170.35  upper=$219.57
[2026-04-30 03:16:52 UTC]   SKIP SELL: no position.
[2026-04-30 03:16:53 UTC] -- AMD
[2026-04-30 03:16:53 UTC]   bars=62  signal=SELL  price=$337.10  SMA=$270.52  lower=$186.26  upper=$354.78
[2026-04-30 03:16:53 UTC]   SKIP SELL: no position.
[2026-04-30 03:16:53 UTC] -- TSLA
[2026-04-30 03:16:54 UTC]   bars=62  signal=SELL  price=$372.80  SMA=$371.03  lower=$335.99  upper=$406.06
[2026-04-30 03:16:54 UTC]   SKIP SELL: no position.
[2026-04-30 03:16:54 UTC] -- META
[2026-04-30 03:16:54 UTC]   bars=62  signal=SELL  price=$669.47  SMA=$643.72  lower=$565.53  upper=$721.91
[2026-04-30 03:16:54 UTC]   SKIP SELL: no position.
[2026-04-30 03:16:54 UTC] -- GOOGL
[2026-04-30 03:16:55 UTC]   bars=62  signal=SELL  price=$350.27  SMA=$328.17  lower=$293.31  upper=$363.03
[2026-04-30 03:16:55 UTC]   SKIP SELL: no position.
[2026-04-30 03:16:55 UTC] -- AMZN
[2026-04-30 03:16:56 UTC]   bars=62  signal=SELL  price=$263.22  SMA=$241.72  lower=$205.72  upper=$277.72
[2026-04-30 03:16:56 UTC]   SKIP SELL: no position.
[2026-04-30 03:16:56 UTC] -- SPY
[2026-04-30 03:16:56 UTC]   bars=62  signal=SELL  price=$711.59  SMA=$692.03  lower=$650.15  upper=$733.92
[2026-04-30 03:16:56 UTC]   → SELLING 1 shares @ ~$711.59
[2026-04-30 03:16:59 UTC]   ORDER SELL 1x SPY: 📋 Order Summary:
   SELL 1 SPY @ MARKET (~$689.60)
   Estimated total: $689.60
Traceback (most recent call last):
  File "/usr/local/lib/python3.11/dist-packages/alpaca/common/rest.py", line 198, in _one_request
    response.raise_for_status()
  File "/usr/local/lib/python3.11/dist-packages/requests
[2026-04-30 03:16:59 UTC] -- QQQ
[2026-04-30 03:17:00 UTC]   bars=62  signal=SELL  price=$661.59  SMA=$629.54  lower=$574.42  upper=$684.67
[2026-04-30 03:17:00 UTC]   SKIP SELL: no position.
[2026-04-30 03:17:00 UTC] === Scan cycle complete ===

[2026-04-30 03:21:43 UTC] === Mean-Reversion scan cycle start ===
[2026-04-30 03:21:44 UTC] Equity: $99,996.87  |  Buying power: $198,592.64
[2026-04-30 03:21:44 UTC] Open positions: {'AAPL': 1.0, 'MSFT': 1.0, 'SPY': 1.0}
[2026-04-30 03:21:44 UTC] Watchlist (10): ['AAPL', 'MSFT', 'NVDA', 'AMD', 'TSLA', 'META', 'GOOGL', 'AMZN', 'SPY', 'QQQ']
[2026-04-30 03:21:44 UTC] -- AAPL
[2026-04-30 03:21:45 UTC]   bars=62  signal=SELL  price=$270.15  SMA=$264.34  lower=$251.50  upper=$277.17
[2026-04-30 03:21:45 UTC]   → SELLING 1 shares @ ~$270.15
[2026-04-30 03:21:47 UTC]   ORDER SELL 1x AAPL: 📋 Order Summary:
   SELL 1 AAPL @ MARKET (~$254.12)
   Estimated total: $254.12
Traceback (most recent call last):
  File "/usr/local/lib/python3.11/dist-packages/alpaca/common/rest.py", line 198, in _one_request
    response.raise_for_status()
  File "/usr/local/lib/python3.11/dist-packages/request
[2026-04-30 03:21:47 UTC] -- MSFT
[2026-04-30 03:21:48 UTC]   bars=62  signal=SELL  price=$424.80  SMA=$401.61  lower=$353.43  upper=$449.79
[2026-04-30 03:21:48 UTC]   → SELLING 1 shares @ ~$424.80
[2026-04-30 03:21:50 UTC]   ORDER SELL 1x MSFT: 📋 Order Summary:
   SELL 1 MSFT @ MARKET (~$400.00)
   Estimated total: $400.00
Traceback (most recent call last):
  File "/usr/local/lib/python3.11/dist-packages/alpaca/common/rest.py", line 198, in _one_request
    response.raise_for_status()
  File "/usr/local/lib/python3.11/dist-packages/request
[2026-04-30 03:21:50 UTC] -- NVDA
[2026-04-30 03:21:51 UTC]   bars=62  signal=SELL  price=$209.35  SMA=$194.96  lower=$170.35  upper=$219.57
[2026-04-30 03:21:51 UTC]   SKIP SELL: no position.
[2026-04-30 03:21:51 UTC] -- AMD
[2026-04-30 03:21:52 UTC]   bars=62  signal=SELL  price=$337.10  SMA=$270.52  lower=$186.26  upper=$354.78
[2026-04-30 03:21:52 UTC]   SKIP SELL: no position.
[2026-04-30 03:21:52 UTC] -- TSLA
[2026-04-30 03:21:52 UTC]   bars=62  signal=SELL  price=$372.80  SMA=$371.03  lower=$335.99  upper=$406.06
[2026-04-30 03:21:52 UTC]   SKIP SELL: no position.
[2026-04-30 03:21:52 UTC] -- META
[2026-04-30 03:21:53 UTC]   bars=62  signal=SELL  price=$669.47  SMA=$643.72  lower=$565.53  upper=$721.91
[2026-04-30 03:21:53 UTC]   SKIP SELL: no position.
[2026-04-30 03:21:53 UTC] -- GOOGL
[2026-04-30 03:21:54 UTC]   bars=62  signal=SELL  price=$350.27  SMA=$328.17  lower=$293.31  upper=$363.03
[2026-04-30 03:21:54 UTC]   SKIP SELL: no position.
[2026-04-30 03:21:54 UTC] -- AMZN
[2026-04-30 03:21:54 UTC]   bars=62  signal=SELL  price=$263.22  SMA=$241.72  lower=$205.72  upper=$277.72
[2026-04-30 03:21:54 UTC]   SKIP SELL: no position.
[2026-04-30 03:21:54 UTC] -- SPY
[2026-04-30 03:21:55 UTC]   bars=62  signal=SELL  price=$711.59  SMA=$692.03  lower=$650.15  upper=$733.92
[2026-04-30 03:21:55 UTC]   → SELLING 1 shares @ ~$711.59
[2026-04-30 03:21:57 UTC]   ORDER SELL 1x SPY: 📋 Order Summary:
   SELL 1 SPY @ MARKET (~$689.60)
   Estimated total: $689.60
Traceback (most recent call last):
  File "/usr/local/lib/python3.11/dist-packages/alpaca/common/rest.py", line 198, in _one_request
    response.raise_for_status()
  File "/usr/local/lib/python3.11/dist-packages/requests
[2026-04-30 03:21:57 UTC] -- QQQ
[2026-04-30 03:21:58 UTC]   bars=62  signal=SELL  price=$661.59  SMA=$629.54  lower=$574.42  upper=$684.67
[2026-04-30 03:21:58 UTC]   SKIP SELL: no position.
[2026-04-30 03:21:58 UTC] === Scan cycle complete ===

[2026-04-30 03:26:40 UTC] === Mean-Reversion scan cycle start ===
[2026-04-30 03:26:42 UTC] Equity: $99,997.03  |  Buying power: $198,592.80
[2026-04-30 03:26:42 UTC] Open positions: {'AAPL': 1.0, 'MSFT': 1.0, 'SPY': 1.0}
[2026-04-30 03:26:42 UTC] Watchlist (10): ['AAPL', 'MSFT', 'NVDA', 'AMD', 'TSLA', 'META', 'GOOGL', 'AMZN', 'SPY', 'QQQ']
[2026-04-30 03:26:42 UTC] -- AAPL
[2026-04-30 03:26:43 UTC]   bars=62  signal=SELL  price=$270.15  SMA=$264.34  lower=$251.50  upper=$277.17
[2026-04-30 03:26:43 UTC]   → SELLING 1 shares @ ~$270.15
[2026-04-30 03:26:46 UTC]   ORDER SELL 1x AAPL: 📋 Order Summary:
   SELL 1 AAPL @ MARKET (~$254.12)
   Estimated total: $254.12
Traceback (most recent call last):
  File "/usr/local/lib/python3.11/dist-packages/alpaca/common/rest.py", line 198, in _one_request
    response.raise_for_status()
  File "/usr/local/lib/python3.11/dist-packages/request
[2026-04-30 03:26:46 UTC] -- MSFT
[2026-04-30 03:26:47 UTC]   bars=62  signal=SELL  price=$424.80  SMA=$401.61  lower=$353.43  upper=$449.79
[2026-04-30 03:26:47 UTC]   → SELLING 1 shares @ ~$424.80
[2026-04-30 03:26:49 UTC]   ORDER SELL 1x MSFT: 📋 Order Summary:
   SELL 1 MSFT @ MARKET (~$400.00)
   Estimated total: $400.00
Traceback (most recent call last):
  File "/usr/local/lib/python3.11/dist-packages/alpaca/common/rest.py", line 198, in _one_request
    response.raise_for_status()
  File "/usr/local/lib/python3.11/dist-packages/request
[2026-04-30 03:26:49 UTC] -- NVDA
[2026-04-30 03:26:50 UTC]   bars=62  signal=SELL  price=$209.35  SMA=$194.96  lower=$170.35  upper=$219.57
[2026-04-30 03:26:50 UTC]   SKIP SELL: no position.
[2026-04-30 03:26:50 UTC] -- AMD
[2026-04-30 03:26:50 UTC]   bars=62  signal=SELL  price=$337.10  SMA=$270.52  lower=$186.26  upper=$354.78
[2026-04-30 03:26:50 UTC]   SKIP SELL: no position.
[2026-04-30 03:26:50 UTC] -- TSLA
[2026-04-30 03:26:51 UTC]   bars=62  signal=SELL  price=$372.80  SMA=$371.03  lower=$335.99  upper=$406.06
[2026-04-30 03:26:51 UTC]   SKIP SELL: no position.
[2026-04-30 03:26:51 UTC] -- META
[2026-04-30 03:26:52 UTC]   bars=62  signal=SELL  price=$669.47  SMA=$643.72  lower=$565.53  upper=$721.91
[2026-04-30 03:26:52 UTC]   SKIP SELL: no position.
[2026-04-30 03:26:52 UTC] -- GOOGL
[2026-04-30 03:26:52 UTC]   bars=62  signal=SELL  price=$350.27  SMA=$328.17  lower=$293.31  upper=$363.03
[2026-04-30 03:26:52 UTC]   SKIP SELL: no position.
[2026-04-30 03:26:52 UTC] -- AMZN
[2026-04-30 03:26:53 UTC]   bars=62  signal=SELL  price=$263.22  SMA=$241.72  lower=$205.72  upper=$277.72
[2026-04-30 03:26:53 UTC]   SKIP SELL: no position.
[2026-04-30 03:26:53 UTC] -- SPY
[2026-04-30 03:26:54 UTC]   bars=62  signal=SELL  price=$711.59  SMA=$692.03  lower=$650.15  upper=$733.92
[2026-04-30 03:26:54 UTC]   → SELLING 1 shares @ ~$711.59
[2026-04-30 03:26:56 UTC]   ORDER SELL 1x SPY: 📋 Order Summary:
   SELL 1 SPY @ MARKET (~$689.60)
   Estimated total: $689.60
Traceback (most recent call last):
  File "/usr/local/lib/python3.11/dist-packages/alpaca/common/rest.py", line 198, in _one_request
    response.raise_for_status()
  File "/usr/local/lib/python3.11/dist-packages/requests
[2026-04-30 03:26:56 UTC] -- QQQ
[2026-04-30 03:26:57 UTC]   bars=62  signal=SELL  price=$661.59  SMA=$629.54  lower=$574.42  upper=$684.67
[2026-04-30 03:26:57 UTC]   SKIP SELL: no position.
[2026-04-30 03:26:57 UTC] === Scan cycle complete ===

[2026-04-30 03:31:42 UTC] === Mean-Reversion scan cycle start ===
[2026-04-30 03:31:43 UTC] Equity: $99,997.16  |  Buying power: $198,592.93
[2026-04-30 03:31:43 UTC] Open positions: {'AAPL': 1.0, 'MSFT': 1.0, 'SPY': 1.0}
[2026-04-30 03:31:43 UTC] Watchlist (10): ['AAPL', 'MSFT', 'NVDA', 'AMD', 'TSLA', 'META', 'GOOGL', 'AMZN', 'SPY', 'QQQ']
[2026-04-30 03:31:44 UTC] -- AAPL
[2026-04-30 03:31:44 UTC]   bars=62  signal=SELL  price=$270.15  SMA=$264.34  lower=$251.50  upper=$277.17
[2026-04-30 03:31:44 UTC]   → SELLING 1 shares @ ~$270.15
[2026-04-30 03:31:47 UTC]   ORDER SELL 1x AAPL: 📋 Order Summary:
   SELL 1 AAPL @ MARKET (~$254.12)
   Estimated total: $254.12
Traceback (most recent call last):
  File "/usr/local/lib/python3.11/dist-packages/alpaca/common/rest.py", line 198, in _one_request
    response.raise_for_status()
  File "/usr/local/lib/python3.11/dist-packages/request
[2026-04-30 03:31:47 UTC] -- MSFT
[2026-04-30 03:31:47 UTC]   bars=62  signal=SELL  price=$424.80  SMA=$401.61  lower=$353.43  upper=$449.79
[2026-04-30 03:31:47 UTC]   → SELLING 1 shares @ ~$424.80
[2026-04-30 03:31:49 UTC]   ORDER SELL 1x MSFT: 📋 Order Summary:
   SELL 1 MSFT @ MARKET (~$400.00)
   Estimated total: $400.00
Traceback (most recent call last):
  File "/usr/local/lib/python3.11/dist-packages/alpaca/common/rest.py", line 198, in _one_request
    response.raise_for_status()
  File "/usr/local/lib/python3.11/dist-packages/request
[2026-04-30 03:31:49 UTC] -- NVDA
[2026-04-30 03:31:50 UTC]   bars=62  signal=SELL  price=$209.35  SMA=$194.96  lower=$170.35  upper=$219.57
[2026-04-30 03:31:50 UTC]   SKIP SELL: no position.
[2026-04-30 03:31:50 UTC] -- AMD
[2026-04-30 03:31:51 UTC]   bars=62  signal=SELL  price=$337.10  SMA=$270.52  lower=$186.26  upper=$354.78
[2026-04-30 03:31:51 UTC]   SKIP SELL: no position.
[2026-04-30 03:31:51 UTC] -- TSLA
[2026-04-30 03:31:51 UTC]   bars=62  signal=SELL  price=$372.80  SMA=$371.03  lower=$335.99  upper=$406.06
[2026-04-30 03:31:51 UTC]   SKIP SELL: no position.
[2026-04-30 03:31:51 UTC] -- META
[2026-04-30 03:31:52 UTC]   bars=62  signal=SELL  price=$669.47  SMA=$643.72  lower=$565.53  upper=$721.91
[2026-04-30 03:31:52 UTC]   SKIP SELL: no position.
[2026-04-30 03:31:52 UTC] -- GOOGL
[2026-04-30 03:31:53 UTC]   bars=62  signal=SELL  price=$350.27  SMA=$328.17  lower=$293.31  upper=$363.03
[2026-04-30 03:31:53 UTC]   SKIP SELL: no position.
[2026-04-30 03:31:53 UTC] -- AMZN
[2026-04-30 03:31:53 UTC]   bars=62  signal=SELL  price=$263.22  SMA=$241.72  lower=$205.72  upper=$277.72
[2026-04-30 03:31:53 UTC]   SKIP SELL: no position.
[2026-04-30 03:31:53 UTC] -- SPY
[2026-04-30 03:31:54 UTC]   bars=62  signal=SELL  price=$711.59  SMA=$692.03  lower=$650.15  upper=$733.92
[2026-04-30 03:31:54 UTC]   → SELLING 1 shares @ ~$711.59
[2026-04-30 03:31:56 UTC]   ORDER SELL 1x SPY: 📋 Order Summary:
   SELL 1 SPY @ MARKET (~$689.60)
   Estimated total: $689.60
Traceback (most recent call last):
  File "/usr/local/lib/python3.11/dist-packages/alpaca/common/rest.py", line 198, in _one_request
    response.raise_for_status()
  File "/usr/local/lib/python3.11/dist-packages/requests
[2026-04-30 03:31:56 UTC] -- QQQ
[2026-04-30 03:31:57 UTC]   bars=62  signal=SELL  price=$661.59  SMA=$629.54  lower=$574.42  upper=$684.67
[2026-04-30 03:31:57 UTC]   SKIP SELL: no position.
[2026-04-30 03:31:57 UTC] === Scan cycle complete ===

[2026-04-30 03:36:41 UTC] === Mean-Reversion scan cycle start ===
[2026-04-30 03:36:43 UTC] Equity: $99,997.18  |  Buying power: $198,592.95
[2026-04-30 03:36:43 UTC] Open positions: {'AAPL': 1.0, 'MSFT': 1.0, 'SPY': 1.0}
[2026-04-30 03:36:43 UTC] Watchlist (10): ['AAPL', 'MSFT', 'NVDA', 'AMD', 'TSLA', 'META', 'GOOGL', 'AMZN', 'SPY', 'QQQ']
[2026-04-30 03:36:43 UTC] -- AAPL
[2026-04-30 03:36:44 UTC]   bars=62  signal=SELL  price=$270.15  SMA=$264.34  lower=$251.50  upper=$277.17
[2026-04-30 03:36:44 UTC]   → SELLING 1 shares @ ~$270.15
[2026-04-30 03:36:46 UTC]   ORDER SELL 1x AAPL: 📋 Order Summary:
   SELL 1 AAPL @ MARKET (~$254.12)
   Estimated total: $254.12
Traceback (most recent call last):
  File "/usr/local/lib/python3.11/dist-packages/alpaca/common/rest.py", line 198, in _one_request
    response.raise_for_status()
  File "/usr/local/lib/python3.11/dist-packages/request
[2026-04-30 03:36:46 UTC] -- MSFT
[2026-04-30 03:36:47 UTC]   bars=62  signal=SELL  price=$424.80  SMA=$401.61  lower=$353.43  upper=$449.79
[2026-04-30 03:36:47 UTC]   → SELLING 1 shares @ ~$424.80
[2026-04-30 03:36:49 UTC]   ORDER SELL 1x MSFT: 📋 Order Summary:
   SELL 1 MSFT @ MARKET (~$400.00)
   Estimated total: $400.00
Traceback (most recent call last):
  File "/usr/local/lib/python3.11/dist-packages/alpaca/common/rest.py", line 198, in _one_request
    response.raise_for_status()
  File "/usr/local/lib/python3.11/dist-packages/request
[2026-04-30 03:36:49 UTC] -- NVDA
[2026-04-30 03:36:50 UTC]   bars=62  signal=SELL  price=$209.35  SMA=$194.96  lower=$170.35  upper=$219.57
[2026-04-30 03:36:50 UTC]   SKIP SELL: no position.
[2026-04-30 03:36:50 UTC] -- AMD
[2026-04-30 03:36:50 UTC]   bars=62  signal=SELL  price=$337.10  SMA=$270.52  lower=$186.26  upper=$354.78
[2026-04-30 03:36:50 UTC]   SKIP SELL: no position.
[2026-04-30 03:36:50 UTC] -- TSLA
[2026-04-30 03:36:51 UTC]   bars=62  signal=SELL  price=$372.80  SMA=$371.03  lower=$335.99  upper=$406.06
[2026-04-30 03:36:51 UTC]   SKIP SELL: no position.
[2026-04-30 03:36:51 UTC] -- META
[2026-04-30 03:36:52 UTC]   bars=62  signal=SELL  price=$669.47  SMA=$643.72  lower=$565.53  upper=$721.91
[2026-04-30 03:36:52 UTC]   SKIP SELL: no position.
[2026-04-30 03:36:52 UTC] -- GOOGL
[2026-04-30 03:36:53 UTC]   bars=62  signal=SELL  price=$350.27  SMA=$328.17  lower=$293.31  upper=$363.03
[2026-04-30 03:36:53 UTC]   SKIP SELL: no position.
[2026-04-30 03:36:53 UTC] -- AMZN
[2026-04-30 03:36:53 UTC]   bars=62  signal=SELL  price=$263.22  SMA=$241.72  lower=$205.72  upper=$277.72
[2026-04-30 03:36:53 UTC]   SKIP SELL: no position.
[2026-04-30 03:36:53 UTC] -- SPY
[2026-04-30 03:36:54 UTC]   bars=62  signal=SELL  price=$711.59  SMA=$692.03  lower=$650.15  upper=$733.92
[2026-04-30 03:36:54 UTC]   → SELLING 1 shares @ ~$711.59
[2026-04-30 03:36:57 UTC]   ORDER SELL 1x SPY: 📋 Order Summary:
   SELL 1 SPY @ MARKET (~$689.60)
   Estimated total: $689.60
Traceback (most recent call last):
  File "/usr/local/lib/python3.11/dist-packages/alpaca/common/rest.py", line 198, in _one_request
    response.raise_for_status()
  File "/usr/local/lib/python3.11/dist-packages/requests
[2026-04-30 03:36:57 UTC] -- QQQ
[2026-04-30 03:36:57 UTC]   bars=62  signal=SELL  price=$661.59  SMA=$629.54  lower=$574.42  upper=$684.67
[2026-04-30 03:36:57 UTC]   SKIP SELL: no position.
[2026-04-30 03:36:57 UTC] === Scan cycle complete ===

[2026-04-30 03:41:41 UTC] === Mean-Reversion scan cycle start ===
[2026-04-30 03:41:43 UTC] Equity: $99,997.29  |  Buying power: $198,593.06
[2026-04-30 03:41:43 UTC] Open positions: {'AAPL': 1.0, 'MSFT': 1.0, 'SPY': 1.0}
[2026-04-30 03:41:43 UTC] Watchlist (10): ['AAPL', 'MSFT', 'NVDA', 'AMD', 'TSLA', 'META', 'GOOGL', 'AMZN', 'SPY', 'QQQ']
[2026-04-30 03:41:43 UTC] -- AAPL
[2026-04-30 03:41:44 UTC]   bars=62  signal=SELL  price=$270.15  SMA=$264.34  lower=$251.50  upper=$277.17
[2026-04-30 03:41:44 UTC]   → SELLING 1 shares @ ~$270.15
[2026-04-30 03:41:46 UTC]   ORDER SELL 1x AAPL: 📋 Order Summary:
   SELL 1 AAPL @ MARKET (~$254.12)
   Estimated total: $254.12
Traceback (most recent call last):
  File "/usr/local/lib/python3.11/dist-packages/alpaca/common/rest.py", line 198, in _one_request
    response.raise_for_status()
  File "/usr/local/lib/python3.11/dist-packages/request
[2026-04-30 03:41:46 UTC] -- MSFT
[2026-04-30 03:41:47 UTC]   bars=62  signal=SELL  price=$424.80  SMA=$401.61  lower=$353.43  upper=$449.79
[2026-04-30 03:41:47 UTC]   → SELLING 1 shares @ ~$424.80
[2026-04-30 03:41:49 UTC]   ORDER SELL 1x MSFT: 📋 Order Summary:
   SELL 1 MSFT @ MARKET (~$400.00)
   Estimated total: $400.00
Traceback (most recent call last):
  File "/usr/local/lib/python3.11/dist-packages/alpaca/common/rest.py", line 198, in _one_request
    response.raise_for_status()
  File "/usr/local/lib/python3.11/dist-packages/request
[2026-04-30 03:41:49 UTC] -- NVDA
[2026-04-30 03:41:50 UTC]   bars=62  signal=SELL  price=$209.35  SMA=$194.96  lower=$170.35  upper=$219.57
[2026-04-30 03:41:50 UTC]   SKIP SELL: no position.
[2026-04-30 03:41:50 UTC] -- AMD
[2026-04-30 03:41:51 UTC]   bars=62  signal=SELL  price=$337.10  SMA=$270.52  lower=$186.26  upper=$354.78
[2026-04-30 03:41:51 UTC]   SKIP SELL: no position.
[2026-04-30 03:41:51 UTC] -- TSLA
[2026-04-30 03:41:51 UTC]   bars=62  signal=SELL  price=$372.80  SMA=$371.03  lower=$335.99  upper=$406.06
[2026-04-30 03:41:51 UTC]   SKIP SELL: no position.
[2026-04-30 03:41:51 UTC] -- META
[2026-04-30 03:41:52 UTC]   bars=62  signal=SELL  price=$669.47  SMA=$643.72  lower=$565.53  upper=$721.91
[2026-04-30 03:41:52 UTC]   SKIP SELL: no position.
[2026-04-30 03:41:52 UTC] -- GOOGL
[2026-04-30 03:41:53 UTC]   bars=62  signal=SELL  price=$350.27  SMA=$328.17  lower=$293.31  upper=$363.03
[2026-04-30 03:41:53 UTC]   SKIP SELL: no position.
[2026-04-30 03:41:53 UTC] -- AMZN
[2026-04-30 03:41:53 UTC]   bars=62  signal=SELL  price=$263.22  SMA=$241.72  lower=$205.72  upper=$277.72
[2026-04-30 03:41:53 UTC]   SKIP SELL: no position.
[2026-04-30 03:41:53 UTC] -- SPY
[2026-04-30 03:41:54 UTC]   bars=62  signal=SELL  price=$711.59  SMA=$692.03  lower=$650.15  upper=$733.92
[2026-04-30 03:41:54 UTC]   → SELLING 1 shares @ ~$711.59
[2026-04-30 03:41:56 UTC]   ORDER SELL 1x SPY: 📋 Order Summary:
   SELL 1 SPY @ MARKET (~$689.60)
   Estimated total: $689.60
Traceback (most recent call last):
  File "/usr/local/lib/python3.11/dist-packages/alpaca/common/rest.py", line 198, in _one_request
    response.raise_for_status()
  File "/usr/local/lib/python3.11/dist-packages/requests
[2026-04-30 03:41:56 UTC] -- QQQ
[2026-04-30 03:41:57 UTC]   bars=62  signal=SELL  price=$661.59  SMA=$629.54  lower=$574.42  upper=$684.67
[2026-04-30 03:41:57 UTC]   SKIP SELL: no position.
[2026-04-30 03:41:57 UTC] === Scan cycle complete ===

[2026-04-30 03:46:42 UTC] === Mean-Reversion scan cycle start ===
[2026-04-30 03:46:43 UTC] Equity: $99,996.49  |  Buying power: $198,592.26
[2026-04-30 03:46:43 UTC] Open positions: {'AAPL': 1.0, 'MSFT': 1.0, 'SPY': 1.0}
[2026-04-30 03:46:43 UTC] Watchlist (10): ['AAPL', 'MSFT', 'NVDA', 'AMD', 'TSLA', 'META', 'GOOGL', 'AMZN', 'SPY', 'QQQ']
[2026-04-30 03:46:43 UTC] -- AAPL
[2026-04-30 03:46:44 UTC]   bars=62  signal=SELL  price=$270.15  SMA=$264.34  lower=$251.50  upper=$277.17
[2026-04-30 03:46:44 UTC]   → SELLING 1 shares @ ~$270.15
[2026-04-30 03:46:47 UTC]   ORDER SELL 1x AAPL: 📋 Order Summary:
   SELL 1 AAPL @ MARKET (~$254.12)
   Estimated total: $254.12
Traceback (most recent call last):
  File "/usr/local/lib/python3.11/dist-packages/alpaca/common/rest.py", line 198, in _one_request
    response.raise_for_status()
  File "/usr/local/lib/python3.11/dist-packages/request
[2026-04-30 03:46:47 UTC] -- MSFT
[2026-04-30 03:46:47 UTC]   bars=62  signal=SELL  price=$424.80  SMA=$401.61  lower=$353.43  upper=$449.79
[2026-04-30 03:46:47 UTC]   → SELLING 1 shares @ ~$424.80
[2026-04-30 03:46:50 UTC]   ORDER SELL 1x MSFT: 📋 Order Summary:
   SELL 1 MSFT @ MARKET (~$400.00)
   Estimated total: $400.00
Traceback (most recent call last):
  File "/usr/local/lib/python3.11/dist-packages/alpaca/common/rest.py", line 198, in _one_request
    response.raise_for_status()
  File "/usr/local/lib/python3.11/dist-packages/request
[2026-04-30 03:46:50 UTC] -- NVDA
[2026-04-30 03:46:51 UTC]   bars=62  signal=SELL  price=$209.35  SMA=$194.96  lower=$170.35  upper=$219.57
[2026-04-30 03:46:51 UTC]   SKIP SELL: no position.
[2026-04-30 03:46:51 UTC] -- AMD
[2026-04-30 03:46:51 UTC]   bars=62  signal=SELL  price=$337.10  SMA=$270.52  lower=$186.26  upper=$354.78
[2026-04-30 03:46:51 UTC]   SKIP SELL: no position.
[2026-04-30 03:46:51 UTC] -- TSLA
[2026-04-30 03:46:52 UTC]   bars=62  signal=SELL  price=$372.80  SMA=$371.03  lower=$335.99  upper=$406.06
[2026-04-30 03:46:52 UTC]   SKIP SELL: no position.
[2026-04-30 03:46:52 UTC] -- META
[2026-04-30 03:46:53 UTC]   bars=62  signal=SELL  price=$669.47  SMA=$643.72  lower=$565.53  upper=$721.91
[2026-04-30 03:46:53 UTC]   SKIP SELL: no position.
[2026-04-30 03:46:53 UTC] -- GOOGL
[2026-04-30 03:46:53 UTC]   bars=62  signal=SELL  price=$350.27  SMA=$328.17  lower=$293.31  upper=$363.03
[2026-04-30 03:46:53 UTC]   SKIP SELL: no position.
[2026-04-30 03:46:53 UTC] -- AMZN
[2026-04-30 03:46:54 UTC]   bars=62  signal=SELL  price=$263.22  SMA=$241.72  lower=$205.72  upper=$277.72
[2026-04-30 03:46:54 UTC]   SKIP SELL: no position.
[2026-04-30 03:46:54 UTC] -- SPY
[2026-04-30 03:46:55 UTC]   bars=62  signal=SELL  price=$711.59  SMA=$692.03  lower=$650.15  upper=$733.92
[2026-04-30 03:46:55 UTC]   → SELLING 1 shares @ ~$711.59
[2026-04-30 03:46:57 UTC]   ORDER SELL 1x SPY: 📋 Order Summary:
   SELL 1 SPY @ MARKET (~$689.60)
   Estimated total: $689.60
Traceback (most recent call last):
  File "/usr/local/lib/python3.11/dist-packages/alpaca/common/rest.py", line 198, in _one_request
    response.raise_for_status()
  File "/usr/local/lib/python3.11/dist-packages/requests
[2026-04-30 03:46:57 UTC] -- QQQ
[2026-04-30 03:46:57 UTC]   bars=62  signal=SELL  price=$661.59  SMA=$629.54  lower=$574.42  upper=$684.67
[2026-04-30 03:46:57 UTC]   SKIP SELL: no position.
[2026-04-30 03:46:57 UTC] === Scan cycle complete ===

[2026-04-30 03:51:43 UTC] === Mean-Reversion scan cycle start ===
[2026-04-30 03:51:44 UTC] Equity: $99,996.19  |  Buying power: $198,591.96
[2026-04-30 03:51:45 UTC] Open positions: {'AAPL': 1.0, 'MSFT': 1.0, 'SPY': 1.0}
[2026-04-30 03:51:45 UTC] Watchlist (10): ['AAPL', 'MSFT', 'NVDA', 'AMD', 'TSLA', 'META', 'GOOGL', 'AMZN', 'SPY', 'QQQ']
[2026-04-30 03:51:45 UTC] -- AAPL
[2026-04-30 03:51:45 UTC]   bars=62  signal=SELL  price=$270.15  SMA=$264.34  lower=$251.50  upper=$277.17
[2026-04-30 03:51:45 UTC]   → SELLING 1 shares @ ~$270.15
[2026-04-30 03:51:48 UTC]   ORDER SELL 1x AAPL: 📋 Order Summary:
   SELL 1 AAPL @ MARKET (~$254.12)
   Estimated total: $254.12
Traceback (most recent call last):
  File "/usr/local/lib/python3.11/dist-packages/alpaca/common/rest.py", line 198, in _one_request
    response.raise_for_status()
  File "/usr/local/lib/python3.11/dist-packages/request
[2026-04-30 03:51:48 UTC] -- MSFT
[2026-04-30 03:51:48 UTC]   bars=62  signal=SELL  price=$424.80  SMA=$401.61  lower=$353.43  upper=$449.79
[2026-04-30 03:51:48 UTC]   → SELLING 1 shares @ ~$424.80
[2026-04-30 03:51:50 UTC]   ORDER SELL 1x MSFT: 📋 Order Summary:
   SELL 1 MSFT @ MARKET (~$400.00)
   Estimated total: $400.00
Traceback (most recent call last):
  File "/usr/local/lib/python3.11/dist-packages/alpaca/common/rest.py", line 198, in _one_request
    response.raise_for_status()
  File "/usr/local/lib/python3.11/dist-packages/request
[2026-04-30 03:51:50 UTC] -- NVDA
[2026-04-30 03:51:51 UTC]   bars=62  signal=SELL  price=$209.35  SMA=$194.96  lower=$170.35  upper=$219.57
[2026-04-30 03:51:51 UTC]   SKIP SELL: no position.
[2026-04-30 03:51:51 UTC] -- AMD
[2026-04-30 03:51:52 UTC]   bars=62  signal=SELL  price=$337.10  SMA=$270.52  lower=$186.26  upper=$354.78
[2026-04-30 03:51:52 UTC]   SKIP SELL: no position.
[2026-04-30 03:51:52 UTC] -- TSLA
[2026-04-30 03:51:53 UTC]   bars=62  signal=SELL  price=$372.80  SMA=$371.03  lower=$335.99  upper=$406.06
[2026-04-30 03:51:53 UTC]   SKIP SELL: no position.
[2026-04-30 03:51:53 UTC] -- META
[2026-04-30 03:51:53 UTC]   bars=62  signal=SELL  price=$669.47  SMA=$643.72  lower=$565.53  upper=$721.91
[2026-04-30 03:51:53 UTC]   SKIP SELL: no position.
[2026-04-30 03:51:53 UTC] -- GOOGL
[2026-04-30 03:51:54 UTC]   bars=62  signal=SELL  price=$350.27  SMA=$328.17  lower=$293.31  upper=$363.03
[2026-04-30 03:51:54 UTC]   SKIP SELL: no position.
[2026-04-30 03:51:54 UTC] -- AMZN
[2026-04-30 03:51:55 UTC]   bars=62  signal=SELL  price=$263.22  SMA=$241.72  lower=$205.72  upper=$277.72
[2026-04-30 03:51:55 UTC]   SKIP SELL: no position.
[2026-04-30 03:51:55 UTC] -- SPY
[2026-04-30 03:51:55 UTC]   bars=62  signal=SELL  price=$711.59  SMA=$692.03  lower=$650.15  upper=$733.92
[2026-04-30 03:51:55 UTC]   → SELLING 1 shares @ ~$711.59
[2026-04-30 03:51:58 UTC]   ORDER SELL 1x SPY: 📋 Order Summary:
   SELL 1 SPY @ MARKET (~$689.60)
   Estimated total: $689.60
Traceback (most recent call last):
  File "/usr/local/lib/python3.11/dist-packages/alpaca/common/rest.py", line 198, in _one_request
    response.raise_for_status()
  File "/usr/local/lib/python3.11/dist-packages/requests
[2026-04-30 03:51:58 UTC] -- QQQ
[2026-04-30 03:51:58 UTC]   bars=62  signal=SELL  price=$661.59  SMA=$629.54  lower=$574.42  upper=$684.67
[2026-04-30 03:51:58 UTC]   SKIP SELL: no position.
[2026-04-30 03:51:58 UTC] === Scan cycle complete ===

[2026-04-30 03:56:42 UTC] === Mean-Reversion scan cycle start ===
[2026-04-30 03:56:44 UTC] Equity: $99,995.63  |  Buying power: $198,591.40
[2026-04-30 03:56:44 UTC] Open positions: {'AAPL': 1.0, 'MSFT': 1.0, 'SPY': 1.0}
[2026-04-30 03:56:44 UTC] Watchlist (10): ['AAPL', 'MSFT', 'NVDA', 'AMD', 'TSLA', 'META', 'GOOGL', 'AMZN', 'SPY', 'QQQ']
[2026-04-30 03:56:44 UTC] -- AAPL
[2026-04-30 03:56:45 UTC]   bars=62  signal=SELL  price=$270.15  SMA=$264.34  lower=$251.50  upper=$277.17
[2026-04-30 03:56:45 UTC]   → SELLING 1 shares @ ~$270.15
[2026-04-30 03:56:47 UTC]   ORDER SELL 1x AAPL: 📋 Order Summary:
   SELL 1 AAPL @ MARKET (~$254.12)
   Estimated total: $254.12
Traceback (most recent call last):
  File "/usr/local/lib/python3.11/dist-packages/alpaca/common/rest.py", line 198, in _one_request
    response.raise_for_status()
  File "/usr/local/lib/python3.11/dist-packages/request
[2026-04-30 03:56:47 UTC] -- MSFT
[2026-04-30 03:56:47 UTC]   bars=62  signal=SELL  price=$424.80  SMA=$401.61  lower=$353.43  upper=$449.79
[2026-04-30 03:56:47 UTC]   → SELLING 1 shares @ ~$424.80
[2026-04-30 03:56:50 UTC]   ORDER SELL 1x MSFT: 📋 Order Summary:
   SELL 1 MSFT @ MARKET (~$400.00)
   Estimated total: $400.00
Traceback (most recent call last):
  File "/usr/local/lib/python3.11/dist-packages/alpaca/common/rest.py", line 198, in _one_request
    response.raise_for_status()
  File "/usr/local/lib/python3.11/dist-packages/request
[2026-04-30 03:56:50 UTC] -- NVDA
[2026-04-30 03:56:50 UTC]   bars=62  signal=SELL  price=$209.35  SMA=$194.96  lower=$170.35  upper=$219.57
[2026-04-30 03:56:50 UTC]   SKIP SELL: no position.
[2026-04-30 03:56:50 UTC] -- AMD
[2026-04-30 03:56:51 UTC]   bars=62  signal=SELL  price=$337.10  SMA=$270.52  lower=$186.26  upper=$354.78
[2026-04-30 03:56:51 UTC]   SKIP SELL: no position.
[2026-04-30 03:56:51 UTC] -- TSLA
[2026-04-30 03:56:52 UTC]   bars=62  signal=SELL  price=$372.80  SMA=$371.03  lower=$335.99  upper=$406.06
[2026-04-30 03:56:52 UTC]   SKIP SELL: no position.
[2026-04-30 03:56:52 UTC] -- META
[2026-04-30 03:56:52 UTC]   bars=62  signal=SELL  price=$669.47  SMA=$643.72  lower=$565.53  upper=$721.91
[2026-04-30 03:56:52 UTC]   SKIP SELL: no position.
[2026-04-30 03:56:52 UTC] -- GOOGL
[2026-04-30 03:56:53 UTC]   bars=62  signal=SELL  price=$350.27  SMA=$328.17  lower=$293.31  upper=$363.03
[2026-04-30 03:56:53 UTC]   SKIP SELL: no position.
[2026-04-30 03:56:53 UTC] -- AMZN
[2026-04-30 03:56:54 UTC]   bars=62  signal=SELL  price=$263.22  SMA=$241.72  lower=$205.72  upper=$277.72
[2026-04-30 03:56:54 UTC]   SKIP SELL: no position.
[2026-04-30 03:56:54 UTC] -- SPY
[2026-04-30 03:56:54 UTC]   bars=62  signal=SELL  price=$711.59  SMA=$692.03  lower=$650.15  upper=$733.92
[2026-04-30 03:56:54 UTC]   → SELLING 1 shares @ ~$711.59
[2026-04-30 03:56:57 UTC]   ORDER SELL 1x SPY: 📋 Order Summary:
   SELL 1 SPY @ MARKET (~$689.60)
   Estimated total: $689.60
Traceback (most recent call last):
  File "/usr/local/lib/python3.11/dist-packages/alpaca/common/rest.py", line 198, in _one_request
    response.raise_for_status()
  File "/usr/local/lib/python3.11/dist-packages/requests
[2026-04-30 03:56:57 UTC] -- QQQ
[2026-04-30 03:56:57 UTC]   bars=62  signal=SELL  price=$661.59  SMA=$629.54  lower=$574.42  upper=$684.67
[2026-04-30 03:56:57 UTC]   SKIP SELL: no position.
[2026-04-30 03:56:57 UTC] === Scan cycle complete ===

[2026-04-30 04:03:47 UTC] === Mean-Reversion scan cycle start ===
[2026-04-30 04:03:49 UTC] Equity: $99,995.09  |  Buying power: $198,590.86
[2026-04-30 04:03:49 UTC] Open positions: {'AAPL': 1.0, 'MSFT': 1.0, 'SPY': 1.0}
[2026-04-30 04:03:49 UTC] Watchlist (10): ['AAPL', 'MSFT', 'NVDA', 'AMD', 'TSLA', 'META', 'GOOGL', 'AMZN', 'SPY', 'QQQ']
[2026-04-30 04:03:49 UTC] -- AAPL
[2026-04-30 04:03:50 UTC]   bars=62  signal=SELL  price=$270.15  SMA=$264.34  lower=$251.50  upper=$277.17
[2026-04-30 04:03:50 UTC]   → SELLING 1 shares @ ~$270.15
[2026-04-30 04:03:52 UTC]   ORDER SELL 1x AAPL: 📋 Order Summary:
   SELL 1 AAPL @ MARKET (~$254.12)
   Estimated total: $254.12
Traceback (most recent call last):
  File "/usr/local/lib/python3.11/dist-packages/alpaca/common/rest.py", line 198, in _one_request
    response.raise_for_status()
  File "/usr/local/lib/python3.11/dist-packages/request
[2026-04-30 04:03:52 UTC] -- MSFT
[2026-04-30 04:03:53 UTC]   bars=62  signal=SELL  price=$424.80  SMA=$401.61  lower=$353.43  upper=$449.79
[2026-04-30 04:03:53 UTC]   → SELLING 1 shares @ ~$424.80
[2026-04-30 04:03:56 UTC]   ORDER SELL 1x MSFT: 📋 Order Summary:
   SELL 1 MSFT @ MARKET (~$400.00)
   Estimated total: $400.00
Traceback (most recent call last):
  File "/usr/local/lib/python3.11/dist-packages/alpaca/common/rest.py", line 198, in _one_request
    response.raise_for_status()
  File "/usr/local/lib/python3.11/dist-packages/request
[2026-04-30 04:03:56 UTC] -- NVDA
[2026-04-30 04:03:56 UTC]   bars=62  signal=SELL  price=$209.35  SMA=$194.96  lower=$170.35  upper=$219.57
[2026-04-30 04:03:56 UTC]   SKIP SELL: no position.
[2026-04-30 04:03:56 UTC] -- AMD
[2026-04-30 04:03:57 UTC]   bars=62  signal=SELL  price=$337.10  SMA=$270.52  lower=$186.26  upper=$354.78
[2026-04-30 04:03:57 UTC]   SKIP SELL: no position.
[2026-04-30 04:03:57 UTC] -- TSLA
[2026-04-30 04:03:58 UTC]   bars=62  signal=SELL  price=$372.80  SMA=$371.03  lower=$335.99  upper=$406.06
[2026-04-30 04:03:58 UTC]   SKIP SELL: no position.
[2026-04-30 04:03:58 UTC] -- META
[2026-04-30 04:03:58 UTC]   bars=62  signal=SELL  price=$669.47  SMA=$643.72  lower=$565.53  upper=$721.91
[2026-04-30 04:03:58 UTC]   SKIP SELL: no position.
[2026-04-30 04:03:58 UTC] -- GOOGL
[2026-04-30 04:03:59 UTC]   bars=62  signal=SELL  price=$350.27  SMA=$328.17  lower=$293.31  upper=$363.03
[2026-04-30 04:03:59 UTC]   SKIP SELL: no position.
[2026-04-30 04:03:59 UTC] -- AMZN
[2026-04-30 04:04:00 UTC]   bars=62  signal=SELL  price=$263.22  SMA=$241.72  lower=$205.72  upper=$277.72
[2026-04-30 04:04:00 UTC]   SKIP SELL: no position.
[2026-04-30 04:04:00 UTC] -- SPY
[2026-04-30 04:04:00 UTC]   bars=62  signal=SELL  price=$711.59  SMA=$692.03  lower=$650.15  upper=$733.92
[2026-04-30 04:04:00 UTC]   → SELLING 1 shares @ ~$711.59
[2026-04-30 04:04:02 UTC]   ORDER SELL 1x SPY: 📋 Order Summary:
   SELL 1 SPY @ MARKET (~$689.60)
   Estimated total: $689.60
Traceback (most recent call last):
  File "/usr/local/lib/python3.11/dist-packages/alpaca/common/rest.py", line 198, in _one_request
    response.raise_for_status()
  File "/usr/local/lib/python3.11/dist-packages/requests
[2026-04-30 04:04:02 UTC] -- QQQ
[2026-04-30 04:04:03 UTC]   bars=62  signal=SELL  price=$661.59  SMA=$629.54  lower=$574.42  upper=$684.67
[2026-04-30 04:04:03 UTC]   SKIP SELL: no position.
[2026-04-30 04:04:03 UTC] === Scan cycle complete ===

[2026-04-30 04:20:46 UTC] === Mean-Reversion scan cycle start ===
[2026-04-30 04:20:47 UTC] Equity: $99,992.64  |  Buying power: $198,588.41
[2026-04-30 04:20:48 UTC] Open positions: {'AAPL': 1.0, 'MSFT': 1.0, 'SPY': 1.0}
[2026-04-30 04:20:48 UTC] Watchlist (10): ['AAPL', 'MSFT', 'NVDA', 'AMD', 'TSLA', 'META', 'GOOGL', 'AMZN', 'SPY', 'QQQ']
[2026-04-30 04:20:48 UTC] -- AAPL
[2026-04-30 04:20:48 UTC]   bars=62  signal=SELL  price=$270.15  SMA=$264.34  lower=$251.50  upper=$277.17
[2026-04-30 04:20:48 UTC]   → SELLING 1 shares @ ~$270.15
[2026-04-30 04:20:51 UTC]   ORDER SELL 1x AAPL: 📋 Order Summary:
   SELL 1 AAPL @ MARKET (~$254.12)
   Estimated total: $254.12
Traceback (most recent call last):
  File "/usr/local/lib/python3.11/dist-packages/alpaca/common/rest.py", line 198, in _one_request
    response.raise_for_status()
  File "/usr/local/lib/python3.11/dist-packages/request
[2026-04-30 04:20:51 UTC] -- MSFT
[2026-04-30 04:20:52 UTC]   bars=62  signal=SELL  price=$424.80  SMA=$401.61  lower=$353.43  upper=$449.79
[2026-04-30 04:20:52 UTC]   → SELLING 1 shares @ ~$424.80
[2026-04-30 04:20:54 UTC]   ORDER SELL 1x MSFT: 📋 Order Summary:
   SELL 1 MSFT @ MARKET (~$400.00)
   Estimated total: $400.00
Traceback (most recent call last):
  File "/usr/local/lib/python3.11/dist-packages/alpaca/common/rest.py", line 198, in _one_request
    response.raise_for_status()
  File "/usr/local/lib/python3.11/dist-packages/request
[2026-04-30 04:20:54 UTC] -- NVDA
[2026-04-30 04:20:55 UTC]   bars=62  signal=SELL  price=$209.35  SMA=$194.96  lower=$170.35  upper=$219.57
[2026-04-30 04:20:55 UTC]   SKIP SELL: no position.
[2026-04-30 04:20:55 UTC] -- AMD
[2026-04-30 04:20:55 UTC]   bars=62  signal=SELL  price=$337.10  SMA=$270.52  lower=$186.26  upper=$354.78
[2026-04-30 04:20:55 UTC]   SKIP SELL: no position.
[2026-04-30 04:20:55 UTC] -- TSLA
[2026-04-30 04:20:56 UTC]   bars=62  signal=SELL  price=$372.80  SMA=$371.03  lower=$335.99  upper=$406.06
[2026-04-30 04:20:56 UTC]   SKIP SELL: no position.
[2026-04-30 04:20:56 UTC] -- META
[2026-04-30 04:20:57 UTC]   bars=62  signal=SELL  price=$669.47  SMA=$643.72  lower=$565.53  upper=$721.91
[2026-04-30 04:20:57 UTC]   SKIP SELL: no position.
[2026-04-30 04:20:57 UTC] -- GOOGL
[2026-04-30 04:20:58 UTC]   bars=62  signal=SELL  price=$350.27  SMA=$328.17  lower=$293.31  upper=$363.03
[2026-04-30 04:20:58 UTC]   SKIP SELL: no position.
[2026-04-30 04:20:58 UTC] -- AMZN
[2026-04-30 04:20:58 UTC]   bars=62  signal=SELL  price=$263.22  SMA=$241.72  lower=$205.72  upper=$277.72
[2026-04-30 04:20:58 UTC]   SKIP SELL: no position.
[2026-04-30 04:20:58 UTC] -- SPY
[2026-04-30 04:20:59 UTC]   bars=62  signal=SELL  price=$711.59  SMA=$692.03  lower=$650.15  upper=$733.92
[2026-04-30 04:20:59 UTC]   → SELLING 1 shares @ ~$711.59
[2026-04-30 04:21:01 UTC]   ORDER SELL 1x SPY: 📋 Order Summary:
   SELL 1 SPY @ MARKET (~$689.60)
   Estimated total: $689.60
Traceback (most recent call last):
  File "/usr/local/lib/python3.11/dist-packages/alpaca/common/rest.py", line 198, in _one_request
    response.raise_for_status()
  File "/usr/local/lib/python3.11/dist-packages/requests
[2026-04-30 04:21:01 UTC] -- QQQ
[2026-04-30 04:21:02 UTC]   bars=62  signal=SELL  price=$661.59  SMA=$629.54  lower=$574.42  upper=$684.67
[2026-04-30 04:21:02 UTC]   SKIP SELL: no position.
[2026-04-30 04:21:02 UTC] === Scan cycle complete ===

[2026-04-30 04:26:40 UTC] === Mean-Reversion scan cycle start ===
[2026-04-30 04:26:42 UTC] Equity: $99,993.00  |  Buying power: $198,588.77
[2026-04-30 04:26:42 UTC] Open positions: {'AAPL': 1.0, 'MSFT': 1.0, 'SPY': 1.0}
[2026-04-30 04:26:42 UTC] Watchlist (10): ['AAPL', 'MSFT', 'NVDA', 'AMD', 'TSLA', 'META', 'GOOGL', 'AMZN', 'SPY', 'QQQ']
[2026-04-30 04:26:42 UTC] -- AAPL
[2026-04-30 04:26:43 UTC]   bars=62  signal=SELL  price=$270.15  SMA=$264.34  lower=$251.50  upper=$277.17
[2026-04-30 04:26:43 UTC]   → SELLING 1 shares @ ~$270.15
[2026-04-30 04:26:45 UTC]   ORDER SELL 1x AAPL: 📋 Order Summary:
   SELL 1 AAPL @ MARKET (~$254.12)
   Estimated total: $254.12
Traceback (most recent call last):
  File "/usr/local/lib/python3.11/dist-packages/alpaca/common/rest.py", line 198, in _one_request
    response.raise_for_status()
  File "/usr/local/lib/python3.11/dist-packages/request
[2026-04-30 04:26:45 UTC] -- MSFT
[2026-04-30 04:26:46 UTC]   bars=62  signal=SELL  price=$424.80  SMA=$401.61  lower=$353.43  upper=$449.79
[2026-04-30 04:26:46 UTC]   → SELLING 1 shares @ ~$424.80
[2026-04-30 04:26:48 UTC]   ORDER SELL 1x MSFT: 📋 Order Summary:
   SELL 1 MSFT @ MARKET (~$400.00)
   Estimated total: $400.00
Traceback (most recent call last):
  File "/usr/local/lib/python3.11/dist-packages/alpaca/common/rest.py", line 198, in _one_request
    response.raise_for_status()
  File "/usr/local/lib/python3.11/dist-packages/request
[2026-04-30 04:26:48 UTC] -- NVDA
[2026-04-30 04:26:49 UTC]   bars=62  signal=SELL  price=$209.35  SMA=$194.96  lower=$170.35  upper=$219.57
[2026-04-30 04:26:49 UTC]   SKIP SELL: no position.
[2026-04-30 04:26:49 UTC] -- AMD
[2026-04-30 04:26:50 UTC]   bars=62  signal=SELL  price=$337.10  SMA=$270.52  lower=$186.26  upper=$354.78
[2026-04-30 04:26:50 UTC]   SKIP SELL: no position.
[2026-04-30 04:26:50 UTC] -- TSLA
[2026-04-30 04:26:50 UTC]   bars=62  signal=SELL  price=$372.80  SMA=$371.03  lower=$335.99  upper=$406.06
[2026-04-30 04:26:50 UTC]   SKIP SELL: no position.
[2026-04-30 04:26:50 UTC] -- META
[2026-04-30 04:26:51 UTC]   bars=62  signal=SELL  price=$669.47  SMA=$643.72  lower=$565.53  upper=$721.91
[2026-04-30 04:26:51 UTC]   SKIP SELL: no position.
[2026-04-30 04:26:51 UTC] -- GOOGL
[2026-04-30 04:26:52 UTC]   bars=62  signal=SELL  price=$350.27  SMA=$328.17  lower=$293.31  upper=$363.03
[2026-04-30 04:26:52 UTC]   SKIP SELL: no position.
[2026-04-30 04:26:52 UTC] -- AMZN
[2026-04-30 04:26:52 UTC]   bars=62  signal=SELL  price=$263.22  SMA=$241.72  lower=$205.72  upper=$277.72
[2026-04-30 04:26:52 UTC]   SKIP SELL: no position.
[2026-04-30 04:26:52 UTC] -- SPY
[2026-04-30 04:26:53 UTC]   bars=62  signal=SELL  price=$711.59  SMA=$692.03  lower=$650.15  upper=$733.92
[2026-04-30 04:26:53 UTC]   → SELLING 1 shares @ ~$711.59
[2026-04-30 04:26:56 UTC]   ORDER SELL 1x SPY: 📋 Order Summary:
   SELL 1 SPY @ MARKET (~$689.60)
   Estimated total: $689.60
Traceback (most recent call last):
  File "/usr/local/lib/python3.11/dist-packages/alpaca/common/rest.py", line 198, in _one_request
    response.raise_for_status()
  File "/usr/local/lib/python3.11/dist-packages/requests
[2026-04-30 04:26:56 UTC] -- QQQ
[2026-04-30 04:26:56 UTC]   bars=62  signal=SELL  price=$661.59  SMA=$629.54  lower=$574.42  upper=$684.67
[2026-04-30 04:26:56 UTC]   SKIP SELL: no position.
[2026-04-30 04:26:56 UTC] === Scan cycle complete ===

[2026-04-30 04:31:41 UTC] === Mean-Reversion scan cycle start ===
[2026-04-30 04:31:43 UTC] Equity: $99,991.20  |  Buying power: $198,586.97
[2026-04-30 04:31:43 UTC] Open positions: {'AAPL': 1.0, 'MSFT': 1.0, 'SPY': 1.0}
[2026-04-30 04:31:43 UTC] Watchlist (10): ['AAPL', 'MSFT', 'NVDA', 'AMD', 'TSLA', 'META', 'GOOGL', 'AMZN', 'SPY', 'QQQ']
[2026-04-30 04:31:43 UTC] -- AAPL
[2026-04-30 04:31:44 UTC]   bars=62  signal=SELL  price=$270.15  SMA=$264.34  lower=$251.50  upper=$277.17
[2026-04-30 04:31:44 UTC]   → SELLING 1 shares @ ~$270.15
[2026-04-30 04:31:46 UTC]   ORDER SELL 1x AAPL: 📋 Order Summary:
   SELL 1 AAPL @ MARKET (~$254.12)
   Estimated total: $254.12
Traceback (most recent call last):
  File "/usr/local/lib/python3.11/dist-packages/alpaca/common/rest.py", line 198, in _one_request
    response.raise_for_status()
  File "/usr/local/lib/python3.11/dist-packages/request
[2026-04-30 04:31:46 UTC] -- MSFT
[2026-04-30 04:31:47 UTC]   bars=62  signal=SELL  price=$424.80  SMA=$401.61  lower=$353.43  upper=$449.79
[2026-04-30 04:31:47 UTC]   → SELLING 1 shares @ ~$424.80
[2026-04-30 04:31:49 UTC]   ORDER SELL 1x MSFT: 📋 Order Summary:
   SELL 1 MSFT @ MARKET (~$400.00)
   Estimated total: $400.00
Traceback (most recent call last):
  File "/usr/local/lib/python3.11/dist-packages/alpaca/common/rest.py", line 198, in _one_request
    response.raise_for_status()
  File "/usr/local/lib/python3.11/dist-packages/request
[2026-04-30 04:31:49 UTC] -- NVDA
[2026-04-30 04:31:50 UTC]   bars=62  signal=SELL  price=$209.35  SMA=$194.96  lower=$170.35  upper=$219.57
[2026-04-30 04:31:50 UTC]   SKIP SELL: no position.
[2026-04-30 04:31:50 UTC] -- AMD
[2026-04-30 04:31:51 UTC]   bars=62  signal=SELL  price=$337.10  SMA=$270.52  lower=$186.26  upper=$354.78
[2026-04-30 04:31:51 UTC]   SKIP SELL: no position.
[2026-04-30 04:31:51 UTC] -- TSLA
[2026-04-30 04:31:51 UTC]   bars=62  signal=SELL  price=$372.80  SMA=$371.03  lower=$335.99  upper=$406.06
[2026-04-30 04:31:51 UTC]   SKIP SELL: no position.
[2026-04-30 04:31:51 UTC] -- META
[2026-04-30 04:31:52 UTC]   bars=62  signal=SELL  price=$669.47  SMA=$643.72  lower=$565.53  upper=$721.91
[2026-04-30 04:31:52 UTC]   SKIP SELL: no position.
[2026-04-30 04:31:52 UTC] -- GOOGL
[2026-04-30 04:31:52 UTC]   bars=62  signal=SELL  price=$350.27  SMA=$328.17  lower=$293.31  upper=$363.03
[2026-04-30 04:31:52 UTC]   SKIP SELL: no position.
[2026-04-30 04:31:52 UTC] -- AMZN
[2026-04-30 04:31:53 UTC]   bars=62  signal=SELL  price=$263.22  SMA=$241.72  lower=$205.72  upper=$277.72
[2026-04-30 04:31:53 UTC]   SKIP SELL: no position.
[2026-04-30 04:31:53 UTC] -- SPY
[2026-04-30 04:31:54 UTC]   bars=62  signal=SELL  price=$711.59  SMA=$692.03  lower=$650.15  upper=$733.92
[2026-04-30 04:31:54 UTC]   → SELLING 1 shares @ ~$711.59
[2026-04-30 04:31:56 UTC]   ORDER SELL 1x SPY: 📋 Order Summary:
   SELL 1 SPY @ MARKET (~$689.60)
   Estimated total: $689.60
Traceback (most recent call last):
  File "/usr/local/lib/python3.11/dist-packages/alpaca/common/rest.py", line 198, in _one_request
    response.raise_for_status()
  File "/usr/local/lib/python3.11/dist-packages/requests
[2026-04-30 04:31:56 UTC] -- QQQ
[2026-04-30 04:31:57 UTC]   bars=62  signal=SELL  price=$661.59  SMA=$629.54  lower=$574.42  upper=$684.67
[2026-04-30 04:31:57 UTC]   SKIP SELL: no position.
[2026-04-30 04:31:57 UTC] === Scan cycle complete ===

[2026-04-30 04:36:41 UTC] === Mean-Reversion scan cycle start ===
[2026-04-30 04:36:43 UTC] Equity: $99,990.71  |  Buying power: $198,586.48
[2026-04-30 04:36:43 UTC] Open positions: {'AAPL': 1.0, 'MSFT': 1.0, 'SPY': 1.0}
[2026-04-30 04:36:43 UTC] Watchlist (10): ['AAPL', 'MSFT', 'NVDA', 'AMD', 'TSLA', 'META', 'GOOGL', 'AMZN', 'SPY', 'QQQ']
[2026-04-30 04:36:43 UTC] -- AAPL
[2026-04-30 04:36:44 UTC]   bars=62  signal=SELL  price=$270.15  SMA=$264.34  lower=$251.50  upper=$277.17
[2026-04-30 04:36:44 UTC]   → SELLING 1 shares @ ~$270.15
[2026-04-30 04:36:46 UTC]   ORDER SELL 1x AAPL: 📋 Order Summary:
   SELL 1 AAPL @ MARKET (~$254.12)
   Estimated total: $254.12
Traceback (most recent call last):
  File "/usr/local/lib/python3.11/dist-packages/alpaca/common/rest.py", line 198, in _one_request
    response.raise_for_status()
  File "/usr/local/lib/python3.11/dist-packages/request
[2026-04-30 04:36:46 UTC] -- MSFT
[2026-04-30 04:36:47 UTC]   bars=62  signal=SELL  price=$424.80  SMA=$401.61  lower=$353.43  upper=$449.79
[2026-04-30 04:36:47 UTC]   → SELLING 1 shares @ ~$424.80
[2026-04-30 04:36:49 UTC]   ORDER SELL 1x MSFT: 📋 Order Summary:
   SELL 1 MSFT @ MARKET (~$400.00)
   Estimated total: $400.00
Traceback (most recent call last):
  File "/usr/local/lib/python3.11/dist-packages/alpaca/common/rest.py", line 198, in _one_request
    response.raise_for_status()
  File "/usr/local/lib/python3.11/dist-packages/request
[2026-04-30 04:36:49 UTC] -- NVDA
[2026-04-30 04:36:50 UTC]   bars=62  signal=SELL  price=$209.35  SMA=$194.96  lower=$170.35  upper=$219.57
[2026-04-30 04:36:50 UTC]   SKIP SELL: no position.
[2026-04-30 04:36:50 UTC] -- AMD
[2026-04-30 04:36:50 UTC]   bars=62  signal=SELL  price=$337.10  SMA=$270.52  lower=$186.26  upper=$354.78
[2026-04-30 04:36:50 UTC]   SKIP SELL: no position.
[2026-04-30 04:36:50 UTC] -- TSLA
[2026-04-30 04:36:51 UTC]   bars=62  signal=SELL  price=$372.80  SMA=$371.03  lower=$335.99  upper=$406.06
[2026-04-30 04:36:51 UTC]   SKIP SELL: no position.
[2026-04-30 04:36:51 UTC] -- META
[2026-04-30 04:36:52 UTC]   bars=62  signal=SELL  price=$669.47  SMA=$643.72  lower=$565.53  upper=$721.91
[2026-04-30 04:36:52 UTC]   SKIP SELL: no position.
[2026-04-30 04:36:52 UTC] -- GOOGL
[2026-04-30 04:36:52 UTC]   bars=62  signal=SELL  price=$350.27  SMA=$328.17  lower=$293.31  upper=$363.03
[2026-04-30 04:36:52 UTC]   SKIP SELL: no position.
[2026-04-30 04:36:52 UTC] -- AMZN
[2026-04-30 04:36:53 UTC]   bars=62  signal=SELL  price=$263.22  SMA=$241.72  lower=$205.72  upper=$277.72
[2026-04-30 04:36:53 UTC]   SKIP SELL: no position.
[2026-04-30 04:36:53 UTC] -- SPY
[2026-04-30 04:36:54 UTC]   bars=62  signal=SELL  price=$711.59  SMA=$692.03  lower=$650.15  upper=$733.92
[2026-04-30 04:36:54 UTC]   → SELLING 1 shares @ ~$711.59
[2026-04-30 04:36:56 UTC]   ORDER SELL 1x SPY: 📋 Order Summary:
   SELL 1 SPY @ MARKET (~$689.60)
   Estimated total: $689.60
Traceback (most recent call last):
  File "/usr/local/lib/python3.11/dist-packages/alpaca/common/rest.py", line 198, in _one_request
    response.raise_for_status()
  File "/usr/local/lib/python3.11/dist-packages/requests
[2026-04-30 04:36:56 UTC] -- QQQ
[2026-04-30 04:36:57 UTC]   bars=62  signal=SELL  price=$661.59  SMA=$629.54  lower=$574.42  upper=$684.67
[2026-04-30 04:36:57 UTC]   SKIP SELL: no position.
[2026-04-30 04:36:57 UTC] === Scan cycle complete ===

[2026-04-30 04:41:41 UTC] === Mean-Reversion scan cycle start ===
[2026-04-30 04:41:43 UTC] Equity: $99,990.70  |  Buying power: $198,586.47
[2026-04-30 04:41:43 UTC] Open positions: {'AAPL': 1.0, 'MSFT': 1.0, 'SPY': 1.0}
[2026-04-30 04:41:43 UTC] Watchlist (10): ['AAPL', 'MSFT', 'NVDA', 'AMD', 'TSLA', 'META', 'GOOGL', 'AMZN', 'SPY', 'QQQ']
[2026-04-30 04:41:43 UTC] -- AAPL
[2026-04-30 04:41:44 UTC]   bars=62  signal=SELL  price=$270.15  SMA=$264.34  lower=$251.50  upper=$277.17
[2026-04-30 04:41:44 UTC]   → SELLING 1 shares @ ~$270.15
[2026-04-30 04:41:46 UTC]   ORDER SELL 1x AAPL: 📋 Order Summary:
   SELL 1 AAPL @ MARKET (~$254.12)
   Estimated total: $254.12
Traceback (most recent call last):
  File "/usr/local/lib/python3.11/dist-packages/alpaca/common/rest.py", line 198, in _one_request
    response.raise_for_status()
  File "/usr/local/lib/python3.11/dist-packages/request
[2026-04-30 04:41:46 UTC] -- MSFT
[2026-04-30 04:41:47 UTC]   bars=62  signal=SELL  price=$424.80  SMA=$401.61  lower=$353.43  upper=$449.79
[2026-04-30 04:41:47 UTC]   → SELLING 1 shares @ ~$424.80
[2026-04-30 04:41:49 UTC]   ORDER SELL 1x MSFT: 📋 Order Summary:
   SELL 1 MSFT @ MARKET (~$400.00)
   Estimated total: $400.00
Traceback (most recent call last):
  File "/usr/local/lib/python3.11/dist-packages/alpaca/common/rest.py", line 198, in _one_request
    response.raise_for_status()
  File "/usr/local/lib/python3.11/dist-packages/request
[2026-04-30 04:41:49 UTC] -- NVDA
[2026-04-30 04:41:49 UTC]   bars=62  signal=SELL  price=$209.35  SMA=$194.96  lower=$170.35  upper=$219.57
[2026-04-30 04:41:49 UTC]   SKIP SELL: no position.
[2026-04-30 04:41:49 UTC] -- AMD
[2026-04-30 04:41:50 UTC]   bars=62  signal=SELL  price=$337.10  SMA=$270.52  lower=$186.26  upper=$354.78
[2026-04-30 04:41:50 UTC]   SKIP SELL: no position.
[2026-04-30 04:41:50 UTC] -- TSLA
[2026-04-30 04:41:51 UTC]   bars=62  signal=SELL  price=$372.80  SMA=$371.03  lower=$335.99  upper=$406.06
[2026-04-30 04:41:51 UTC]   SKIP SELL: no position.
[2026-04-30 04:41:51 UTC] -- META
[2026-04-30 04:41:51 UTC]   bars=62  signal=SELL  price=$669.47  SMA=$643.72  lower=$565.53  upper=$721.91
[2026-04-30 04:41:51 UTC]   SKIP SELL: no position.
[2026-04-30 04:41:51 UTC] -- GOOGL
[2026-04-30 04:41:52 UTC]   bars=62  signal=SELL  price=$350.27  SMA=$328.17  lower=$293.31  upper=$363.03
[2026-04-30 04:41:52 UTC]   SKIP SELL: no position.
[2026-04-30 04:41:52 UTC] -- AMZN
[2026-04-30 04:41:53 UTC]   bars=62  signal=SELL  price=$263.22  SMA=$241.72  lower=$205.72  upper=$277.72
[2026-04-30 04:41:53 UTC]   SKIP SELL: no position.
[2026-04-30 04:41:53 UTC] -- SPY
[2026-04-30 04:41:53 UTC]   bars=62  signal=SELL  price=$711.59  SMA=$692.03  lower=$650.15  upper=$733.92
[2026-04-30 04:41:53 UTC]   → SELLING 1 shares @ ~$711.59
[2026-04-30 04:41:55 UTC]   ORDER SELL 1x SPY: 📋 Order Summary:
   SELL 1 SPY @ MARKET (~$689.60)
   Estimated total: $689.60
Traceback (most recent call last):
  File "/usr/local/lib/python3.11/dist-packages/alpaca/common/rest.py", line 198, in _one_request
    response.raise_for_status()
  File "/usr/local/lib/python3.11/dist-packages/requests
[2026-04-30 04:41:55 UTC] -- QQQ
[2026-04-30 04:41:56 UTC]   bars=62  signal=SELL  price=$661.59  SMA=$629.54  lower=$574.42  upper=$684.67
[2026-04-30 04:41:56 UTC]   SKIP SELL: no position.
[2026-04-30 04:41:56 UTC] === Scan cycle complete ===

[2026-04-30 04:46:40 UTC] === Mean-Reversion scan cycle start ===
[2026-04-30 04:46:42 UTC] Equity: $99,991.75  |  Buying power: $198,587.52
[2026-04-30 04:46:42 UTC] Open positions: {'AAPL': 1.0, 'MSFT': 1.0, 'SPY': 1.0}
[2026-04-30 04:46:42 UTC] Watchlist (10): ['AAPL', 'MSFT', 'NVDA', 'AMD', 'TSLA', 'META', 'GOOGL', 'AMZN', 'SPY', 'QQQ']
[2026-04-30 04:46:42 UTC] -- AAPL
[2026-04-30 04:46:43 UTC]   bars=62  signal=SELL  price=$270.15  SMA=$264.34  lower=$251.50  upper=$277.17
[2026-04-30 04:46:43 UTC]   → SELLING 1 shares @ ~$270.15
[2026-04-30 04:46:45 UTC]   ORDER SELL 1x AAPL: 📋 Order Summary:
   SELL 1 AAPL @ MARKET (~$254.12)
   Estimated total: $254.12
Traceback (most recent call last):
  File "/usr/local/lib/python3.11/dist-packages/alpaca/common/rest.py", line 198, in _one_request
    response.raise_for_status()
  File "/usr/local/lib/python3.11/dist-packages/request
[2026-04-30 04:46:45 UTC] -- MSFT
[2026-04-30 04:46:46 UTC]   bars=62  signal=SELL  price=$424.80  SMA=$401.61  lower=$353.43  upper=$449.79
[2026-04-30 04:46:46 UTC]   → SELLING 1 shares @ ~$424.80
[2026-04-30 04:46:48 UTC]   ORDER SELL 1x MSFT: 📋 Order Summary:
   SELL 1 MSFT @ MARKET (~$400.00)
   Estimated total: $400.00
Traceback (most recent call last):
  File "/usr/local/lib/python3.11/dist-packages/alpaca/common/rest.py", line 198, in _one_request
    response.raise_for_status()
  File "/usr/local/lib/python3.11/dist-packages/request
[2026-04-30 04:46:48 UTC] -- NVDA
[2026-04-30 04:46:49 UTC]   bars=62  signal=SELL  price=$209.35  SMA=$194.96  lower=$170.35  upper=$219.57
[2026-04-30 04:46:49 UTC]   SKIP SELL: no position.
[2026-04-30 04:46:49 UTC] -- AMD
[2026-04-30 04:46:49 UTC]   bars=62  signal=SELL  price=$337.10  SMA=$270.52  lower=$186.26  upper=$354.78
[2026-04-30 04:46:49 UTC]   SKIP SELL: no position.
[2026-04-30 04:46:49 UTC] -- TSLA
[2026-04-30 04:46:50 UTC]   bars=62  signal=SELL  price=$372.80  SMA=$371.03  lower=$335.99  upper=$406.06
[2026-04-30 04:46:50 UTC]   SKIP SELL: no position.
[2026-04-30 04:46:50 UTC] -- META
[2026-04-30 04:46:50 UTC]   bars=62  signal=SELL  price=$669.47  SMA=$643.72  lower=$565.53  upper=$721.91
[2026-04-30 04:46:50 UTC]   SKIP SELL: no position.
[2026-04-30 04:46:50 UTC] -- GOOGL
[2026-04-30 04:46:51 UTC]   bars=62  signal=SELL  price=$350.27  SMA=$328.17  lower=$293.31  upper=$363.03
[2026-04-30 04:46:51 UTC]   SKIP SELL: no position.
[2026-04-30 04:46:51 UTC] -- AMZN
[2026-04-30 04:46:52 UTC]   bars=62  signal=SELL  price=$263.22  SMA=$241.72  lower=$205.72  upper=$277.72
[2026-04-30 04:46:52 UTC]   SKIP SELL: no position.
[2026-04-30 04:46:52 UTC] -- SPY
[2026-04-30 04:46:52 UTC]   bars=62  signal=SELL  price=$711.59  SMA=$692.03  lower=$650.15  upper=$733.92
[2026-04-30 04:46:52 UTC]   → SELLING 1 shares @ ~$711.59
[2026-04-30 04:46:55 UTC]   ORDER SELL 1x SPY: 📋 Order Summary:
   SELL 1 SPY @ MARKET (~$689.60)
   Estimated total: $689.60
Traceback (most recent call last):
  File "/usr/local/lib/python3.11/dist-packages/alpaca/common/rest.py", line 198, in _one_request
    response.raise_for_status()
  File "/usr/local/lib/python3.11/dist-packages/requests
[2026-04-30 04:46:55 UTC] -- QQQ
[2026-04-30 04:46:56 UTC]   bars=62  signal=SELL  price=$661.59  SMA=$629.54  lower=$574.42  upper=$684.67
[2026-04-30 04:46:56 UTC]   SKIP SELL: no position.
[2026-04-30 04:46:56 UTC] === Scan cycle complete ===

[2026-04-30 04:51:41 UTC] === Mean-Reversion scan cycle start ===
[2026-04-30 04:51:43 UTC] Equity: $99,991.26  |  Buying power: $198,587.03
[2026-04-30 04:51:43 UTC] Open positions: {'AAPL': 1.0, 'MSFT': 1.0, 'SPY': 1.0}
[2026-04-30 04:51:43 UTC] Watchlist (10): ['AAPL', 'MSFT', 'NVDA', 'AMD', 'TSLA', 'META', 'GOOGL', 'AMZN', 'SPY', 'QQQ']
[2026-04-30 04:51:43 UTC] -- AAPL
[2026-04-30 04:51:44 UTC]   bars=62  signal=SELL  price=$270.15  SMA=$264.34  lower=$251.50  upper=$277.17
[2026-04-30 04:51:44 UTC]   → SELLING 1 shares @ ~$270.15
[2026-04-30 04:51:47 UTC]   ORDER SELL 1x AAPL: 📋 Order Summary:
   SELL 1 AAPL @ MARKET (~$254.12)
   Estimated total: $254.12
Traceback (most recent call last):
  File "/usr/local/lib/python3.11/dist-packages/alpaca/common/rest.py", line 198, in _one_request
    response.raise_for_status()
  File "/usr/local/lib/python3.11/dist-packages/request
[2026-04-30 04:51:47 UTC] -- MSFT
[2026-04-30 04:51:47 UTC]   bars=62  signal=SELL  price=$424.80  SMA=$401.61  lower=$353.43  upper=$449.79
[2026-04-30 04:51:47 UTC]   → SELLING 1 shares @ ~$424.80
[2026-04-30 04:51:50 UTC]   ORDER SELL 1x MSFT: 📋 Order Summary:
   SELL 1 MSFT @ MARKET (~$400.00)
   Estimated total: $400.00
Traceback (most recent call last):
  File "/usr/local/lib/python3.11/dist-packages/alpaca/common/rest.py", line 198, in _one_request
    response.raise_for_status()
  File "/usr/local/lib/python3.11/dist-packages/request
[2026-04-30 04:51:50 UTC] -- NVDA
[2026-04-30 04:51:50 UTC]   bars=62  signal=SELL  price=$209.35  SMA=$194.96  lower=$170.35  upper=$219.57
[2026-04-30 04:51:50 UTC]   SKIP SELL: no position.
[2026-04-30 04:51:50 UTC] -- AMD
[2026-04-30 04:51:51 UTC]   bars=62  signal=SELL  price=$337.10  SMA=$270.52  lower=$186.26  upper=$354.78
[2026-04-30 04:51:51 UTC]   SKIP SELL: no position.
[2026-04-30 04:51:51 UTC] -- TSLA
[2026-04-30 04:51:52 UTC]   bars=62  signal=SELL  price=$372.80  SMA=$371.03  lower=$335.99  upper=$406.06
[2026-04-30 04:51:52 UTC]   SKIP SELL: no position.
[2026-04-30 04:51:52 UTC] -- META
[2026-04-30 04:51:52 UTC]   bars=62  signal=SELL  price=$669.47  SMA=$643.72  lower=$565.53  upper=$721.91
[2026-04-30 04:51:52 UTC]   SKIP SELL: no position.
[2026-04-30 04:51:52 UTC] -- GOOGL
[2026-04-30 04:51:53 UTC]   bars=62  signal=SELL  price=$350.27  SMA=$328.17  lower=$293.31  upper=$363.03
[2026-04-30 04:51:53 UTC]   SKIP SELL: no position.
[2026-04-30 04:51:53 UTC] -- AMZN
[2026-04-30 04:51:54 UTC]   bars=62  signal=SELL  price=$263.22  SMA=$241.72  lower=$205.72  upper=$277.72
[2026-04-30 04:51:54 UTC]   SKIP SELL: no position.
[2026-04-30 04:51:54 UTC] -- SPY
[2026-04-30 04:51:54 UTC]   bars=62  signal=SELL  price=$711.59  SMA=$692.03  lower=$650.15  upper=$733.92
[2026-04-30 04:51:54 UTC]   → SELLING 1 shares @ ~$711.59
[2026-04-30 04:51:56 UTC]   ORDER SELL 1x SPY: 📋 Order Summary:
   SELL 1 SPY @ MARKET (~$689.60)
   Estimated total: $689.60
Traceback (most recent call last):
  File "/usr/local/lib/python3.11/dist-packages/alpaca/common/rest.py", line 198, in _one_request
    response.raise_for_status()
  File "/usr/local/lib/python3.11/dist-packages/requests
[2026-04-30 04:51:57 UTC] -- QQQ
[2026-04-30 04:51:57 UTC]   bars=62  signal=SELL  price=$661.59  SMA=$629.54  lower=$574.42  upper=$684.67
[2026-04-30 04:51:57 UTC]   SKIP SELL: no position.
[2026-04-30 04:51:57 UTC] === Scan cycle complete ===

[2026-04-30 04:56:41 UTC] === Mean-Reversion scan cycle start ===
[2026-04-30 04:56:42 UTC] Equity: $99,990.79  |  Buying power: $198,586.56
[2026-04-30 04:56:43 UTC] Open positions: {'AAPL': 1.0, 'MSFT': 1.0, 'SPY': 1.0}
[2026-04-30 04:56:43 UTC] Watchlist (10): ['AAPL', 'MSFT', 'NVDA', 'AMD', 'TSLA', 'META', 'GOOGL', 'AMZN', 'SPY', 'QQQ']
[2026-04-30 04:56:43 UTC] -- AAPL
[2026-04-30 04:56:43 UTC]   bars=62  signal=SELL  price=$270.15  SMA=$264.34  lower=$251.50  upper=$277.17
[2026-04-30 04:56:43 UTC]   → SELLING 1 shares @ ~$270.15
[2026-04-30 04:56:46 UTC]   ORDER SELL 1x AAPL: 📋 Order Summary:
   SELL 1 AAPL @ MARKET (~$254.12)
   Estimated total: $254.12
Traceback (most recent call last):
  File "/usr/local/lib/python3.11/dist-packages/alpaca/common/rest.py", line 198, in _one_request
    response.raise_for_status()
  File "/usr/local/lib/python3.11/dist-packages/request
[2026-04-30 04:56:46 UTC] -- MSFT
[2026-04-30 04:56:47 UTC]   bars=62  signal=SELL  price=$424.80  SMA=$401.61  lower=$353.43  upper=$449.79
[2026-04-30 04:56:47 UTC]   → SELLING 1 shares @ ~$424.80
[2026-04-30 04:56:49 UTC]   ORDER SELL 1x MSFT: 📋 Order Summary:
   SELL 1 MSFT @ MARKET (~$400.00)
   Estimated total: $400.00
Traceback (most recent call last):
  File "/usr/local/lib/python3.11/dist-packages/alpaca/common/rest.py", line 198, in _one_request
    response.raise_for_status()
  File "/usr/local/lib/python3.11/dist-packages/request
[2026-04-30 04:56:49 UTC] -- NVDA
[2026-04-30 04:56:50 UTC]   bars=62  signal=SELL  price=$209.35  SMA=$194.96  lower=$170.35  upper=$219.57
[2026-04-30 04:56:50 UTC]   SKIP SELL: no position.
[2026-04-30 04:56:50 UTC] -- AMD
[2026-04-30 04:56:51 UTC]   bars=62  signal=SELL  price=$337.10  SMA=$270.52  lower=$186.26  upper=$354.78
[2026-04-30 04:56:51 UTC]   SKIP SELL: no position.
[2026-04-30 04:56:51 UTC] -- TSLA
[2026-04-30 04:56:51 UTC]   bars=62  signal=SELL  price=$372.80  SMA=$371.03  lower=$335.99  upper=$406.06
[2026-04-30 04:56:51 UTC]   SKIP SELL: no position.
[2026-04-30 04:56:51 UTC] -- META
[2026-04-30 04:56:52 UTC]   bars=62  signal=SELL  price=$669.47  SMA=$643.72  lower=$565.53  upper=$721.91
[2026-04-30 04:56:52 UTC]   SKIP SELL: no position.
[2026-04-30 04:56:52 UTC] -- GOOGL
[2026-04-30 04:56:53 UTC]   bars=62  signal=SELL  price=$350.27  SMA=$328.17  lower=$293.31  upper=$363.03
[2026-04-30 04:56:53 UTC]   SKIP SELL: no position.
[2026-04-30 04:56:53 UTC] -- AMZN
[2026-04-30 04:56:53 UTC]   bars=62  signal=SELL  price=$263.22  SMA=$241.72  lower=$205.72  upper=$277.72
[2026-04-30 04:56:53 UTC]   SKIP SELL: no position.
[2026-04-30 04:56:53 UTC] -- SPY
[2026-04-30 04:56:54 UTC]   bars=62  signal=SELL  price=$711.59  SMA=$692.03  lower=$650.15  upper=$733.92
[2026-04-30 04:56:54 UTC]   → SELLING 1 shares @ ~$711.59
[2026-04-30 04:56:56 UTC]   ORDER SELL 1x SPY: 📋 Order Summary:
   SELL 1 SPY @ MARKET (~$689.60)
   Estimated total: $689.60
Traceback (most recent call last):
  File "/usr/local/lib/python3.11/dist-packages/alpaca/common/rest.py", line 198, in _one_request
    response.raise_for_status()
  File "/usr/local/lib/python3.11/dist-packages/requests
[2026-04-30 04:56:56 UTC] -- QQQ
[2026-04-30 04:56:57 UTC]   bars=62  signal=SELL  price=$661.59  SMA=$629.54  lower=$574.42  upper=$684.67
[2026-04-30 04:56:57 UTC]   SKIP SELL: no position.
[2026-04-30 04:56:57 UTC] === Scan cycle complete ===

[2026-04-30 05:01:41 UTC] === Mean-Reversion scan cycle start ===
[2026-04-30 05:01:42 UTC] Equity: $99,990.52  |  Buying power: $198,586.29
[2026-04-30 05:01:42 UTC] Open positions: {'AAPL': 1.0, 'MSFT': 1.0, 'SPY': 1.0}
[2026-04-30 05:01:42 UTC] Watchlist (10): ['AAPL', 'MSFT', 'NVDA', 'AMD', 'TSLA', 'META', 'GOOGL', 'AMZN', 'SPY', 'QQQ']
[2026-04-30 05:01:42 UTC] -- AAPL
[2026-04-30 05:01:43 UTC]   bars=61  signal=SELL  price=$270.15  SMA=$264.34  lower=$251.50  upper=$277.17
[2026-04-30 05:01:43 UTC]   → SELLING 1 shares @ ~$270.15
[2026-04-30 05:01:45 UTC]   ORDER SELL 1x AAPL: 📋 Order Summary:
   SELL 1 AAPL @ MARKET (~$254.12)
   Estimated total: $254.12
Traceback (most recent call last):
  File "/usr/local/lib/python3.11/dist-packages/alpaca/common/rest.py", line 198, in _one_request
    response.raise_for_status()
  File "/usr/local/lib/python3.11/dist-packages/request
[2026-04-30 05:01:45 UTC] -- MSFT
[2026-04-30 05:01:46 UTC]   bars=61  signal=SELL  price=$424.80  SMA=$401.61  lower=$353.43  upper=$449.79
[2026-04-30 05:01:46 UTC]   → SELLING 1 shares @ ~$424.80
[2026-04-30 05:01:48 UTC]   ORDER SELL 1x MSFT: 📋 Order Summary:
   SELL 1 MSFT @ MARKET (~$400.00)
   Estimated total: $400.00
Traceback (most recent call last):
  File "/usr/local/lib/python3.11/dist-packages/alpaca/common/rest.py", line 198, in _one_request
    response.raise_for_status()
  File "/usr/local/lib/python3.11/dist-packages/request
[2026-04-30 05:01:48 UTC] -- NVDA
[2026-04-30 05:01:49 UTC]   bars=61  signal=SELL  price=$209.35  SMA=$194.96  lower=$170.35  upper=$219.57
[2026-04-30 05:01:49 UTC]   SKIP SELL: no position.
[2026-04-30 05:01:49 UTC] -- AMD
[2026-04-30 05:01:49 UTC]   bars=61  signal=SELL  price=$337.10  SMA=$270.52  lower=$186.26  upper=$354.78
[2026-04-30 05:01:49 UTC]   SKIP SELL: no position.
[2026-04-30 05:01:49 UTC] -- TSLA
[2026-04-30 05:01:50 UTC]   bars=61  signal=SELL  price=$372.80  SMA=$371.03  lower=$335.99  upper=$406.06
[2026-04-30 05:01:50 UTC]   SKIP SELL: no position.
[2026-04-30 05:01:50 UTC] -- META
[2026-04-30 05:01:51 UTC]   bars=61  signal=SELL  price=$669.47  SMA=$643.72  lower=$565.53  upper=$721.91
[2026-04-30 05:01:51 UTC]   SKIP SELL: no position.
[2026-04-30 05:01:51 UTC] -- GOOGL
[2026-04-30 05:01:51 UTC]   bars=61  signal=SELL  price=$350.27  SMA=$328.17  lower=$293.31  upper=$363.03
[2026-04-30 05:01:51 UTC]   SKIP SELL: no position.
[2026-04-30 05:01:51 UTC] -- AMZN
[2026-04-30 05:01:52 UTC]   bars=61  signal=SELL  price=$263.22  SMA=$241.72  lower=$205.72  upper=$277.72
[2026-04-30 05:01:52 UTC]   SKIP SELL: no position.
[2026-04-30 05:01:52 UTC] -- SPY
[2026-04-30 05:01:53 UTC]   bars=61  signal=SELL  price=$711.59  SMA=$692.03  lower=$650.15  upper=$733.92
[2026-04-30 05:01:53 UTC]   → SELLING 1 shares @ ~$711.59
[2026-04-30 05:01:55 UTC]   ORDER SELL 1x SPY: 📋 Order Summary:
   SELL 1 SPY @ MARKET (~$689.60)
   Estimated total: $689.60
Traceback (most recent call last):
  File "/usr/local/lib/python3.11/dist-packages/alpaca/common/rest.py", line 198, in _one_request
    response.raise_for_status()
  File "/usr/local/lib/python3.11/dist-packages/requests
[2026-04-30 05:01:55 UTC] -- QQQ
[2026-04-30 05:01:56 UTC]   bars=61  signal=SELL  price=$661.59  SMA=$629.54  lower=$574.42  upper=$684.67
[2026-04-30 05:01:56 UTC]   SKIP SELL: no position.
[2026-04-30 05:01:56 UTC] === Scan cycle complete ===

[2026-04-30 05:06:40 UTC] === Mean-Reversion scan cycle start ===
[2026-04-30 05:06:42 UTC] Equity: $99,991.56  |  Buying power: $198,587.33
[2026-04-30 05:06:42 UTC] Open positions: {'AAPL': 1.0, 'MSFT': 1.0, 'SPY': 1.0}
[2026-04-30 05:06:42 UTC] Watchlist (10): ['AAPL', 'MSFT', 'NVDA', 'AMD', 'TSLA', 'META', 'GOOGL', 'AMZN', 'SPY', 'QQQ']
[2026-04-30 05:06:42 UTC] -- AAPL
[2026-04-30 05:06:43 UTC]   bars=61  signal=SELL  price=$270.15  SMA=$264.34  lower=$251.50  upper=$277.17
[2026-04-30 05:06:43 UTC]   → SELLING 1 shares @ ~$270.15
[2026-04-30 05:06:45 UTC]   ORDER SELL 1x AAPL: 📋 Order Summary:
   SELL 1 AAPL @ MARKET (~$254.12)
   Estimated total: $254.12
Traceback (most recent call last):
  File "/usr/local/lib/python3.11/dist-packages/alpaca/common/rest.py", line 198, in _one_request
    response.raise_for_status()
  File "/usr/local/lib/python3.11/dist-packages/request
[2026-04-30 05:06:45 UTC] -- MSFT
[2026-04-30 05:06:46 UTC]   bars=61  signal=SELL  price=$424.80  SMA=$401.61  lower=$353.43  upper=$449.79
[2026-04-30 05:06:46 UTC]   → SELLING 1 shares @ ~$424.80
[2026-04-30 05:06:48 UTC]   ORDER SELL 1x MSFT: 📋 Order Summary:
   SELL 1 MSFT @ MARKET (~$400.00)
   Estimated total: $400.00
Traceback (most recent call last):
  File "/usr/local/lib/python3.11/dist-packages/alpaca/common/rest.py", line 198, in _one_request
    response.raise_for_status()
  File "/usr/local/lib/python3.11/dist-packages/request
[2026-04-30 05:06:48 UTC] -- NVDA
[2026-04-30 05:06:49 UTC]   bars=61  signal=SELL  price=$209.35  SMA=$194.96  lower=$170.35  upper=$219.57
[2026-04-30 05:06:49 UTC]   SKIP SELL: no position.
[2026-04-30 05:06:49 UTC] -- AMD
[2026-04-30 05:06:49 UTC]   bars=61  signal=SELL  price=$337.10  SMA=$270.52  lower=$186.26  upper=$354.78
[2026-04-30 05:06:49 UTC]   SKIP SELL: no position.
[2026-04-30 05:06:49 UTC] -- TSLA
[2026-04-30 05:06:50 UTC]   bars=61  signal=SELL  price=$372.80  SMA=$371.03  lower=$335.99  upper=$406.06
[2026-04-30 05:06:50 UTC]   SKIP SELL: no position.
[2026-04-30 05:06:50 UTC] -- META
[2026-04-30 05:06:51 UTC]   bars=61  signal=SELL  price=$669.47  SMA=$643.72  lower=$565.53  upper=$721.91
[2026-04-30 05:06:51 UTC]   SKIP SELL: no position.
[2026-04-30 05:06:51 UTC] -- GOOGL
[2026-04-30 05:06:52 UTC]   bars=61  signal=SELL  price=$350.27  SMA=$328.17  lower=$293.31  upper=$363.03
[2026-04-30 05:06:52 UTC]   SKIP SELL: no position.
[2026-04-30 05:06:52 UTC] -- AMZN
[2026-04-30 05:06:52 UTC]   bars=61  signal=SELL  price=$263.22  SMA=$241.72  lower=$205.72  upper=$277.72
[2026-04-30 05:06:52 UTC]   SKIP SELL: no position.
[2026-04-30 05:06:52 UTC] -- SPY
[2026-04-30 05:06:53 UTC]   bars=61  signal=SELL  price=$711.59  SMA=$692.03  lower=$650.15  upper=$733.92
[2026-04-30 05:06:53 UTC]   → SELLING 1 shares @ ~$711.59
[2026-04-30 05:06:55 UTC]   ORDER SELL 1x SPY: 📋 Order Summary:
   SELL 1 SPY @ MARKET (~$689.60)
   Estimated total: $689.60
Traceback (most recent call last):
  File "/usr/local/lib/python3.11/dist-packages/alpaca/common/rest.py", line 198, in _one_request
    response.raise_for_status()
  File "/usr/local/lib/python3.11/dist-packages/requests
[2026-04-30 05:06:55 UTC] -- QQQ
[2026-04-30 05:06:56 UTC]   bars=61  signal=SELL  price=$661.59  SMA=$629.54  lower=$574.42  upper=$684.67
[2026-04-30 05:06:56 UTC]   SKIP SELL: no position.
[2026-04-30 05:06:56 UTC] === Scan cycle complete ===

[2026-04-30 05:11:40 UTC] === Mean-Reversion scan cycle start ===
[2026-04-30 05:11:42 UTC] Equity: $99,993.09  |  Buying power: $198,588.86
[2026-04-30 05:11:42 UTC] Open positions: {'AAPL': 1.0, 'MSFT': 1.0, 'SPY': 1.0}
[2026-04-30 05:11:42 UTC] Watchlist (10): ['AAPL', 'MSFT', 'NVDA', 'AMD', 'TSLA', 'META', 'GOOGL', 'AMZN', 'SPY', 'QQQ']
[2026-04-30 05:11:42 UTC] -- AAPL
[2026-04-30 05:11:43 UTC]   bars=61  signal=SELL  price=$270.15  SMA=$264.34  lower=$251.50  upper=$277.17
[2026-04-30 05:11:43 UTC]   → SELLING 1 shares @ ~$270.15
[2026-04-30 05:11:45 UTC]   ORDER SELL 1x AAPL: 📋 Order Summary:
   SELL 1 AAPL @ MARKET (~$254.12)
   Estimated total: $254.12
Traceback (most recent call last):
  File "/usr/local/lib/python3.11/dist-packages/alpaca/common/rest.py", line 198, in _one_request
    response.raise_for_status()
  File "/usr/local/lib/python3.11/dist-packages/request
[2026-04-30 05:11:45 UTC] -- MSFT
[2026-04-30 05:11:46 UTC]   bars=61  signal=SELL  price=$424.80  SMA=$401.61  lower=$353.43  upper=$449.79
[2026-04-30 05:11:46 UTC]   → SELLING 1 shares @ ~$424.80
[2026-04-30 05:11:48 UTC]   ORDER SELL 1x MSFT: 📋 Order Summary:
   SELL 1 MSFT @ MARKET (~$400.00)
   Estimated total: $400.00
Traceback (most recent call last):
  File "/usr/local/lib/python3.11/dist-packages/alpaca/common/rest.py", line 198, in _one_request
    response.raise_for_status()
  File "/usr/local/lib/python3.11/dist-packages/request
[2026-04-30 05:11:48 UTC] -- NVDA
[2026-04-30 05:11:49 UTC]   bars=61  signal=SELL  price=$209.35  SMA=$194.96  lower=$170.35  upper=$219.57
[2026-04-30 05:11:49 UTC]   SKIP SELL: no position.
[2026-04-30 05:11:49 UTC] -- AMD
[2026-04-30 05:11:50 UTC]   bars=61  signal=SELL  price=$337.10  SMA=$270.52  lower=$186.26  upper=$354.78
[2026-04-30 05:11:50 UTC]   SKIP SELL: no position.
[2026-04-30 05:11:50 UTC] -- TSLA
[2026-04-30 05:11:50 UTC]   bars=61  signal=SELL  price=$372.80  SMA=$371.03  lower=$335.99  upper=$406.06
[2026-04-30 05:11:50 UTC]   SKIP SELL: no position.
[2026-04-30 05:11:50 UTC] -- META
[2026-04-30 05:11:51 UTC]   bars=61  signal=SELL  price=$669.47  SMA=$643.72  lower=$565.53  upper=$721.91
[2026-04-30 05:11:51 UTC]   SKIP SELL: no position.
[2026-04-30 05:11:51 UTC] -- GOOGL
[2026-04-30 05:11:52 UTC]   bars=61  signal=SELL  price=$350.27  SMA=$328.17  lower=$293.31  upper=$363.03
[2026-04-30 05:11:52 UTC]   SKIP SELL: no position.
[2026-04-30 05:11:52 UTC] -- AMZN
[2026-04-30 05:11:52 UTC]   bars=61  signal=SELL  price=$263.22  SMA=$241.72  lower=$205.72  upper=$277.72
[2026-04-30 05:11:52 UTC]   SKIP SELL: no position.
[2026-04-30 05:11:52 UTC] -- SPY
[2026-04-30 05:11:53 UTC]   bars=61  signal=SELL  price=$711.59  SMA=$692.03  lower=$650.15  upper=$733.92
[2026-04-30 05:11:53 UTC]   → SELLING 1 shares @ ~$711.59
[2026-04-30 05:11:55 UTC]   ORDER SELL 1x SPY: 📋 Order Summary:
   SELL 1 SPY @ MARKET (~$689.60)
   Estimated total: $689.60
Traceback (most recent call last):
  File "/usr/local/lib/python3.11/dist-packages/alpaca/common/rest.py", line 198, in _one_request
    response.raise_for_status()
  File "/usr/local/lib/python3.11/dist-packages/requests
[2026-04-30 05:11:55 UTC] -- QQQ
[2026-04-30 05:11:56 UTC]   bars=61  signal=SELL  price=$661.59  SMA=$629.54  lower=$574.42  upper=$684.67
[2026-04-30 05:11:56 UTC]   SKIP SELL: no position.
[2026-04-30 05:11:56 UTC] === Scan cycle complete ===

[2026-04-30 05:16:40 UTC] === Mean-Reversion scan cycle start ===
[2026-04-30 05:16:41 UTC] Equity: $99,992.96  |  Buying power: $198,588.73
[2026-04-30 05:16:42 UTC] Open positions: {'AAPL': 1.0, 'MSFT': 1.0, 'SPY': 1.0}
[2026-04-30 05:16:42 UTC] Watchlist (10): ['AAPL', 'MSFT', 'NVDA', 'AMD', 'TSLA', 'META', 'GOOGL', 'AMZN', 'SPY', 'QQQ']
[2026-04-30 05:16:42 UTC] -- AAPL
[2026-04-30 05:16:42 UTC]   bars=61  signal=SELL  price=$270.15  SMA=$264.34  lower=$251.50  upper=$277.17
[2026-04-30 05:16:42 UTC]   → SELLING 1 shares @ ~$270.15
[2026-04-30 05:16:45 UTC]   ORDER SELL 1x AAPL: 📋 Order Summary:
   SELL 1 AAPL @ MARKET (~$254.12)
   Estimated total: $254.12
Traceback (most recent call last):
  File "/usr/local/lib/python3.11/dist-packages/alpaca/common/rest.py", line 198, in _one_request
    response.raise_for_status()
  File "/usr/local/lib/python3.11/dist-packages/request
[2026-04-30 05:16:45 UTC] -- MSFT
[2026-04-30 05:16:46 UTC]   bars=61  signal=SELL  price=$424.80  SMA=$401.61  lower=$353.43  upper=$449.79
[2026-04-30 05:16:46 UTC]   → SELLING 1 shares @ ~$424.80
[2026-04-30 05:16:48 UTC]   ORDER SELL 1x MSFT: 📋 Order Summary:
   SELL 1 MSFT @ MARKET (~$400.00)
   Estimated total: $400.00
Traceback (most recent call last):
  File "/usr/local/lib/python3.11/dist-packages/alpaca/common/rest.py", line 198, in _one_request
    response.raise_for_status()
  File "/usr/local/lib/python3.11/dist-packages/request
[2026-04-30 05:16:48 UTC] -- NVDA
[2026-04-30 05:16:49 UTC]   bars=61  signal=SELL  price=$209.35  SMA=$194.96  lower=$170.35  upper=$219.57
[2026-04-30 05:16:49 UTC]   SKIP SELL: no position.
[2026-04-30 05:16:49 UTC] -- AMD
[2026-04-30 05:16:50 UTC]   bars=61  signal=SELL  price=$337.10  SMA=$270.52  lower=$186.26  upper=$354.78
[2026-04-30 05:16:50 UTC]   SKIP SELL: no position.
[2026-04-30 05:16:50 UTC] -- TSLA
[2026-04-30 05:16:50 UTC]   bars=61  signal=SELL  price=$372.80  SMA=$371.03  lower=$335.99  upper=$406.06
[2026-04-30 05:16:50 UTC]   SKIP SELL: no position.
[2026-04-30 05:16:50 UTC] -- META
[2026-04-30 05:16:51 UTC]   bars=61  signal=SELL  price=$669.47  SMA=$643.72  lower=$565.53  upper=$721.91
[2026-04-30 05:16:51 UTC]   SKIP SELL: no position.
[2026-04-30 05:16:51 UTC] -- GOOGL
[2026-04-30 05:16:52 UTC]   bars=61  signal=SELL  price=$350.27  SMA=$328.17  lower=$293.31  upper=$363.03
[2026-04-30 05:16:52 UTC]   SKIP SELL: no position.
[2026-04-30 05:16:52 UTC] -- AMZN
[2026-04-30 05:16:52 UTC]   bars=61  signal=SELL  price=$263.22  SMA=$241.72  lower=$205.72  upper=$277.72
[2026-04-30 05:16:52 UTC]   SKIP SELL: no position.
[2026-04-30 05:16:52 UTC] -- SPY
[2026-04-30 05:16:53 UTC]   bars=61  signal=SELL  price=$711.59  SMA=$692.03  lower=$650.15  upper=$733.92
[2026-04-30 05:16:53 UTC]   → SELLING 1 shares @ ~$711.59
[2026-04-30 05:16:55 UTC]   ORDER SELL 1x SPY: 📋 Order Summary:
   SELL 1 SPY @ MARKET (~$689.60)
   Estimated total: $689.60
Traceback (most recent call last):
  File "/usr/local/lib/python3.11/dist-packages/alpaca/common/rest.py", line 198, in _one_request
    response.raise_for_status()
  File "/usr/local/lib/python3.11/dist-packages/requests
[2026-04-30 05:16:55 UTC] -- QQQ
[2026-04-30 05:16:56 UTC]   bars=61  signal=SELL  price=$661.59  SMA=$629.54  lower=$574.42  upper=$684.67
[2026-04-30 05:16:56 UTC]   SKIP SELL: no position.
[2026-04-30 05:16:56 UTC] === Scan cycle complete ===

[2026-04-30 05:21:41 UTC] === Mean-Reversion scan cycle start ===
[2026-04-30 05:21:43 UTC] Equity: $99,993.21  |  Buying power: $198,588.98
[2026-04-30 05:21:43 UTC] Open positions: {'AAPL': 1.0, 'MSFT': 1.0, 'SPY': 1.0}
[2026-04-30 05:21:43 UTC] Watchlist (10): ['AAPL', 'MSFT', 'NVDA', 'AMD', 'TSLA', 'META', 'GOOGL', 'AMZN', 'SPY', 'QQQ']
[2026-04-30 05:21:43 UTC] -- AAPL
[2026-04-30 05:21:44 UTC]   bars=61  signal=SELL  price=$270.15  SMA=$264.34  lower=$251.50  upper=$277.17
[2026-04-30 05:21:44 UTC]   → SELLING 1 shares @ ~$270.15
[2026-04-30 05:21:46 UTC]   ORDER SELL 1x AAPL: 📋 Order Summary:
   SELL 1 AAPL @ MARKET (~$254.12)
   Estimated total: $254.12
Traceback (most recent call last):
  File "/usr/local/lib/python3.11/dist-packages/alpaca/common/rest.py", line 198, in _one_request
    response.raise_for_status()
  File "/usr/local/lib/python3.11/dist-packages/request
[2026-04-30 05:21:46 UTC] -- MSFT
[2026-04-30 05:21:47 UTC]   bars=61  signal=SELL  price=$424.80  SMA=$401.61  lower=$353.43  upper=$449.79
[2026-04-30 05:21:47 UTC]   → SELLING 1 shares @ ~$424.80
[2026-04-30 05:21:49 UTC]   ORDER SELL 1x MSFT: 📋 Order Summary:
   SELL 1 MSFT @ MARKET (~$400.00)
   Estimated total: $400.00
Traceback (most recent call last):
  File "/usr/local/lib/python3.11/dist-packages/alpaca/common/rest.py", line 198, in _one_request
    response.raise_for_status()
  File "/usr/local/lib/python3.11/dist-packages/request
[2026-04-30 05:21:49 UTC] -- NVDA
[2026-04-30 05:21:50 UTC]   bars=61  signal=SELL  price=$209.35  SMA=$194.96  lower=$170.35  upper=$219.57
[2026-04-30 05:21:50 UTC]   SKIP SELL: no position.
[2026-04-30 05:21:50 UTC] -- AMD
[2026-04-30 05:21:50 UTC]   bars=61  signal=SELL  price=$337.10  SMA=$270.52  lower=$186.26  upper=$354.78
[2026-04-30 05:21:50 UTC]   SKIP SELL: no position.
[2026-04-30 05:21:50 UTC] -- TSLA
[2026-04-30 05:21:51 UTC]   bars=61  signal=SELL  price=$372.80  SMA=$371.03  lower=$335.99  upper=$406.06
[2026-04-30 05:21:51 UTC]   SKIP SELL: no position.
[2026-04-30 05:21:51 UTC] -- META
[2026-04-30 05:21:52 UTC]   bars=61  signal=SELL  price=$669.47  SMA=$643.72  lower=$565.53  upper=$721.91
[2026-04-30 05:21:52 UTC]   SKIP SELL: no position.
[2026-04-30 05:21:52 UTC] -- GOOGL
[2026-04-30 05:21:52 UTC]   bars=61  signal=SELL  price=$350.27  SMA=$328.17  lower=$293.31  upper=$363.03
[2026-04-30 05:21:52 UTC]   SKIP SELL: no position.
[2026-04-30 05:21:52 UTC] -- AMZN
[2026-04-30 05:21:53 UTC]   bars=61  signal=SELL  price=$263.22  SMA=$241.72  lower=$205.72  upper=$277.72
[2026-04-30 05:21:53 UTC]   SKIP SELL: no position.
[2026-04-30 05:21:53 UTC] -- SPY
[2026-04-30 05:21:54 UTC]   bars=61  signal=SELL  price=$711.59  SMA=$692.03  lower=$650.15  upper=$733.92
[2026-04-30 05:21:54 UTC]   → SELLING 1 shares @ ~$711.59
[2026-04-30 05:21:56 UTC]   ORDER SELL 1x SPY: 📋 Order Summary:
   SELL 1 SPY @ MARKET (~$689.60)
   Estimated total: $689.60
Traceback (most recent call last):
  File "/usr/local/lib/python3.11/dist-packages/alpaca/common/rest.py", line 198, in _one_request
    response.raise_for_status()
  File "/usr/local/lib/python3.11/dist-packages/requests
[2026-04-30 05:21:56 UTC] -- QQQ
[2026-04-30 05:21:56 UTC]   bars=61  signal=SELL  price=$661.59  SMA=$629.54  lower=$574.42  upper=$684.67
[2026-04-30 05:21:56 UTC]   SKIP SELL: no position.
[2026-04-30 05:21:56 UTC] === Scan cycle complete ===

[2026-04-30 05:26:43 UTC] === Mean-Reversion scan cycle start ===
[2026-04-30 05:26:44 UTC] Equity: $99,991.95  |  Buying power: $198,587.72
[2026-04-30 05:26:44 UTC] Open positions: {'AAPL': 1.0, 'MSFT': 1.0, 'SPY': 1.0}
[2026-04-30 05:26:44 UTC] Watchlist (10): ['AAPL', 'MSFT', 'NVDA', 'AMD', 'TSLA', 'META', 'GOOGL', 'AMZN', 'SPY', 'QQQ']
[2026-04-30 05:26:44 UTC] -- AAPL
[2026-04-30 05:26:45 UTC]   bars=61  signal=SELL  price=$270.15  SMA=$264.34  lower=$251.50  upper=$277.17
[2026-04-30 05:26:45 UTC]   → SELLING 1 shares @ ~$270.15
[2026-04-30 05:26:48 UTC]   ORDER SELL 1x AAPL: 📋 Order Summary:
   SELL 1 AAPL @ MARKET (~$254.12)
   Estimated total: $254.12
Traceback (most recent call last):
  File "/usr/local/lib/python3.11/dist-packages/alpaca/common/rest.py", line 198, in _one_request
    response.raise_for_status()
  File "/usr/local/lib/python3.11/dist-packages/request
[2026-04-30 05:26:48 UTC] -- MSFT
[2026-04-30 05:26:48 UTC]   bars=61  signal=SELL  price=$424.80  SMA=$401.61  lower=$353.43  upper=$449.79
[2026-04-30 05:26:48 UTC]   → SELLING 1 shares @ ~$424.80
[2026-04-30 05:26:51 UTC]   ORDER SELL 1x MSFT: 📋 Order Summary:
   SELL 1 MSFT @ MARKET (~$400.00)
   Estimated total: $400.00
Traceback (most recent call last):
  File "/usr/local/lib/python3.11/dist-packages/alpaca/common/rest.py", line 198, in _one_request
    response.raise_for_status()
  File "/usr/local/lib/python3.11/dist-packages/request
[2026-04-30 05:26:51 UTC] -- NVDA
[2026-04-30 05:26:51 UTC]   bars=61  signal=SELL  price=$209.35  SMA=$194.96  lower=$170.35  upper=$219.57
[2026-04-30 05:26:51 UTC]   SKIP SELL: no position.
[2026-04-30 05:26:51 UTC] -- AMD
[2026-04-30 05:26:52 UTC]   bars=61  signal=SELL  price=$337.10  SMA=$270.52  lower=$186.26  upper=$354.78
[2026-04-30 05:26:52 UTC]   SKIP SELL: no position.
[2026-04-30 05:26:52 UTC] -- TSLA
[2026-04-30 05:26:53 UTC]   bars=61  signal=SELL  price=$372.80  SMA=$371.03  lower=$335.99  upper=$406.06
[2026-04-30 05:26:53 UTC]   SKIP SELL: no position.
[2026-04-30 05:26:53 UTC] -- META
[2026-04-30 05:26:53 UTC]   bars=61  signal=SELL  price=$669.47  SMA=$643.72  lower=$565.53  upper=$721.91
[2026-04-30 05:26:53 UTC]   SKIP SELL: no position.
[2026-04-30 05:26:53 UTC] -- GOOGL
[2026-04-30 05:26:54 UTC]   bars=61  signal=SELL  price=$350.27  SMA=$328.17  lower=$293.31  upper=$363.03
[2026-04-30 05:26:54 UTC]   SKIP SELL: no position.
[2026-04-30 05:26:54 UTC] -- AMZN
[2026-04-30 05:26:55 UTC]   bars=61  signal=SELL  price=$263.22  SMA=$241.72  lower=$205.72  upper=$277.72
[2026-04-30 05:26:55 UTC]   SKIP SELL: no position.
[2026-04-30 05:26:55 UTC] -- SPY
[2026-04-30 05:26:55 UTC]   bars=61  signal=SELL  price=$711.59  SMA=$692.03  lower=$650.15  upper=$733.92
[2026-04-30 05:26:55 UTC]   → SELLING 1 shares @ ~$711.59
[2026-04-30 05:26:58 UTC]   ORDER SELL 1x SPY: 📋 Order Summary:
   SELL 1 SPY @ MARKET (~$689.60)
   Estimated total: $689.60
Traceback (most recent call last):
  File "/usr/local/lib/python3.11/dist-packages/alpaca/common/rest.py", line 198, in _one_request
    response.raise_for_status()
  File "/usr/local/lib/python3.11/dist-packages/requests
[2026-04-30 05:26:58 UTC] -- QQQ
[2026-04-30 05:26:59 UTC]   bars=61  signal=SELL  price=$661.59  SMA=$629.54  lower=$574.42  upper=$684.67
[2026-04-30 05:26:59 UTC]   SKIP SELL: no position.
[2026-04-30 05:26:59 UTC] === Scan cycle complete ===

[2026-04-30 05:31:44 UTC] === Mean-Reversion scan cycle start ===
[2026-04-30 05:31:45 UTC] Equity: $99,991.55  |  Buying power: $198,587.32
[2026-04-30 05:31:46 UTC] Open positions: {'AAPL': 1.0, 'MSFT': 1.0, 'SPY': 1.0}
[2026-04-30 05:31:46 UTC] Watchlist (10): ['AAPL', 'MSFT', 'NVDA', 'AMD', 'TSLA', 'META', 'GOOGL', 'AMZN', 'SPY', 'QQQ']
[2026-04-30 05:31:46 UTC] -- AAPL
[2026-04-30 05:31:46 UTC]   bars=61  signal=SELL  price=$270.15  SMA=$264.34  lower=$251.50  upper=$277.17
[2026-04-30 05:31:46 UTC]   → SELLING 1 shares @ ~$270.15
[2026-04-30 05:31:50 UTC]   ORDER SELL 1x AAPL: 📋 Order Summary:
   SELL 1 AAPL @ MARKET (~$254.12)
   Estimated total: $254.12
Traceback (most recent call last):
  File "/usr/local/lib/python3.11/dist-packages/alpaca/common/rest.py", line 198, in _one_request
    response.raise_for_status()
  File "/usr/local/lib/python3.11/dist-packages/request
[2026-04-30 05:31:50 UTC] -- MSFT
[2026-04-30 05:31:51 UTC]   bars=61  signal=SELL  price=$424.80  SMA=$401.61  lower=$353.43  upper=$449.79
[2026-04-30 05:31:51 UTC]   → SELLING 1 shares @ ~$424.80
[2026-04-30 05:31:53 UTC]   ORDER SELL 1x MSFT: 📋 Order Summary:
   SELL 1 MSFT @ MARKET (~$400.00)
   Estimated total: $400.00
Traceback (most recent call last):
  File "/usr/local/lib/python3.11/dist-packages/alpaca/common/rest.py", line 198, in _one_request
    response.raise_for_status()
  File "/usr/local/lib/python3.11/dist-packages/request
[2026-04-30 05:31:53 UTC] -- NVDA
[2026-04-30 05:31:54 UTC]   bars=61  signal=SELL  price=$209.35  SMA=$194.96  lower=$170.35  upper=$219.57
[2026-04-30 05:31:54 UTC]   SKIP SELL: no position.
[2026-04-30 05:31:54 UTC] -- AMD
[2026-04-30 05:31:54 UTC]   bars=61  signal=SELL  price=$337.10  SMA=$270.52  lower=$186.26  upper=$354.78
[2026-04-30 05:31:54 UTC]   SKIP SELL: no position.
[2026-04-30 05:31:54 UTC] -- TSLA
[2026-04-30 05:31:55 UTC]   bars=61  signal=SELL  price=$372.80  SMA=$371.03  lower=$335.99  upper=$406.06
[2026-04-30 05:31:55 UTC]   SKIP SELL: no position.
[2026-04-30 05:31:55 UTC] -- META
[2026-04-30 05:31:56 UTC]   bars=61  signal=SELL  price=$669.47  SMA=$643.72  lower=$565.53  upper=$721.91
[2026-04-30 05:31:56 UTC]   SKIP SELL: no position.
[2026-04-30 05:31:56 UTC] -- GOOGL
[2026-04-30 05:31:56 UTC]   bars=61  signal=SELL  price=$350.27  SMA=$328.17  lower=$293.31  upper=$363.03
[2026-04-30 05:31:56 UTC]   SKIP SELL: no position.
[2026-04-30 05:31:56 UTC] -- AMZN
[2026-04-30 05:31:57 UTC]   bars=61  signal=SELL  price=$263.22  SMA=$241.72  lower=$205.72  upper=$277.72
[2026-04-30 05:31:57 UTC]   SKIP SELL: no position.
[2026-04-30 05:31:57 UTC] -- SPY
[2026-04-30 05:31:57 UTC]   bars=61  signal=SELL  price=$711.59  SMA=$692.03  lower=$650.15  upper=$733.92
[2026-04-30 05:31:57 UTC]   → SELLING 1 shares @ ~$711.59
[2026-04-30 05:32:00 UTC]   ORDER SELL 1x SPY: 📋 Order Summary:
   SELL 1 SPY @ MARKET (~$689.60)
   Estimated total: $689.60
Traceback (most recent call last):
  File "/usr/local/lib/python3.11/dist-packages/alpaca/common/rest.py", line 198, in _one_request
    response.raise_for_status()
  File "/usr/local/lib/python3.11/dist-packages/requests
[2026-04-30 05:32:00 UTC] -- QQQ
[2026-04-30 05:32:01 UTC]   bars=61  signal=SELL  price=$661.59  SMA=$629.54  lower=$574.42  upper=$684.67
[2026-04-30 05:32:01 UTC]   SKIP SELL: no position.
[2026-04-30 05:32:01 UTC] === Scan cycle complete ===

[2026-04-30 05:36:41 UTC] === Mean-Reversion scan cycle start ===
[2026-04-30 05:36:43 UTC] Equity: $99,992.54  |  Buying power: $198,588.31
[2026-04-30 05:36:43 UTC] Open positions: {'AAPL': 1.0, 'MSFT': 1.0, 'SPY': 1.0}
[2026-04-30 05:36:43 UTC] Watchlist (10): ['AAPL', 'MSFT', 'NVDA', 'AMD', 'TSLA', 'META', 'GOOGL', 'AMZN', 'SPY', 'QQQ']
[2026-04-30 05:36:43 UTC] -- AAPL
[2026-04-30 05:36:44 UTC]   bars=61  signal=SELL  price=$270.15  SMA=$264.34  lower=$251.50  upper=$277.17
[2026-04-30 05:36:44 UTC]   → SELLING 1 shares @ ~$270.15
[2026-04-30 05:36:46 UTC]   ORDER SELL 1x AAPL: 📋 Order Summary:
   SELL 1 AAPL @ MARKET (~$254.12)
   Estimated total: $254.12
Traceback (most recent call last):
  File "/usr/local/lib/python3.11/dist-packages/alpaca/common/rest.py", line 198, in _one_request
    response.raise_for_status()
  File "/usr/local/lib/python3.11/dist-packages/request
[2026-04-30 05:36:46 UTC] -- MSFT
[2026-04-30 05:36:47 UTC]   bars=61  signal=SELL  price=$424.80  SMA=$401.61  lower=$353.43  upper=$449.79
[2026-04-30 05:36:47 UTC]   → SELLING 1 shares @ ~$424.80
[2026-04-30 05:36:49 UTC]   ORDER SELL 1x MSFT: 📋 Order Summary:
   SELL 1 MSFT @ MARKET (~$400.00)
   Estimated total: $400.00
Traceback (most recent call last):
  File "/usr/local/lib/python3.11/dist-packages/alpaca/common/rest.py", line 198, in _one_request
    response.raise_for_status()
  File "/usr/local/lib/python3.11/dist-packages/request
[2026-04-30 05:36:49 UTC] -- NVDA
[2026-04-30 05:36:49 UTC]   bars=61  signal=SELL  price=$209.35  SMA=$194.96  lower=$170.35  upper=$219.57
[2026-04-30 05:36:49 UTC]   SKIP SELL: no position.
[2026-04-30 05:36:49 UTC] -- AMD
[2026-04-30 05:36:50 UTC]   bars=61  signal=SELL  price=$337.10  SMA=$270.52  lower=$186.26  upper=$354.78
[2026-04-30 05:36:50 UTC]   SKIP SELL: no position.
[2026-04-30 05:36:50 UTC] -- TSLA
[2026-04-30 05:36:51 UTC]   bars=61  signal=SELL  price=$372.80  SMA=$371.03  lower=$335.99  upper=$406.06
[2026-04-30 05:36:51 UTC]   SKIP SELL: no position.
[2026-04-30 05:36:51 UTC] -- META
[2026-04-30 05:36:52 UTC]   bars=61  signal=SELL  price=$669.47  SMA=$643.72  lower=$565.53  upper=$721.91
[2026-04-30 05:36:52 UTC]   SKIP SELL: no position.
[2026-04-30 05:36:52 UTC] -- GOOGL
[2026-04-30 05:36:52 UTC]   bars=61  signal=SELL  price=$350.27  SMA=$328.17  lower=$293.31  upper=$363.03
[2026-04-30 05:36:52 UTC]   SKIP SELL: no position.
[2026-04-30 05:36:52 UTC] -- AMZN
[2026-04-30 05:36:53 UTC]   bars=61  signal=SELL  price=$263.22  SMA=$241.72  lower=$205.72  upper=$277.72
[2026-04-30 05:36:53 UTC]   SKIP SELL: no position.
[2026-04-30 05:36:53 UTC] -- SPY
[2026-04-30 05:36:53 UTC]   bars=61  signal=SELL  price=$711.59  SMA=$692.03  lower=$650.15  upper=$733.92
[2026-04-30 05:36:53 UTC]   → SELLING 1 shares @ ~$711.59
[2026-04-30 05:36:56 UTC]   ORDER SELL 1x SPY: 📋 Order Summary:
   SELL 1 SPY @ MARKET (~$689.60)
   Estimated total: $689.60
Traceback (most recent call last):
  File "/usr/local/lib/python3.11/dist-packages/alpaca/common/rest.py", line 198, in _one_request
    response.raise_for_status()
  File "/usr/local/lib/python3.11/dist-packages/requests
[2026-04-30 05:36:56 UTC] -- QQQ
[2026-04-30 05:36:56 UTC]   bars=61  signal=SELL  price=$661.59  SMA=$629.54  lower=$574.42  upper=$684.67
[2026-04-30 05:36:57 UTC]   SKIP SELL: no position.
[2026-04-30 05:36:57 UTC] === Scan cycle complete ===

[2026-04-30 05:41:43 UTC] === Mean-Reversion scan cycle start ===
[2026-04-30 05:41:44 UTC] Equity: $99,992.60  |  Buying power: $198,588.37
[2026-04-30 05:41:44 UTC] Open positions: {'AAPL': 1.0, 'MSFT': 1.0, 'SPY': 1.0}
[2026-04-30 05:41:44 UTC] Watchlist (10): ['AAPL', 'MSFT', 'NVDA', 'AMD', 'TSLA', 'META', 'GOOGL', 'AMZN', 'SPY', 'QQQ']
[2026-04-30 05:41:44 UTC] -- AAPL
[2026-04-30 05:41:45 UTC]   bars=61  signal=SELL  price=$270.15  SMA=$264.34  lower=$251.50  upper=$277.17
[2026-04-30 05:41:45 UTC]   → SELLING 1 shares @ ~$270.15
[2026-04-30 05:41:47 UTC]   ORDER SELL 1x AAPL: 📋 Order Summary:
   SELL 1 AAPL @ MARKET (~$254.12)
   Estimated total: $254.12
Traceback (most recent call last):
  File "/usr/local/lib/python3.11/dist-packages/alpaca/common/rest.py", line 198, in _one_request
    response.raise_for_status()
  File "/usr/local/lib/python3.11/dist-packages/request
[2026-04-30 05:41:47 UTC] -- MSFT
[2026-04-30 05:41:48 UTC]   bars=61  signal=SELL  price=$424.80  SMA=$401.61  lower=$353.43  upper=$449.79
[2026-04-30 05:41:48 UTC]   → SELLING 1 shares @ ~$424.80
[2026-04-30 05:41:51 UTC]   ORDER SELL 1x MSFT: 📋 Order Summary:
   SELL 1 MSFT @ MARKET (~$400.00)
   Estimated total: $400.00
Traceback (most recent call last):
  File "/usr/local/lib/python3.11/dist-packages/alpaca/common/rest.py", line 198, in _one_request
    response.raise_for_status()
  File "/usr/local/lib/python3.11/dist-packages/request
[2026-04-30 05:41:51 UTC] -- NVDA
[2026-04-30 05:41:51 UTC]   bars=61  signal=SELL  price=$209.35  SMA=$194.96  lower=$170.35  upper=$219.57
[2026-04-30 05:41:51 UTC]   SKIP SELL: no position.
[2026-04-30 05:41:51 UTC] -- AMD
[2026-04-30 05:41:52 UTC]   bars=61  signal=SELL  price=$337.10  SMA=$270.52  lower=$186.26  upper=$354.78
[2026-04-30 05:41:52 UTC]   SKIP SELL: no position.
[2026-04-30 05:41:52 UTC] -- TSLA
[2026-04-30 05:41:53 UTC]   bars=61  signal=SELL  price=$372.80  SMA=$371.03  lower=$335.99  upper=$406.06
[2026-04-30 05:41:53 UTC]   SKIP SELL: no position.
[2026-04-30 05:41:53 UTC] -- META
[2026-04-30 05:41:53 UTC]   bars=61  signal=SELL  price=$669.47  SMA=$643.72  lower=$565.53  upper=$721.91
[2026-04-30 05:41:53 UTC]   SKIP SELL: no position.
[2026-04-30 05:41:53 UTC] -- GOOGL
[2026-04-30 05:41:54 UTC]   bars=61  signal=SELL  price=$350.27  SMA=$328.17  lower=$293.31  upper=$363.03
[2026-04-30 05:41:54 UTC]   SKIP SELL: no position.
[2026-04-30 05:41:54 UTC] -- AMZN
[2026-04-30 05:41:54 UTC]   bars=61  signal=SELL  price=$263.22  SMA=$241.72  lower=$205.72  upper=$277.72
[2026-04-30 05:41:54 UTC]   SKIP SELL: no position.
[2026-04-30 05:41:54 UTC] -- SPY
[2026-04-30 05:41:55 UTC]   bars=61  signal=SELL  price=$711.59  SMA=$692.03  lower=$650.15  upper=$733.92
[2026-04-30 05:41:55 UTC]   → SELLING 1 shares @ ~$711.59
[2026-04-30 05:41:57 UTC]   ORDER SELL 1x SPY: 📋 Order Summary:
   SELL 1 SPY @ MARKET (~$689.60)
   Estimated total: $689.60
Traceback (most recent call last):
  File "/usr/local/lib/python3.11/dist-packages/alpaca/common/rest.py", line 198, in _one_request
    response.raise_for_status()
  File "/usr/local/lib/python3.11/dist-packages/requests
[2026-04-30 05:41:57 UTC] -- QQQ
[2026-04-30 05:41:58 UTC]   bars=61  signal=SELL  price=$661.59  SMA=$629.54  lower=$574.42  upper=$684.67
[2026-04-30 05:41:58 UTC]   SKIP SELL: no position.
[2026-04-30 05:41:58 UTC] === Scan cycle complete ===

[2026-04-30 05:46:41 UTC] === Mean-Reversion scan cycle start ===
[2026-04-30 05:46:42 UTC] Equity: $99,992.42  |  Buying power: $198,588.19
[2026-04-30 05:46:42 UTC] Open positions: {'AAPL': 1.0, 'MSFT': 1.0, 'SPY': 1.0}
[2026-04-30 05:46:42 UTC] Watchlist (10): ['AAPL', 'MSFT', 'NVDA', 'AMD', 'TSLA', 'META', 'GOOGL', 'AMZN', 'SPY', 'QQQ']
[2026-04-30 05:46:42 UTC] -- AAPL
[2026-04-30 05:46:43 UTC]   bars=61  signal=SELL  price=$270.15  SMA=$264.34  lower=$251.50  upper=$277.17
[2026-04-30 05:46:43 UTC]   → SELLING 1 shares @ ~$270.15
[2026-04-30 05:46:46 UTC]   ORDER SELL 1x AAPL: 📋 Order Summary:
   SELL 1 AAPL @ MARKET (~$254.12)
   Estimated total: $254.12
Traceback (most recent call last):
  File "/usr/local/lib/python3.11/dist-packages/alpaca/common/rest.py", line 198, in _one_request
    response.raise_for_status()
  File "/usr/local/lib/python3.11/dist-packages/request
[2026-04-30 05:46:46 UTC] -- MSFT
[2026-04-30 05:46:46 UTC]   bars=61  signal=SELL  price=$424.80  SMA=$401.61  lower=$353.43  upper=$449.79
[2026-04-30 05:46:46 UTC]   → SELLING 1 shares @ ~$424.80
[2026-04-30 05:46:49 UTC]   ORDER SELL 1x MSFT: 📋 Order Summary:
   SELL 1 MSFT @ MARKET (~$400.00)
   Estimated total: $400.00
Traceback (most recent call last):
  File "/usr/local/lib/python3.11/dist-packages/alpaca/common/rest.py", line 198, in _one_request
    response.raise_for_status()
  File "/usr/local/lib/python3.11/dist-packages/request
[2026-04-30 05:46:49 UTC] -- NVDA
[2026-04-30 05:46:49 UTC]   bars=61  signal=SELL  price=$209.35  SMA=$194.96  lower=$170.35  upper=$219.57
[2026-04-30 05:46:49 UTC]   SKIP SELL: no position.
[2026-04-30 05:46:49 UTC] -- AMD
[2026-04-30 05:46:50 UTC]   bars=61  signal=SELL  price=$337.10  SMA=$270.52  lower=$186.26  upper=$354.78
[2026-04-30 05:46:50 UTC]   SKIP SELL: no position.
[2026-04-30 05:46:50 UTC] -- TSLA
[2026-04-30 05:46:51 UTC]   bars=61  signal=SELL  price=$372.80  SMA=$371.03  lower=$335.99  upper=$406.06
[2026-04-30 05:46:51 UTC]   SKIP SELL: no position.
[2026-04-30 05:46:51 UTC] -- META
[2026-04-30 05:46:51 UTC]   bars=61  signal=SELL  price=$669.47  SMA=$643.72  lower=$565.53  upper=$721.91
[2026-04-30 05:46:51 UTC]   SKIP SELL: no position.
[2026-04-30 05:46:51 UTC] -- GOOGL
[2026-04-30 05:46:52 UTC]   bars=61  signal=SELL  price=$350.27  SMA=$328.17  lower=$293.31  upper=$363.03
[2026-04-30 05:46:52 UTC]   SKIP SELL: no position.
[2026-04-30 05:46:52 UTC] -- AMZN
[2026-04-30 05:46:53 UTC]   bars=61  signal=SELL  price=$263.22  SMA=$241.72  lower=$205.72  upper=$277.72
[2026-04-30 05:46:53 UTC]   SKIP SELL: no position.
[2026-04-30 05:46:53 UTC] -- SPY
[2026-04-30 05:46:53 UTC]   bars=61  signal=SELL  price=$711.59  SMA=$692.03  lower=$650.15  upper=$733.92
[2026-04-30 05:46:53 UTC]   → SELLING 1 shares @ ~$711.59
[2026-04-30 05:46:56 UTC]   ORDER SELL 1x SPY: 📋 Order Summary:
   SELL 1 SPY @ MARKET (~$689.60)
   Estimated total: $689.60
Traceback (most recent call last):
  File "/usr/local/lib/python3.11/dist-packages/alpaca/common/rest.py", line 198, in _one_request
    response.raise_for_status()
  File "/usr/local/lib/python3.11/dist-packages/requests
[2026-04-30 05:46:56 UTC] -- QQQ
[2026-04-30 05:46:56 UTC]   bars=61  signal=SELL  price=$661.59  SMA=$629.54  lower=$574.42  upper=$684.67
[2026-04-30 05:46:56 UTC]   SKIP SELL: no position.
[2026-04-30 05:46:56 UTC] === Scan cycle complete ===

[2026-04-30 05:51:45 UTC] === Mean-Reversion scan cycle start ===
[2026-04-30 05:51:46 UTC] Equity: $99,993.18  |  Buying power: $198,588.95
[2026-04-30 05:51:46 UTC] Open positions: {'AAPL': 1.0, 'MSFT': 1.0, 'SPY': 1.0}
[2026-04-30 05:51:46 UTC] Watchlist (10): ['AAPL', 'MSFT', 'NVDA', 'AMD', 'TSLA', 'META', 'GOOGL', 'AMZN', 'SPY', 'QQQ']
[2026-04-30 05:51:46 UTC] -- AAPL
[2026-04-30 05:51:47 UTC]   bars=61  signal=SELL  price=$270.15  SMA=$264.34  lower=$251.50  upper=$277.17
[2026-04-30 05:51:47 UTC]   → SELLING 1 shares @ ~$270.15
[2026-04-30 05:51:50 UTC]   ORDER SELL 1x AAPL: 📋 Order Summary:
   SELL 1 AAPL @ MARKET (~$254.12)
   Estimated total: $254.12
Traceback (most recent call last):
  File "/usr/local/lib/python3.11/dist-packages/alpaca/common/rest.py", line 198, in _one_request
    response.raise_for_status()
  File "/usr/local/lib/python3.11/dist-packages/request
[2026-04-30 05:51:50 UTC] -- MSFT
[2026-04-30 05:51:50 UTC]   bars=61  signal=SELL  price=$424.80  SMA=$401.61  lower=$353.43  upper=$449.79
[2026-04-30 05:51:50 UTC]   → SELLING 1 shares @ ~$424.80
[2026-04-30 05:51:53 UTC]   ORDER SELL 1x MSFT: 📋 Order Summary:
   SELL 1 MSFT @ MARKET (~$400.00)
   Estimated total: $400.00
Traceback (most recent call last):
  File "/usr/local/lib/python3.11/dist-packages/alpaca/common/rest.py", line 198, in _one_request
    response.raise_for_status()
  File "/usr/local/lib/python3.11/dist-packages/request
[2026-04-30 05:51:53 UTC] -- NVDA
[2026-04-30 05:51:53 UTC]   bars=61  signal=SELL  price=$209.35  SMA=$194.96  lower=$170.35  upper=$219.57
[2026-04-30 05:51:53 UTC]   SKIP SELL: no position.
[2026-04-30 05:51:53 UTC] -- AMD
[2026-04-30 05:51:54 UTC]   bars=61  signal=SELL  price=$337.10  SMA=$270.52  lower=$186.26  upper=$354.78
[2026-04-30 05:51:54 UTC]   SKIP SELL: no position.
[2026-04-30 05:51:54 UTC] -- TSLA
[2026-04-30 05:51:55 UTC]   bars=61  signal=SELL  price=$372.80  SMA=$371.03  lower=$335.99  upper=$406.06
[2026-04-30 05:51:55 UTC]   SKIP SELL: no position.
[2026-04-30 05:51:55 UTC] -- META
[2026-04-30 05:51:55 UTC]   bars=61  signal=SELL  price=$669.47  SMA=$643.72  lower=$565.53  upper=$721.91
[2026-04-30 05:51:55 UTC]   SKIP SELL: no position.
[2026-04-30 05:51:55 UTC] -- GOOGL
[2026-04-30 05:51:56 UTC]   bars=61  signal=SELL  price=$350.27  SMA=$328.17  lower=$293.31  upper=$363.03
[2026-04-30 05:51:56 UTC]   SKIP SELL: no position.
[2026-04-30 05:51:56 UTC] -- AMZN
[2026-04-30 05:51:57 UTC]   bars=61  signal=SELL  price=$263.22  SMA=$241.72  lower=$205.72  upper=$277.72
[2026-04-30 05:51:57 UTC]   SKIP SELL: no position.
[2026-04-30 05:51:57 UTC] -- SPY
[2026-04-30 05:51:58 UTC]   bars=61  signal=SELL  price=$711.59  SMA=$692.03  lower=$650.15  upper=$733.92
[2026-04-30 05:51:58 UTC]   → SELLING 1 shares @ ~$711.59
[2026-04-30 05:52:00 UTC]   ORDER SELL 1x SPY: 📋 Order Summary:
   SELL 1 SPY @ MARKET (~$689.60)
   Estimated total: $689.60
Traceback (most recent call last):
  File "/usr/local/lib/python3.11/dist-packages/alpaca/common/rest.py", line 198, in _one_request
    response.raise_for_status()
  File "/usr/local/lib/python3.11/dist-packages/requests
[2026-04-30 05:52:00 UTC] -- QQQ
[2026-04-30 05:52:01 UTC]   bars=61  signal=SELL  price=$661.59  SMA=$629.54  lower=$574.42  upper=$684.67
[2026-04-30 05:52:01 UTC]   SKIP SELL: no position.
[2026-04-30 05:52:01 UTC] === Scan cycle complete ===

[2026-04-30 05:56:42 UTC] === Mean-Reversion scan cycle start ===
[2026-04-30 05:56:44 UTC] Equity: $99,992.42  |  Buying power: $198,588.19
[2026-04-30 05:56:44 UTC] Open positions: {'AAPL': 1.0, 'MSFT': 1.0, 'SPY': 1.0}
[2026-04-30 05:56:44 UTC] Watchlist (10): ['AAPL', 'MSFT', 'NVDA', 'AMD', 'TSLA', 'META', 'GOOGL', 'AMZN', 'SPY', 'QQQ']
[2026-04-30 05:56:44 UTC] -- AAPL
[2026-04-30 05:56:44 UTC]   bars=61  signal=SELL  price=$270.15  SMA=$264.34  lower=$251.50  upper=$277.17
[2026-04-30 05:56:45 UTC]   → SELLING 1 shares @ ~$270.15
[2026-04-30 05:56:47 UTC]   ORDER SELL 1x AAPL: 📋 Order Summary:
   SELL 1 AAPL @ MARKET (~$254.12)
   Estimated total: $254.12
Traceback (most recent call last):
  File "/usr/local/lib/python3.11/dist-packages/alpaca/common/rest.py", line 198, in _one_request
    response.raise_for_status()
  File "/usr/local/lib/python3.11/dist-packages/request
[2026-04-30 05:56:47 UTC] -- MSFT
[2026-04-30 05:56:48 UTC]   bars=61  signal=SELL  price=$424.80  SMA=$401.61  lower=$353.43  upper=$449.79
[2026-04-30 05:56:48 UTC]   → SELLING 1 shares @ ~$424.80
[2026-04-30 05:56:50 UTC]   ORDER SELL 1x MSFT: 📋 Order Summary:
   SELL 1 MSFT @ MARKET (~$400.00)
   Estimated total: $400.00
Traceback (most recent call last):
  File "/usr/local/lib/python3.11/dist-packages/alpaca/common/rest.py", line 198, in _one_request
    response.raise_for_status()
  File "/usr/local/lib/python3.11/dist-packages/request
[2026-04-30 05:56:50 UTC] -- NVDA
[2026-04-30 05:56:51 UTC]   bars=61  signal=SELL  price=$209.35  SMA=$194.96  lower=$170.35  upper=$219.57
[2026-04-30 05:56:51 UTC]   SKIP SELL: no position.
[2026-04-30 05:56:51 UTC] -- AMD
[2026-04-30 05:56:51 UTC]   bars=61  signal=SELL  price=$337.10  SMA=$270.52  lower=$186.26  upper=$354.78
[2026-04-30 05:56:51 UTC]   SKIP SELL: no position.
[2026-04-30 05:56:51 UTC] -- TSLA
[2026-04-30 05:56:52 UTC]   bars=61  signal=SELL  price=$372.80  SMA=$371.03  lower=$335.99  upper=$406.06
[2026-04-30 05:56:52 UTC]   SKIP SELL: no position.
[2026-04-30 05:56:52 UTC] -- META
[2026-04-30 05:56:53 UTC]   bars=61  signal=SELL  price=$669.47  SMA=$643.72  lower=$565.53  upper=$721.91
[2026-04-30 05:56:53 UTC]   SKIP SELL: no position.
[2026-04-30 05:56:53 UTC] -- GOOGL
[2026-04-30 05:56:53 UTC]   bars=61  signal=SELL  price=$350.27  SMA=$328.17  lower=$293.31  upper=$363.03
[2026-04-30 05:56:53 UTC]   SKIP SELL: no position.
[2026-04-30 05:56:54 UTC] -- AMZN
[2026-04-30 05:56:54 UTC]   bars=61  signal=SELL  price=$263.22  SMA=$241.72  lower=$205.72  upper=$277.72
[2026-04-30 05:56:54 UTC]   SKIP SELL: no position.
[2026-04-30 05:56:54 UTC] -- SPY
[2026-04-30 05:56:55 UTC]   bars=61  signal=SELL  price=$711.59  SMA=$692.03  lower=$650.15  upper=$733.92
[2026-04-30 05:56:55 UTC]   → SELLING 1 shares @ ~$711.59
[2026-04-30 05:56:57 UTC]   ORDER SELL 1x SPY: 📋 Order Summary:
   SELL 1 SPY @ MARKET (~$689.60)
   Estimated total: $689.60
Traceback (most recent call last):
  File "/usr/local/lib/python3.11/dist-packages/alpaca/common/rest.py", line 198, in _one_request
    response.raise_for_status()
  File "/usr/local/lib/python3.11/dist-packages/requests
[2026-04-30 05:56:57 UTC] -- QQQ
[2026-04-30 05:56:58 UTC]   bars=61  signal=SELL  price=$661.59  SMA=$629.54  lower=$574.42  upper=$684.67
[2026-04-30 05:56:58 UTC]   SKIP SELL: no position.
[2026-04-30 05:56:58 UTC] === Scan cycle complete ===

[2026-04-30 06:01:42 UTC] === Mean-Reversion scan cycle start ===
[2026-04-30 06:01:44 UTC] Equity: $99,991.55  |  Buying power: $198,587.32
[2026-04-30 06:01:44 UTC] Open positions: {'AAPL': 1.0, 'MSFT': 1.0, 'SPY': 1.0}
[2026-04-30 06:01:44 UTC] Watchlist (10): ['AAPL', 'MSFT', 'NVDA', 'AMD', 'TSLA', 'META', 'GOOGL', 'AMZN', 'SPY', 'QQQ']
[2026-04-30 06:01:44 UTC] -- AAPL
[2026-04-30 06:01:45 UTC]   bars=61  signal=SELL  price=$270.15  SMA=$264.34  lower=$251.50  upper=$277.17
[2026-04-30 06:01:45 UTC]   → SELLING 1 shares @ ~$270.15
[2026-04-30 06:01:47 UTC]   ORDER SELL 1x AAPL: 📋 Order Summary:
   SELL 1 AAPL @ MARKET (~$254.12)
   Estimated total: $254.12
Traceback (most recent call last):
  File "/usr/local/lib/python3.11/dist-packages/alpaca/common/rest.py", line 198, in _one_request
    response.raise_for_status()
  File "/usr/local/lib/python3.11/dist-packages/request
[2026-04-30 06:01:47 UTC] -- MSFT
[2026-04-30 06:01:48 UTC]   bars=61  signal=SELL  price=$424.80  SMA=$401.61  lower=$353.43  upper=$449.79
[2026-04-30 06:01:48 UTC]   → SELLING 1 shares @ ~$424.80
[2026-04-30 06:01:50 UTC]   ORDER SELL 1x MSFT: 📋 Order Summary:
   SELL 1 MSFT @ MARKET (~$400.00)
   Estimated total: $400.00
Traceback (most recent call last):
  File "/usr/local/lib/python3.11/dist-packages/alpaca/common/rest.py", line 198, in _one_request
    response.raise_for_status()
  File "/usr/local/lib/python3.11/dist-packages/request
[2026-04-30 06:01:50 UTC] -- NVDA
[2026-04-30 06:01:51 UTC]   bars=61  signal=SELL  price=$209.35  SMA=$194.96  lower=$170.35  upper=$219.57
[2026-04-30 06:01:51 UTC]   SKIP SELL: no position.
[2026-04-30 06:01:51 UTC] -- AMD
[2026-04-30 06:01:52 UTC]   bars=61  signal=SELL  price=$337.10  SMA=$270.52  lower=$186.26  upper=$354.78
[2026-04-30 06:01:52 UTC]   SKIP SELL: no position.
[2026-04-30 06:01:52 UTC] -- TSLA
[2026-04-30 06:01:52 UTC]   bars=61  signal=SELL  price=$372.80  SMA=$371.03  lower=$335.99  upper=$406.06
[2026-04-30 06:01:52 UTC]   SKIP SELL: no position.
[2026-04-30 06:01:52 UTC] -- META
[2026-04-30 06:01:53 UTC]   bars=61  signal=SELL  price=$669.47  SMA=$643.72  lower=$565.53  upper=$721.91
[2026-04-30 06:01:53 UTC]   SKIP SELL: no position.
[2026-04-30 06:01:53 UTC] -- GOOGL
[2026-04-30 06:01:54 UTC]   bars=61  signal=SELL  price=$350.27  SMA=$328.17  lower=$293.31  upper=$363.03
[2026-04-30 06:01:54 UTC]   SKIP SELL: no position.
[2026-04-30 06:01:54 UTC] -- AMZN
[2026-04-30 06:01:54 UTC]   bars=61  signal=SELL  price=$263.22  SMA=$241.72  lower=$205.72  upper=$277.72
[2026-04-30 06:01:54 UTC]   SKIP SELL: no position.
[2026-04-30 06:01:54 UTC] -- SPY
[2026-04-30 06:01:55 UTC]   bars=61  signal=SELL  price=$711.59  SMA=$692.03  lower=$650.15  upper=$733.92
[2026-04-30 06:01:55 UTC]   → SELLING 1 shares @ ~$711.59
[2026-04-30 06:01:57 UTC]   ORDER SELL 1x SPY: 📋 Order Summary:
   SELL 1 SPY @ MARKET (~$689.60)
   Estimated total: $689.60
Traceback (most recent call last):
  File "/usr/local/lib/python3.11/dist-packages/alpaca/common/rest.py", line 198, in _one_request
    response.raise_for_status()
  File "/usr/local/lib/python3.11/dist-packages/requests
[2026-04-30 06:01:57 UTC] -- QQQ
[2026-04-30 06:01:58 UTC]   bars=61  signal=SELL  price=$661.59  SMA=$629.54  lower=$574.42  upper=$684.67
[2026-04-30 06:01:58 UTC]   SKIP SELL: no position.
[2026-04-30 06:01:58 UTC] === Scan cycle complete ===

[2026-04-30 06:06:45 UTC] === Mean-Reversion scan cycle start ===
[2026-04-30 06:06:46 UTC] Equity: $99,990.83  |  Buying power: $198,586.60
[2026-04-30 06:06:46 UTC] Open positions: {'AAPL': 1.0, 'MSFT': 1.0, 'SPY': 1.0}
[2026-04-30 06:06:46 UTC] Watchlist (10): ['AAPL', 'MSFT', 'NVDA', 'AMD', 'TSLA', 'META', 'GOOGL', 'AMZN', 'SPY', 'QQQ']
[2026-04-30 06:06:46 UTC] -- AAPL
[2026-04-30 06:06:47 UTC]   bars=61  signal=SELL  price=$270.15  SMA=$264.34  lower=$251.50  upper=$277.17
[2026-04-30 06:06:47 UTC]   → SELLING 1 shares @ ~$270.15
[2026-04-30 06:06:49 UTC]   ORDER SELL 1x AAPL: 📋 Order Summary:
   SELL 1 AAPL @ MARKET (~$254.12)
   Estimated total: $254.12
Traceback (most recent call last):
  File "/usr/local/lib/python3.11/dist-packages/alpaca/common/rest.py", line 198, in _one_request
    response.raise_for_status()
  File "/usr/local/lib/python3.11/dist-packages/request
[2026-04-30 06:06:49 UTC] -- MSFT
[2026-04-30 06:06:50 UTC]   bars=61  signal=SELL  price=$424.80  SMA=$401.61  lower=$353.43  upper=$449.79
[2026-04-30 06:06:50 UTC]   → SELLING 1 shares @ ~$424.80
[2026-04-30 06:06:52 UTC]   ORDER SELL 1x MSFT: 📋 Order Summary:
   SELL 1 MSFT @ MARKET (~$400.00)
   Estimated total: $400.00
Traceback (most recent call last):
  File "/usr/local/lib/python3.11/dist-packages/alpaca/common/rest.py", line 198, in _one_request
    response.raise_for_status()
  File "/usr/local/lib/python3.11/dist-packages/request
[2026-04-30 06:06:52 UTC] -- NVDA
[2026-04-30 06:06:53 UTC]   bars=61  signal=SELL  price=$209.35  SMA=$194.96  lower=$170.35  upper=$219.57
[2026-04-30 06:06:53 UTC]   SKIP SELL: no position.
[2026-04-30 06:06:53 UTC] -- AMD
[2026-04-30 06:06:54 UTC]   bars=61  signal=SELL  price=$337.10  SMA=$270.52  lower=$186.26  upper=$354.78
[2026-04-30 06:06:54 UTC]   SKIP SELL: no position.
[2026-04-30 06:06:54 UTC] -- TSLA
[2026-04-30 06:06:54 UTC]   bars=61  signal=SELL  price=$372.80  SMA=$371.03  lower=$335.99  upper=$406.06
[2026-04-30 06:06:54 UTC]   SKIP SELL: no position.
[2026-04-30 06:06:54 UTC] -- META
[2026-04-30 06:06:55 UTC]   bars=61  signal=SELL  price=$669.47  SMA=$643.72  lower=$565.53  upper=$721.91
[2026-04-30 06:06:55 UTC]   SKIP SELL: no position.
[2026-04-30 06:06:55 UTC] -- GOOGL
[2026-04-30 06:06:56 UTC]   bars=61  signal=SELL  price=$350.27  SMA=$328.17  lower=$293.31  upper=$363.03
[2026-04-30 06:06:56 UTC]   SKIP SELL: no position.
[2026-04-30 06:06:56 UTC] -- AMZN
[2026-04-30 06:06:56 UTC]   bars=61  signal=SELL  price=$263.22  SMA=$241.72  lower=$205.72  upper=$277.72
[2026-04-30 06:06:56 UTC]   SKIP SELL: no position.
[2026-04-30 06:06:56 UTC] -- SPY
[2026-04-30 06:06:57 UTC]   bars=61  signal=SELL  price=$711.59  SMA=$692.03  lower=$650.15  upper=$733.92
[2026-04-30 06:06:57 UTC]   → SELLING 1 shares @ ~$711.59
[2026-04-30 06:06:59 UTC]   ORDER SELL 1x SPY: 📋 Order Summary:
   SELL 1 SPY @ MARKET (~$689.60)
   Estimated total: $689.60
Traceback (most recent call last):
  File "/usr/local/lib/python3.11/dist-packages/alpaca/common/rest.py", line 198, in _one_request
    response.raise_for_status()
  File "/usr/local/lib/python3.11/dist-packages/requests
[2026-04-30 06:06:59 UTC] -- QQQ
[2026-04-30 06:07:00 UTC]   bars=61  signal=SELL  price=$661.59  SMA=$629.54  lower=$574.42  upper=$684.67
[2026-04-30 06:07:00 UTC]   SKIP SELL: no position.
[2026-04-30 06:07:00 UTC] === Scan cycle complete ===

[2026-04-30 06:11:43 UTC] === Mean-Reversion scan cycle start ===
[2026-04-30 06:11:45 UTC] Equity: $99,990.31  |  Buying power: $198,586.08
[2026-04-30 06:11:45 UTC] Open positions: {'AAPL': 1.0, 'MSFT': 1.0, 'SPY': 1.0}
[2026-04-30 06:11:45 UTC] Watchlist (10): ['AAPL', 'MSFT', 'NVDA', 'AMD', 'TSLA', 'META', 'GOOGL', 'AMZN', 'SPY', 'QQQ']
[2026-04-30 06:11:45 UTC] -- AAPL
[2026-04-30 06:11:46 UTC]   bars=61  signal=SELL  price=$270.15  SMA=$264.34  lower=$251.50  upper=$277.17
[2026-04-30 06:11:46 UTC]   → SELLING 1 shares @ ~$270.15
[2026-04-30 06:11:48 UTC]   ORDER SELL 1x AAPL: 📋 Order Summary:
   SELL 1 AAPL @ MARKET (~$254.12)
   Estimated total: $254.12
Traceback (most recent call last):
  File "/usr/local/lib/python3.11/dist-packages/alpaca/common/rest.py", line 198, in _one_request
    response.raise_for_status()
  File "/usr/local/lib/python3.11/dist-packages/request
[2026-04-30 06:11:48 UTC] -- MSFT
[2026-04-30 06:11:49 UTC]   bars=61  signal=SELL  price=$424.80  SMA=$401.61  lower=$353.43  upper=$449.79
[2026-04-30 06:11:49 UTC]   → SELLING 1 shares @ ~$424.80
[2026-04-30 06:11:51 UTC]   ORDER SELL 1x MSFT: 📋 Order Summary:
   SELL 1 MSFT @ MARKET (~$400.00)
   Estimated total: $400.00
Traceback (most recent call last):
  File "/usr/local/lib/python3.11/dist-packages/alpaca/common/rest.py", line 198, in _one_request
    response.raise_for_status()
  File "/usr/local/lib/python3.11/dist-packages/request
[2026-04-30 06:11:51 UTC] -- NVDA
[2026-04-30 06:11:51 UTC]   bars=61  signal=SELL  price=$209.35  SMA=$194.96  lower=$170.35  upper=$219.57
[2026-04-30 06:11:51 UTC]   SKIP SELL: no position.
[2026-04-30 06:11:51 UTC] -- AMD
[2026-04-30 06:11:52 UTC]   bars=61  signal=SELL  price=$337.10  SMA=$270.52  lower=$186.26  upper=$354.78
[2026-04-30 06:11:52 UTC]   SKIP SELL: no position.
[2026-04-30 06:11:52 UTC] -- TSLA
[2026-04-30 06:11:53 UTC]   bars=61  signal=SELL  price=$372.80  SMA=$371.03  lower=$335.99  upper=$406.06
[2026-04-30 06:11:53 UTC]   SKIP SELL: no position.
[2026-04-30 06:11:53 UTC] -- META
[2026-04-30 06:11:53 UTC]   bars=61  signal=SELL  price=$669.47  SMA=$643.72  lower=$565.53  upper=$721.91
[2026-04-30 06:11:53 UTC]   SKIP SELL: no position.
[2026-04-30 06:11:53 UTC] -- GOOGL
[2026-04-30 06:11:54 UTC]   bars=61  signal=SELL  price=$350.27  SMA=$328.17  lower=$293.31  upper=$363.03
[2026-04-30 06:11:54 UTC]   SKIP SELL: no position.
[2026-04-30 06:11:54 UTC] -- AMZN
[2026-04-30 06:11:55 UTC]   bars=61  signal=SELL  price=$263.22  SMA=$241.72  lower=$205.72  upper=$277.72
[2026-04-30 06:11:55 UTC]   SKIP SELL: no position.
[2026-04-30 06:11:55 UTC] -- SPY
[2026-04-30 06:11:55 UTC]   bars=61  signal=SELL  price=$711.59  SMA=$692.03  lower=$650.15  upper=$733.92
[2026-04-30 06:11:55 UTC]   → SELLING 1 shares @ ~$711.59
[2026-04-30 06:11:57 UTC]   ORDER SELL 1x SPY: 📋 Order Summary:
   SELL 1 SPY @ MARKET (~$689.60)
   Estimated total: $689.60
Traceback (most recent call last):
  File "/usr/local/lib/python3.11/dist-packages/alpaca/common/rest.py", line 198, in _one_request
    response.raise_for_status()
  File "/usr/local/lib/python3.11/dist-packages/requests
[2026-04-30 06:11:57 UTC] -- QQQ
[2026-04-30 06:11:58 UTC]   bars=61  signal=SELL  price=$661.59  SMA=$629.54  lower=$574.42  upper=$684.67
[2026-04-30 06:11:58 UTC]   SKIP SELL: no position.
[2026-04-30 06:11:58 UTC] === Scan cycle complete ===

[2026-04-30 06:16:43 UTC] === Mean-Reversion scan cycle start ===
[2026-04-30 06:16:45 UTC] Equity: $99,991.04  |  Buying power: $198,586.81
[2026-04-30 06:16:45 UTC] Open positions: {'AAPL': 1.0, 'MSFT': 1.0, 'SPY': 1.0}
[2026-04-30 06:16:45 UTC] Watchlist (10): ['AAPL', 'MSFT', 'NVDA', 'AMD', 'TSLA', 'META', 'GOOGL', 'AMZN', 'SPY', 'QQQ']
[2026-04-30 06:16:45 UTC] -- AAPL
[2026-04-30 06:16:46 UTC]   bars=61  signal=SELL  price=$270.15  SMA=$264.34  lower=$251.50  upper=$277.17
[2026-04-30 06:16:46 UTC]   → SELLING 1 shares @ ~$270.15
[2026-04-30 06:16:48 UTC]   ORDER SELL 1x AAPL: 📋 Order Summary:
   SELL 1 AAPL @ MARKET (~$254.12)
   Estimated total: $254.12
Traceback (most recent call last):
  File "/usr/local/lib/python3.11/dist-packages/alpaca/common/rest.py", line 198, in _one_request
    response.raise_for_status()
  File "/usr/local/lib/python3.11/dist-packages/request
[2026-04-30 06:16:48 UTC] -- MSFT
[2026-04-30 06:16:49 UTC]   bars=61  signal=SELL  price=$424.80  SMA=$401.61  lower=$353.43  upper=$449.79
[2026-04-30 06:16:49 UTC]   → SELLING 1 shares @ ~$424.80
[2026-04-30 06:16:51 UTC]   ORDER SELL 1x MSFT: 📋 Order Summary:
   SELL 1 MSFT @ MARKET (~$400.00)
   Estimated total: $400.00
Traceback (most recent call last):
  File "/usr/local/lib/python3.11/dist-packages/alpaca/common/rest.py", line 198, in _one_request
    response.raise_for_status()
  File "/usr/local/lib/python3.11/dist-packages/request
[2026-04-30 06:16:51 UTC] -- NVDA
[2026-04-30 06:16:52 UTC]   bars=61  signal=SELL  price=$209.35  SMA=$194.96  lower=$170.35  upper=$219.57
[2026-04-30 06:16:52 UTC]   SKIP SELL: no position.
[2026-04-30 06:16:52 UTC] -- AMD
[2026-04-30 06:16:52 UTC]   bars=61  signal=SELL  price=$337.10  SMA=$270.52  lower=$186.26  upper=$354.78
[2026-04-30 06:16:52 UTC]   SKIP SELL: no position.
[2026-04-30 06:16:52 UTC] -- TSLA
[2026-04-30 06:16:53 UTC]   bars=61  signal=SELL  price=$372.80  SMA=$371.03  lower=$335.99  upper=$406.06
[2026-04-30 06:16:53 UTC]   SKIP SELL: no position.
[2026-04-30 06:16:53 UTC] -- META
[2026-04-30 06:16:54 UTC]   bars=61  signal=SELL  price=$669.47  SMA=$643.72  lower=$565.53  upper=$721.91
[2026-04-30 06:16:54 UTC]   SKIP SELL: no position.
[2026-04-30 06:16:54 UTC] -- GOOGL
[2026-04-30 06:16:54 UTC]   bars=61  signal=SELL  price=$350.27  SMA=$328.17  lower=$293.31  upper=$363.03
[2026-04-30 06:16:54 UTC]   SKIP SELL: no position.
[2026-04-30 06:16:54 UTC] -- AMZN
[2026-04-30 06:16:55 UTC]   bars=61  signal=SELL  price=$263.22  SMA=$241.72  lower=$205.72  upper=$277.72
[2026-04-30 06:16:55 UTC]   SKIP SELL: no position.
[2026-04-30 06:16:55 UTC] -- SPY
[2026-04-30 06:16:56 UTC]   bars=61  signal=SELL  price=$711.59  SMA=$692.03  lower=$650.15  upper=$733.92
[2026-04-30 06:16:56 UTC]   → SELLING 1 shares @ ~$711.59
[2026-04-30 06:16:58 UTC]   ORDER SELL 1x SPY: 📋 Order Summary:
   SELL 1 SPY @ MARKET (~$689.60)
   Estimated total: $689.60
Traceback (most recent call last):
  File "/usr/local/lib/python3.11/dist-packages/alpaca/common/rest.py", line 198, in _one_request
    response.raise_for_status()
  File "/usr/local/lib/python3.11/dist-packages/requests
[2026-04-30 06:16:58 UTC] -- QQQ
[2026-04-30 06:16:59 UTC]   bars=61  signal=SELL  price=$661.59  SMA=$629.54  lower=$574.42  upper=$684.67
[2026-04-30 06:16:59 UTC]   SKIP SELL: no position.
[2026-04-30 06:16:59 UTC] === Scan cycle complete ===

[2026-04-30 06:21:43 UTC] === Mean-Reversion scan cycle start ===
[2026-04-30 06:21:44 UTC] Equity: $99,991.34  |  Buying power: $198,587.11
[2026-04-30 06:21:45 UTC] Open positions: {'AAPL': 1.0, 'MSFT': 1.0, 'SPY': 1.0}
[2026-04-30 06:21:45 UTC] Watchlist (10): ['AAPL', 'MSFT', 'NVDA', 'AMD', 'TSLA', 'META', 'GOOGL', 'AMZN', 'SPY', 'QQQ']
[2026-04-30 06:21:45 UTC] -- AAPL
[2026-04-30 06:21:46 UTC]   bars=61  signal=SELL  price=$270.15  SMA=$264.34  lower=$251.50  upper=$277.17
[2026-04-30 06:21:46 UTC]   → SELLING 1 shares @ ~$270.15
[2026-04-30 06:21:48 UTC]   ORDER SELL 1x AAPL: 📋 Order Summary:
   SELL 1 AAPL @ MARKET (~$254.12)
   Estimated total: $254.12
Traceback (most recent call last):
  File "/usr/local/lib/python3.11/dist-packages/alpaca/common/rest.py", line 198, in _one_request
    response.raise_for_status()
  File "/usr/local/lib/python3.11/dist-packages/request
[2026-04-30 06:21:48 UTC] -- MSFT
[2026-04-30 06:21:49 UTC]   bars=61  signal=SELL  price=$424.80  SMA=$401.61  lower=$353.43  upper=$449.79
[2026-04-30 06:21:49 UTC]   → SELLING 1 shares @ ~$424.80
[2026-04-30 06:21:51 UTC]   ORDER SELL 1x MSFT: 📋 Order Summary:
   SELL 1 MSFT @ MARKET (~$400.00)
   Estimated total: $400.00
Traceback (most recent call last):
  File "/usr/local/lib/python3.11/dist-packages/alpaca/common/rest.py", line 198, in _one_request
    response.raise_for_status()
  File "/usr/local/lib/python3.11/dist-packages/request
[2026-04-30 06:21:51 UTC] -- NVDA
[2026-04-30 06:21:52 UTC]   bars=61  signal=SELL  price=$209.35  SMA=$194.96  lower=$170.35  upper=$219.57
[2026-04-30 06:21:52 UTC]   SKIP SELL: no position.
[2026-04-30 06:21:52 UTC] -- AMD
[2026-04-30 06:21:52 UTC]   bars=61  signal=SELL  price=$337.10  SMA=$270.52  lower=$186.26  upper=$354.78
[2026-04-30 06:21:52 UTC]   SKIP SELL: no position.
[2026-04-30 06:21:52 UTC] -- TSLA
[2026-04-30 06:21:53 UTC]   bars=61  signal=SELL  price=$372.80  SMA=$371.03  lower=$335.99  upper=$406.06
[2026-04-30 06:21:53 UTC]   SKIP SELL: no position.
[2026-04-30 06:21:53 UTC] -- META
[2026-04-30 06:21:54 UTC]   bars=61  signal=SELL  price=$669.47  SMA=$643.72  lower=$565.53  upper=$721.91
[2026-04-30 06:21:54 UTC]   SKIP SELL: no position.
[2026-04-30 06:21:54 UTC] -- GOOGL
[2026-04-30 06:21:54 UTC]   bars=61  signal=SELL  price=$350.27  SMA=$328.17  lower=$293.31  upper=$363.03
[2026-04-30 06:21:54 UTC]   SKIP SELL: no position.
[2026-04-30 06:21:54 UTC] -- AMZN
[2026-04-30 06:21:55 UTC]   bars=61  signal=SELL  price=$263.22  SMA=$241.72  lower=$205.72  upper=$277.72
[2026-04-30 06:21:55 UTC]   SKIP SELL: no position.
[2026-04-30 06:21:55 UTC] -- SPY
[2026-04-30 06:21:56 UTC]   bars=61  signal=SELL  price=$711.59  SMA=$692.03  lower=$650.15  upper=$733.92
[2026-04-30 06:21:56 UTC]   → SELLING 1 shares @ ~$711.59
[2026-04-30 06:21:58 UTC]   ORDER SELL 1x SPY: 📋 Order Summary:
   SELL 1 SPY @ MARKET (~$689.60)
   Estimated total: $689.60
Traceback (most recent call last):
  File "/usr/local/lib/python3.11/dist-packages/alpaca/common/rest.py", line 198, in _one_request
    response.raise_for_status()
  File "/usr/local/lib/python3.11/dist-packages/requests
[2026-04-30 06:21:58 UTC] -- QQQ
[2026-04-30 06:21:59 UTC]   bars=61  signal=SELL  price=$661.59  SMA=$629.54  lower=$574.42  upper=$684.67
[2026-04-30 06:21:59 UTC]   SKIP SELL: no position.
[2026-04-30 06:21:59 UTC] === Scan cycle complete ===

[2026-04-30 06:26:45 UTC] === Mean-Reversion scan cycle start ===
[2026-04-30 06:26:46 UTC] Equity: $99,991.66  |  Buying power: $198,587.43
[2026-04-30 06:26:46 UTC] Open positions: {'AAPL': 1.0, 'MSFT': 1.0, 'SPY': 1.0}
[2026-04-30 06:26:46 UTC] Watchlist (10): ['AAPL', 'MSFT', 'NVDA', 'AMD', 'TSLA', 'META', 'GOOGL', 'AMZN', 'SPY', 'QQQ']
[2026-04-30 06:26:46 UTC] -- AAPL
[2026-04-30 06:26:47 UTC]   bars=61  signal=SELL  price=$270.15  SMA=$264.34  lower=$251.50  upper=$277.17
[2026-04-30 06:26:47 UTC]   → SELLING 1 shares @ ~$270.15
[2026-04-30 06:26:49 UTC]   ORDER SELL 1x AAPL: 📋 Order Summary:
   SELL 1 AAPL @ MARKET (~$254.12)
   Estimated total: $254.12
Traceback (most recent call last):
  File "/usr/local/lib/python3.11/dist-packages/alpaca/common/rest.py", line 198, in _one_request
    response.raise_for_status()
  File "/usr/local/lib/python3.11/dist-packages/request
[2026-04-30 06:26:49 UTC] -- MSFT
[2026-04-30 06:26:50 UTC]   bars=61  signal=SELL  price=$424.80  SMA=$401.61  lower=$353.43  upper=$449.79
[2026-04-30 06:26:50 UTC]   → SELLING 1 shares @ ~$424.80
[2026-04-30 06:26:53 UTC]   ORDER SELL 1x MSFT: 📋 Order Summary:
   SELL 1 MSFT @ MARKET (~$400.00)
   Estimated total: $400.00
Traceback (most recent call last):
  File "/usr/local/lib/python3.11/dist-packages/alpaca/common/rest.py", line 198, in _one_request
    response.raise_for_status()
  File "/usr/local/lib/python3.11/dist-packages/request
[2026-04-30 06:26:53 UTC] -- NVDA
[2026-04-30 06:26:53 UTC]   bars=61  signal=SELL  price=$209.35  SMA=$194.96  lower=$170.35  upper=$219.57
[2026-04-30 06:26:53 UTC]   SKIP SELL: no position.
[2026-04-30 06:26:53 UTC] -- AMD
[2026-04-30 06:26:54 UTC]   bars=61  signal=SELL  price=$337.10  SMA=$270.52  lower=$186.26  upper=$354.78
[2026-04-30 06:26:54 UTC]   SKIP SELL: no position.
[2026-04-30 06:26:54 UTC] -- TSLA
[2026-04-30 06:26:55 UTC]   bars=61  signal=SELL  price=$372.80  SMA=$371.03  lower=$335.99  upper=$406.06
[2026-04-30 06:26:55 UTC]   SKIP SELL: no position.
[2026-04-30 06:26:55 UTC] -- META
[2026-04-30 06:26:55 UTC]   bars=61  signal=SELL  price=$669.47  SMA=$643.72  lower=$565.53  upper=$721.91
[2026-04-30 06:26:55 UTC]   SKIP SELL: no position.
[2026-04-30 06:26:55 UTC] -- GOOGL
[2026-04-30 06:26:56 UTC]   bars=61  signal=SELL  price=$350.27  SMA=$328.17  lower=$293.31  upper=$363.03
[2026-04-30 06:26:56 UTC]   SKIP SELL: no position.
[2026-04-30 06:26:56 UTC] -- AMZN
[2026-04-30 06:26:57 UTC]   bars=61  signal=SELL  price=$263.22  SMA=$241.72  lower=$205.72  upper=$277.72
[2026-04-30 06:26:57 UTC]   SKIP SELL: no position.
[2026-04-30 06:26:57 UTC] -- SPY
[2026-04-30 06:26:57 UTC]   bars=61  signal=SELL  price=$711.59  SMA=$692.03  lower=$650.15  upper=$733.92
[2026-04-30 06:26:57 UTC]   → SELLING 1 shares @ ~$711.59
[2026-04-30 06:26:59 UTC]   ORDER SELL 1x SPY: 📋 Order Summary:
   SELL 1 SPY @ MARKET (~$689.60)
   Estimated total: $689.60
Traceback (most recent call last):
  File "/usr/local/lib/python3.11/dist-packages/alpaca/common/rest.py", line 198, in _one_request
    response.raise_for_status()
  File "/usr/local/lib/python3.11/dist-packages/requests
[2026-04-30 06:26:59 UTC] -- QQQ
[2026-04-30 06:27:00 UTC]   bars=61  signal=SELL  price=$661.59  SMA=$629.54  lower=$574.42  upper=$684.67
[2026-04-30 06:27:00 UTC]   SKIP SELL: no position.
[2026-04-30 06:27:00 UTC] === Scan cycle complete ===

[2026-04-30 06:36:43 UTC] === Mean-Reversion scan cycle start ===
[2026-04-30 06:36:45 UTC] Equity: $99,994.62  |  Buying power: $198,590.39
[2026-04-30 06:36:45 UTC] Open positions: {'AAPL': 1.0, 'MSFT': 1.0, 'SPY': 1.0}
[2026-04-30 06:36:45 UTC] Watchlist (10): ['AAPL', 'MSFT', 'NVDA', 'AMD', 'TSLA', 'META', 'GOOGL', 'AMZN', 'SPY', 'QQQ']
[2026-04-30 06:36:45 UTC] -- AAPL
[2026-04-30 06:36:46 UTC]   bars=61  signal=SELL  price=$270.15  SMA=$264.34  lower=$251.50  upper=$277.17
[2026-04-30 06:36:46 UTC]   → SELLING 1 shares @ ~$270.15
[2026-04-30 06:36:48 UTC]   ORDER SELL 1x AAPL: 📋 Order Summary:
   SELL 1 AAPL @ MARKET (~$254.12)
   Estimated total: $254.12
Traceback (most recent call last):
  File "/usr/local/lib/python3.11/dist-packages/alpaca/common/rest.py", line 198, in _one_request
    response.raise_for_status()
  File "/usr/local/lib/python3.11/dist-packages/request
[2026-04-30 06:36:48 UTC] -- MSFT
[2026-04-30 06:36:49 UTC]   bars=61  signal=SELL  price=$424.80  SMA=$401.61  lower=$353.43  upper=$449.79
[2026-04-30 06:36:49 UTC]   → SELLING 1 shares @ ~$424.80
[2026-04-30 06:36:51 UTC]   ORDER SELL 1x MSFT: 📋 Order Summary:
   SELL 1 MSFT @ MARKET (~$400.00)
   Estimated total: $400.00
Traceback (most recent call last):
  File "/usr/local/lib/python3.11/dist-packages/alpaca/common/rest.py", line 198, in _one_request
    response.raise_for_status()
  File "/usr/local/lib/python3.11/dist-packages/request
[2026-04-30 06:36:51 UTC] -- NVDA
[2026-04-30 06:36:52 UTC]   bars=61  signal=SELL  price=$209.35  SMA=$194.96  lower=$170.35  upper=$219.57
[2026-04-30 06:36:52 UTC]   SKIP SELL: no position.
[2026-04-30 06:36:52 UTC] -- AMD
[2026-04-30 06:36:53 UTC]   bars=61  signal=SELL  price=$337.10  SMA=$270.52  lower=$186.26  upper=$354.78
[2026-04-30 06:36:53 UTC]   SKIP SELL: no position.
[2026-04-30 06:36:53 UTC] -- TSLA
[2026-04-30 06:36:53 UTC]   bars=61  signal=SELL  price=$372.80  SMA=$371.03  lower=$335.99  upper=$406.06
[2026-04-30 06:36:53 UTC]   SKIP SELL: no position.
[2026-04-30 06:36:53 UTC] -- META
[2026-04-30 06:36:54 UTC]   bars=61  signal=SELL  price=$669.47  SMA=$643.72  lower=$565.53  upper=$721.91
[2026-04-30 06:36:54 UTC]   SKIP SELL: no position.
[2026-04-30 06:36:54 UTC] -- GOOGL
[2026-04-30 06:36:55 UTC]   bars=61  signal=SELL  price=$350.27  SMA=$328.17  lower=$293.31  upper=$363.03
[2026-04-30 06:36:55 UTC]   SKIP SELL: no position.
[2026-04-30 06:36:55 UTC] -- AMZN
[2026-04-30 06:36:55 UTC]   bars=61  signal=SELL  price=$263.22  SMA=$241.72  lower=$205.72  upper=$277.72
[2026-04-30 06:36:55 UTC]   SKIP SELL: no position.
[2026-04-30 06:36:55 UTC] -- SPY
[2026-04-30 06:36:56 UTC]   bars=61  signal=SELL  price=$711.59  SMA=$692.03  lower=$650.15  upper=$733.92
[2026-04-30 06:36:56 UTC]   → SELLING 1 shares @ ~$711.59
[2026-04-30 06:36:58 UTC]   ORDER SELL 1x SPY: 📋 Order Summary:
   SELL 1 SPY @ MARKET (~$689.60)
   Estimated total: $689.60
Traceback (most recent call last):
  File "/usr/local/lib/python3.11/dist-packages/alpaca/common/rest.py", line 198, in _one_request
    response.raise_for_status()
  File "/usr/local/lib/python3.11/dist-packages/requests
[2026-04-30 06:36:58 UTC] -- QQQ
[2026-04-30 06:36:59 UTC]   bars=61  signal=SELL  price=$661.59  SMA=$629.54  lower=$574.42  upper=$684.67
[2026-04-30 06:36:59 UTC]   SKIP SELL: no position.
[2026-04-30 06:36:59 UTC] === Scan cycle complete ===

[2026-04-30 06:41:41 UTC] === Mean-Reversion scan cycle start ===
[2026-04-30 06:41:43 UTC] Equity: $99,994.59  |  Buying power: $198,590.36
[2026-04-30 06:41:43 UTC] Open positions: {'AAPL': 1.0, 'MSFT': 1.0, 'SPY': 1.0}
[2026-04-30 06:41:43 UTC] Watchlist (10): ['AAPL', 'MSFT', 'NVDA', 'AMD', 'TSLA', 'META', 'GOOGL', 'AMZN', 'SPY', 'QQQ']
[2026-04-30 06:41:43 UTC] -- AAPL
[2026-04-30 06:41:44 UTC]   bars=61  signal=SELL  price=$270.15  SMA=$264.34  lower=$251.50  upper=$277.17
[2026-04-30 06:41:44 UTC]   → SELLING 1 shares @ ~$270.15
[2026-04-30 06:41:46 UTC]   ORDER SELL 1x AAPL: 📋 Order Summary:
   SELL 1 AAPL @ MARKET (~$254.12)
   Estimated total: $254.12
Traceback (most recent call last):
  File "/usr/local/lib/python3.11/dist-packages/alpaca/common/rest.py", line 198, in _one_request
    response.raise_for_status()
  File "/usr/local/lib/python3.11/dist-packages/request
[2026-04-30 06:41:46 UTC] -- MSFT
[2026-04-30 06:41:47 UTC]   bars=61  signal=SELL  price=$424.80  SMA=$401.61  lower=$353.43  upper=$449.79
[2026-04-30 06:41:47 UTC]   → SELLING 1 shares @ ~$424.80
[2026-04-30 06:41:49 UTC]   ORDER SELL 1x MSFT: 📋 Order Summary:
   SELL 1 MSFT @ MARKET (~$400.00)
   Estimated total: $400.00
Traceback (most recent call last):
  File "/usr/local/lib/python3.11/dist-packages/alpaca/common/rest.py", line 198, in _one_request
    response.raise_for_status()
  File "/usr/local/lib/python3.11/dist-packages/request
[2026-04-30 06:41:49 UTC] -- NVDA
[2026-04-30 06:41:50 UTC]   bars=61  signal=SELL  price=$209.35  SMA=$194.96  lower=$170.35  upper=$219.57
[2026-04-30 06:41:50 UTC]   SKIP SELL: no position.
[2026-04-30 06:41:50 UTC] -- AMD
[2026-04-30 06:41:50 UTC]   bars=61  signal=SELL  price=$337.10  SMA=$270.52  lower=$186.26  upper=$354.78
[2026-04-30 06:41:50 UTC]   SKIP SELL: no position.
[2026-04-30 06:41:50 UTC] -- TSLA
[2026-04-30 06:41:51 UTC]   bars=61  signal=SELL  price=$372.80  SMA=$371.03  lower=$335.99  upper=$406.06
[2026-04-30 06:41:51 UTC]   SKIP SELL: no position.
[2026-04-30 06:41:51 UTC] -- META
[2026-04-30 06:41:52 UTC]   bars=61  signal=SELL  price=$669.47  SMA=$643.72  lower=$565.53  upper=$721.91
[2026-04-30 06:41:52 UTC]   SKIP SELL: no position.
[2026-04-30 06:41:52 UTC] -- GOOGL
[2026-04-30 06:41:52 UTC]   bars=61  signal=SELL  price=$350.27  SMA=$328.17  lower=$293.31  upper=$363.03
[2026-04-30 06:41:52 UTC]   SKIP SELL: no position.
[2026-04-30 06:41:52 UTC] -- AMZN
[2026-04-30 06:41:53 UTC]   bars=61  signal=SELL  price=$263.22  SMA=$241.72  lower=$205.72  upper=$277.72
[2026-04-30 06:41:53 UTC]   SKIP SELL: no position.
[2026-04-30 06:41:53 UTC] -- SPY
[2026-04-30 06:41:54 UTC]   bars=61  signal=SELL  price=$711.59  SMA=$692.03  lower=$650.15  upper=$733.92
[2026-04-30 06:41:54 UTC]   → SELLING 1 shares @ ~$711.59
[2026-04-30 06:41:56 UTC]   ORDER SELL 1x SPY: 📋 Order Summary:
   SELL 1 SPY @ MARKET (~$689.60)
   Estimated total: $689.60
Traceback (most recent call last):
  File "/usr/local/lib/python3.11/dist-packages/alpaca/common/rest.py", line 198, in _one_request
    response.raise_for_status()
  File "/usr/local/lib/python3.11/dist-packages/requests
[2026-04-30 06:41:56 UTC] -- QQQ
[2026-04-30 06:41:57 UTC]   bars=61  signal=SELL  price=$661.59  SMA=$629.54  lower=$574.42  upper=$684.67
[2026-04-30 06:41:57 UTC]   SKIP SELL: no position.
[2026-04-30 06:41:57 UTC] === Scan cycle complete ===

[2026-04-30 06:46:42 UTC] === Mean-Reversion scan cycle start ===
[2026-04-30 06:46:43 UTC] Equity: $99,994.34  |  Buying power: $198,590.11
[2026-04-30 06:46:43 UTC] Open positions: {'AAPL': 1.0, 'MSFT': 1.0, 'SPY': 1.0}
[2026-04-30 06:46:43 UTC] Watchlist (10): ['AAPL', 'MSFT', 'NVDA', 'AMD', 'TSLA', 'META', 'GOOGL', 'AMZN', 'SPY', 'QQQ']
[2026-04-30 06:46:43 UTC] -- AAPL
[2026-04-30 06:46:44 UTC]   bars=61  signal=SELL  price=$270.15  SMA=$264.34  lower=$251.50  upper=$277.17
[2026-04-30 06:46:44 UTC]   → SELLING 1 shares @ ~$270.15
[2026-04-30 06:46:46 UTC]   ORDER SELL 1x AAPL: 📋 Order Summary:
   SELL 1 AAPL @ MARKET (~$254.12)
   Estimated total: $254.12
Traceback (most recent call last):
  File "/usr/local/lib/python3.11/dist-packages/alpaca/common/rest.py", line 198, in _one_request
    response.raise_for_status()
  File "/usr/local/lib/python3.11/dist-packages/request
[2026-04-30 06:46:46 UTC] -- MSFT
[2026-04-30 06:46:47 UTC]   bars=61  signal=SELL  price=$424.80  SMA=$401.61  lower=$353.43  upper=$449.79
[2026-04-30 06:46:47 UTC]   → SELLING 1 shares @ ~$424.80
[2026-04-30 06:46:49 UTC]   ORDER SELL 1x MSFT: 📋 Order Summary:
   SELL 1 MSFT @ MARKET (~$400.00)
   Estimated total: $400.00
Traceback (most recent call last):
  File "/usr/local/lib/python3.11/dist-packages/alpaca/common/rest.py", line 198, in _one_request
    response.raise_for_status()
  File "/usr/local/lib/python3.11/dist-packages/request
[2026-04-30 06:46:49 UTC] -- NVDA
[2026-04-30 06:46:50 UTC]   bars=61  signal=SELL  price=$209.35  SMA=$194.96  lower=$170.35  upper=$219.57
[2026-04-30 06:46:50 UTC]   SKIP SELL: no position.
[2026-04-30 06:46:50 UTC] -- AMD
[2026-04-30 06:46:50 UTC]   bars=61  signal=SELL  price=$337.10  SMA=$270.52  lower=$186.26  upper=$354.78
[2026-04-30 06:46:50 UTC]   SKIP SELL: no position.
[2026-04-30 06:46:50 UTC] -- TSLA
[2026-04-30 06:46:51 UTC]   bars=61  signal=SELL  price=$372.80  SMA=$371.03  lower=$335.99  upper=$406.06
[2026-04-30 06:46:51 UTC]   SKIP SELL: no position.
[2026-04-30 06:46:51 UTC] -- META
[2026-04-30 06:46:52 UTC]   bars=61  signal=SELL  price=$669.47  SMA=$643.72  lower=$565.53  upper=$721.91
[2026-04-30 06:46:52 UTC]   SKIP SELL: no position.
[2026-04-30 06:46:52 UTC] -- GOOGL
[2026-04-30 06:46:52 UTC]   bars=61  signal=SELL  price=$350.27  SMA=$328.17  lower=$293.31  upper=$363.03
[2026-04-30 06:46:52 UTC]   SKIP SELL: no position.
[2026-04-30 06:46:52 UTC] -- AMZN
[2026-04-30 06:46:53 UTC]   bars=61  signal=SELL  price=$263.22  SMA=$241.72  lower=$205.72  upper=$277.72
[2026-04-30 06:46:53 UTC]   SKIP SELL: no position.
[2026-04-30 06:46:53 UTC] -- SPY
[2026-04-30 06:46:54 UTC]   bars=61  signal=SELL  price=$711.59  SMA=$692.03  lower=$650.15  upper=$733.92
[2026-04-30 06:46:54 UTC]   → SELLING 1 shares @ ~$711.59
[2026-04-30 06:46:56 UTC]   ORDER SELL 1x SPY: 📋 Order Summary:
   SELL 1 SPY @ MARKET (~$689.60)
   Estimated total: $689.60
Traceback (most recent call last):
  File "/usr/local/lib/python3.11/dist-packages/alpaca/common/rest.py", line 198, in _one_request
    response.raise_for_status()
  File "/usr/local/lib/python3.11/dist-packages/requests
[2026-04-30 06:46:56 UTC] -- QQQ
[2026-04-30 06:46:57 UTC]   bars=61  signal=SELL  price=$661.59  SMA=$629.54  lower=$574.42  upper=$684.67
[2026-04-30 06:46:57 UTC]   SKIP SELL: no position.
[2026-04-30 06:46:57 UTC] === Scan cycle complete ===

[2026-04-30 06:51:42 UTC] === Mean-Reversion scan cycle start ===
[2026-04-30 06:51:43 UTC] Equity: $99,993.82  |  Buying power: $198,589.59
[2026-04-30 06:51:43 UTC] Open positions: {'AAPL': 1.0, 'MSFT': 1.0, 'SPY': 1.0}
[2026-04-30 06:51:43 UTC] Watchlist (10): ['AAPL', 'MSFT', 'NVDA', 'AMD', 'TSLA', 'META', 'GOOGL', 'AMZN', 'SPY', 'QQQ']
[2026-04-30 06:51:43 UTC] -- AAPL
[2026-04-30 06:51:44 UTC]   bars=61  signal=SELL  price=$270.15  SMA=$264.34  lower=$251.50  upper=$277.17
[2026-04-30 06:51:44 UTC]   → SELLING 1 shares @ ~$270.15
[2026-04-30 06:51:47 UTC]   ORDER SELL 1x AAPL: 📋 Order Summary:
   SELL 1 AAPL @ MARKET (~$254.12)
   Estimated total: $254.12
Traceback (most recent call last):
  File "/usr/local/lib/python3.11/dist-packages/alpaca/common/rest.py", line 198, in _one_request
    response.raise_for_status()
  File "/usr/local/lib/python3.11/dist-packages/request
[2026-04-30 06:51:47 UTC] -- MSFT
[2026-04-30 06:51:47 UTC]   bars=61  signal=SELL  price=$424.80  SMA=$401.61  lower=$353.43  upper=$449.79
[2026-04-30 06:51:47 UTC]   → SELLING 1 shares @ ~$424.80
[2026-04-30 06:51:50 UTC]   ORDER SELL 1x MSFT: 📋 Order Summary:
   SELL 1 MSFT @ MARKET (~$400.00)
   Estimated total: $400.00
Traceback (most recent call last):
  File "/usr/local/lib/python3.11/dist-packages/alpaca/common/rest.py", line 198, in _one_request
    response.raise_for_status()
  File "/usr/local/lib/python3.11/dist-packages/request
[2026-04-30 06:51:50 UTC] -- NVDA
[2026-04-30 06:51:50 UTC]   bars=61  signal=SELL  price=$209.35  SMA=$194.96  lower=$170.35  upper=$219.57
[2026-04-30 06:51:50 UTC]   SKIP SELL: no position.
[2026-04-30 06:51:51 UTC] -- AMD
[2026-04-30 06:51:51 UTC]   bars=61  signal=SELL  price=$337.10  SMA=$270.52  lower=$186.26  upper=$354.78
[2026-04-30 06:51:51 UTC]   SKIP SELL: no position.
[2026-04-30 06:51:51 UTC] -- TSLA
[2026-04-30 06:51:52 UTC]   bars=61  signal=SELL  price=$372.80  SMA=$371.03  lower=$335.99  upper=$406.06
[2026-04-30 06:51:52 UTC]   SKIP SELL: no position.
[2026-04-30 06:51:52 UTC] -- META
[2026-04-30 06:51:53 UTC]   bars=61  signal=SELL  price=$669.47  SMA=$643.72  lower=$565.53  upper=$721.91
[2026-04-30 06:51:53 UTC]   SKIP SELL: no position.
[2026-04-30 06:51:53 UTC] -- GOOGL
[2026-04-30 06:51:53 UTC]   bars=61  signal=SELL  price=$350.27  SMA=$328.17  lower=$293.31  upper=$363.03
[2026-04-30 06:51:53 UTC]   SKIP SELL: no position.
[2026-04-30 06:51:53 UTC] -- AMZN
[2026-04-30 06:51:54 UTC]   bars=61  signal=SELL  price=$263.22  SMA=$241.72  lower=$205.72  upper=$277.72
[2026-04-30 06:51:54 UTC]   SKIP SELL: no position.
[2026-04-30 06:51:54 UTC] -- SPY
[2026-04-30 06:51:55 UTC]   bars=61  signal=SELL  price=$711.59  SMA=$692.03  lower=$650.15  upper=$733.92
[2026-04-30 06:51:55 UTC]   → SELLING 1 shares @ ~$711.59
[2026-04-30 06:51:57 UTC]   ORDER SELL 1x SPY: 📋 Order Summary:
   SELL 1 SPY @ MARKET (~$689.60)
   Estimated total: $689.60
Traceback (most recent call last):
  File "/usr/local/lib/python3.11/dist-packages/alpaca/common/rest.py", line 198, in _one_request
    response.raise_for_status()
  File "/usr/local/lib/python3.11/dist-packages/requests
[2026-04-30 06:51:57 UTC] -- QQQ
[2026-04-30 06:51:58 UTC]   bars=61  signal=SELL  price=$661.59  SMA=$629.54  lower=$574.42  upper=$684.67
[2026-04-30 06:51:58 UTC]   SKIP SELL: no position.
[2026-04-30 06:51:58 UTC] === Scan cycle complete ===

[2026-04-30 06:56:43 UTC] === Mean-Reversion scan cycle start ===
[2026-04-30 06:56:44 UTC] Equity: $99,994.48  |  Buying power: $198,590.25
[2026-04-30 06:56:44 UTC] Open positions: {'AAPL': 1.0, 'MSFT': 1.0, 'SPY': 1.0}
[2026-04-30 06:56:44 UTC] Watchlist (10): ['AAPL', 'MSFT', 'NVDA', 'AMD', 'TSLA', 'META', 'GOOGL', 'AMZN', 'SPY', 'QQQ']
[2026-04-30 06:56:44 UTC] -- AAPL
[2026-04-30 06:56:45 UTC]   bars=61  signal=SELL  price=$270.15  SMA=$264.34  lower=$251.50  upper=$277.17
[2026-04-30 06:56:45 UTC]   → SELLING 1 shares @ ~$270.15
[2026-04-30 06:56:48 UTC]   ORDER SELL 1x AAPL: 📋 Order Summary:
   SELL 1 AAPL @ MARKET (~$254.12)
   Estimated total: $254.12
Traceback (most recent call last):
  File "/usr/local/lib/python3.11/dist-packages/alpaca/common/rest.py", line 198, in _one_request
    response.raise_for_status()
  File "/usr/local/lib/python3.11/dist-packages/request
[2026-04-30 06:56:48 UTC] -- MSFT
[2026-04-30 06:56:48 UTC]   bars=61  signal=SELL  price=$424.80  SMA=$401.61  lower=$353.43  upper=$449.79
[2026-04-30 06:56:48 UTC]   → SELLING 1 shares @ ~$424.80
[2026-04-30 06:56:50 UTC]   ORDER SELL 1x MSFT: 📋 Order Summary:
   SELL 1 MSFT @ MARKET (~$400.00)
   Estimated total: $400.00
Traceback (most recent call last):
  File "/usr/local/lib/python3.11/dist-packages/alpaca/common/rest.py", line 198, in _one_request
    response.raise_for_status()
  File "/usr/local/lib/python3.11/dist-packages/request
[2026-04-30 06:56:50 UTC] -- NVDA
[2026-04-30 06:56:51 UTC]   bars=61  signal=SELL  price=$209.35  SMA=$194.96  lower=$170.35  upper=$219.57
[2026-04-30 06:56:51 UTC]   SKIP SELL: no position.
[2026-04-30 06:56:51 UTC] -- AMD
[2026-04-30 06:56:52 UTC]   bars=61  signal=SELL  price=$337.10  SMA=$270.52  lower=$186.26  upper=$354.78
[2026-04-30 06:56:52 UTC]   SKIP SELL: no position.
[2026-04-30 06:56:52 UTC] -- TSLA
[2026-04-30 06:56:53 UTC]   bars=61  signal=SELL  price=$372.80  SMA=$371.03  lower=$335.99  upper=$406.06
[2026-04-30 06:56:53 UTC]   SKIP SELL: no position.
[2026-04-30 06:56:53 UTC] -- META
[2026-04-30 06:56:53 UTC]   bars=61  signal=SELL  price=$669.47  SMA=$643.72  lower=$565.53  upper=$721.91
[2026-04-30 06:56:53 UTC]   SKIP SELL: no position.
[2026-04-30 06:56:53 UTC] -- GOOGL
[2026-04-30 06:56:54 UTC]   bars=61  signal=SELL  price=$350.27  SMA=$328.17  lower=$293.31  upper=$363.03
[2026-04-30 06:56:54 UTC]   SKIP SELL: no position.
[2026-04-30 06:56:54 UTC] -- AMZN
[2026-04-30 06:56:55 UTC]   bars=61  signal=SELL  price=$263.22  SMA=$241.72  lower=$205.72  upper=$277.72
[2026-04-30 06:56:55 UTC]   SKIP SELL: no position.
[2026-04-30 06:56:55 UTC] -- SPY
[2026-04-30 06:56:55 UTC]   bars=61  signal=SELL  price=$711.59  SMA=$692.03  lower=$650.15  upper=$733.92
[2026-04-30 06:56:55 UTC]   → SELLING 1 shares @ ~$711.59
[2026-04-30 06:56:58 UTC]   ORDER SELL 1x SPY: 📋 Order Summary:
   SELL 1 SPY @ MARKET (~$689.60)
   Estimated total: $689.60
Traceback (most recent call last):
  File "/usr/local/lib/python3.11/dist-packages/alpaca/common/rest.py", line 198, in _one_request
    response.raise_for_status()
  File "/usr/local/lib/python3.11/dist-packages/requests
[2026-04-30 06:56:58 UTC] -- QQQ
[2026-04-30 06:56:58 UTC]   bars=61  signal=SELL  price=$661.59  SMA=$629.54  lower=$574.42  upper=$684.67
[2026-04-30 06:56:58 UTC]   SKIP SELL: no position.
[2026-04-30 06:56:58 UTC] === Scan cycle complete ===

[2026-04-30 07:01:49 UTC] === Mean-Reversion scan cycle start ===
[2026-04-30 07:01:50 UTC] Equity: $99,994.80  |  Buying power: $198,590.57
[2026-04-30 07:01:51 UTC] Open positions: {'AAPL': 1.0, 'MSFT': 1.0, 'SPY': 1.0}
[2026-04-30 07:01:51 UTC] Watchlist (10): ['AAPL', 'MSFT', 'NVDA', 'AMD', 'TSLA', 'META', 'GOOGL', 'AMZN', 'SPY', 'QQQ']
[2026-04-30 07:01:51 UTC] -- AAPL
[2026-04-30 07:01:52 UTC]   bars=61  signal=SELL  price=$270.15  SMA=$264.34  lower=$251.50  upper=$277.17
[2026-04-30 07:01:52 UTC]   → SELLING 1 shares @ ~$270.15
[2026-04-30 07:01:54 UTC]   ORDER SELL 1x AAPL: 📋 Order Summary:
   SELL 1 AAPL @ MARKET (~$254.12)
   Estimated total: $254.12
Traceback (most recent call last):
  File "/usr/local/lib/python3.11/dist-packages/alpaca/common/rest.py", line 198, in _one_request
    response.raise_for_status()
  File "/usr/local/lib/python3.11/dist-packages/request
[2026-04-30 07:01:54 UTC] -- MSFT
[2026-04-30 07:01:55 UTC]   bars=61  signal=SELL  price=$424.80  SMA=$401.61  lower=$353.43  upper=$449.79
[2026-04-30 07:01:55 UTC]   → SELLING 1 shares @ ~$424.80
[2026-04-30 07:01:57 UTC]   ORDER SELL 1x MSFT: 📋 Order Summary:
   SELL 1 MSFT @ MARKET (~$400.00)
   Estimated total: $400.00
Traceback (most recent call last):
  File "/usr/local/lib/python3.11/dist-packages/alpaca/common/rest.py", line 198, in _one_request
    response.raise_for_status()
  File "/usr/local/lib/python3.11/dist-packages/request
[2026-04-30 07:01:57 UTC] -- NVDA
[2026-04-30 07:01:58 UTC]   bars=61  signal=SELL  price=$209.35  SMA=$194.96  lower=$170.35  upper=$219.57
[2026-04-30 07:01:58 UTC]   SKIP SELL: no position.
[2026-04-30 07:01:58 UTC] -- AMD
[2026-04-30 07:01:58 UTC]   bars=61  signal=SELL  price=$337.10  SMA=$270.52  lower=$186.26  upper=$354.78
[2026-04-30 07:01:58 UTC]   SKIP SELL: no position.
[2026-04-30 07:01:58 UTC] -- TSLA
[2026-04-30 07:01:59 UTC]   bars=61  signal=SELL  price=$372.80  SMA=$371.03  lower=$335.99  upper=$406.06
[2026-04-30 07:01:59 UTC]   SKIP SELL: no position.
[2026-04-30 07:01:59 UTC] -- META
[2026-04-30 07:02:00 UTC]   bars=61  signal=SELL  price=$669.47  SMA=$643.72  lower=$565.53  upper=$721.91
[2026-04-30 07:02:00 UTC]   SKIP SELL: no position.
[2026-04-30 07:02:00 UTC] -- GOOGL
[2026-04-30 07:02:00 UTC]   bars=61  signal=SELL  price=$350.27  SMA=$328.17  lower=$293.31  upper=$363.03
[2026-04-30 07:02:00 UTC]   SKIP SELL: no position.
[2026-04-30 07:02:00 UTC] -- AMZN
[2026-04-30 07:02:01 UTC]   bars=61  signal=SELL  price=$263.22  SMA=$241.72  lower=$205.72  upper=$277.72
[2026-04-30 07:02:01 UTC]   SKIP SELL: no position.
[2026-04-30 07:02:01 UTC] -- SPY
[2026-04-30 07:02:02 UTC]   bars=61  signal=SELL  price=$711.59  SMA=$692.03  lower=$650.15  upper=$733.92
[2026-04-30 07:02:02 UTC]   → SELLING 1 shares @ ~$711.59
[2026-04-30 07:02:04 UTC]   ORDER SELL 1x SPY: 📋 Order Summary:
   SELL 1 SPY @ MARKET (~$689.60)
   Estimated total: $689.60
Traceback (most recent call last):
  File "/usr/local/lib/python3.11/dist-packages/alpaca/common/rest.py", line 198, in _one_request
    response.raise_for_status()
  File "/usr/local/lib/python3.11/dist-packages/requests
[2026-04-30 07:02:04 UTC] -- QQQ
[2026-04-30 07:02:05 UTC]   bars=61  signal=SELL  price=$661.59  SMA=$629.54  lower=$574.42  upper=$684.67
[2026-04-30 07:02:05 UTC]   SKIP SELL: no position.
[2026-04-30 07:02:05 UTC] === Scan cycle complete ===

[2026-04-30 07:06:41 UTC] === Mean-Reversion scan cycle start ===
[2026-04-30 07:06:42 UTC] Equity: $99,994.74  |  Buying power: $198,590.51
[2026-04-30 07:06:42 UTC] Open positions: {'AAPL': 1.0, 'MSFT': 1.0, 'SPY': 1.0}
[2026-04-30 07:06:42 UTC] Watchlist (10): ['AAPL', 'MSFT', 'NVDA', 'AMD', 'TSLA', 'META', 'GOOGL', 'AMZN', 'SPY', 'QQQ']
[2026-04-30 07:06:42 UTC] -- AAPL
[2026-04-30 07:06:43 UTC]   bars=61  signal=SELL  price=$270.15  SMA=$264.34  lower=$251.50  upper=$277.17
[2026-04-30 07:06:43 UTC]   → SELLING 1 shares @ ~$270.15
[2026-04-30 07:06:46 UTC]   ORDER SELL 1x AAPL: 📋 Order Summary:
   SELL 1 AAPL @ MARKET (~$254.12)
   Estimated total: $254.12
Traceback (most recent call last):
  File "/usr/local/lib/python3.11/dist-packages/alpaca/common/rest.py", line 198, in _one_request
    response.raise_for_status()
  File "/usr/local/lib/python3.11/dist-packages/request
[2026-04-30 07:06:46 UTC] -- MSFT
[2026-04-30 07:06:46 UTC]   bars=61  signal=SELL  price=$424.80  SMA=$401.61  lower=$353.43  upper=$449.79
[2026-04-30 07:06:46 UTC]   → SELLING 1 shares @ ~$424.80
[2026-04-30 07:06:49 UTC]   ORDER SELL 1x MSFT: 📋 Order Summary:
   SELL 1 MSFT @ MARKET (~$400.00)
   Estimated total: $400.00
Traceback (most recent call last):
  File "/usr/local/lib/python3.11/dist-packages/alpaca/common/rest.py", line 198, in _one_request
    response.raise_for_status()
  File "/usr/local/lib/python3.11/dist-packages/request
[2026-04-30 07:06:49 UTC] -- NVDA
[2026-04-30 07:06:49 UTC]   bars=61  signal=SELL  price=$209.35  SMA=$194.96  lower=$170.35  upper=$219.57
[2026-04-30 07:06:49 UTC]   SKIP SELL: no position.
[2026-04-30 07:06:49 UTC] -- AMD
[2026-04-30 07:06:50 UTC]   bars=61  signal=SELL  price=$337.10  SMA=$270.52  lower=$186.26  upper=$354.78
[2026-04-30 07:06:50 UTC]   SKIP SELL: no position.
[2026-04-30 07:06:50 UTC] -- TSLA
[2026-04-30 07:06:51 UTC]   bars=61  signal=SELL  price=$372.80  SMA=$371.03  lower=$335.99  upper=$406.06
[2026-04-30 07:06:51 UTC]   SKIP SELL: no position.
[2026-04-30 07:06:51 UTC] -- META
[2026-04-30 07:06:52 UTC]   bars=61  signal=SELL  price=$669.47  SMA=$643.72  lower=$565.53  upper=$721.91
[2026-04-30 07:06:52 UTC]   SKIP SELL: no position.
[2026-04-30 07:06:52 UTC] -- GOOGL
[2026-04-30 07:06:52 UTC]   bars=61  signal=SELL  price=$350.27  SMA=$328.17  lower=$293.31  upper=$363.03
[2026-04-30 07:06:52 UTC]   SKIP SELL: no position.
[2026-04-30 07:06:53 UTC] -- AMZN
[2026-04-30 07:06:53 UTC]   bars=61  signal=SELL  price=$263.22  SMA=$241.72  lower=$205.72  upper=$277.72
[2026-04-30 07:06:53 UTC]   SKIP SELL: no position.
[2026-04-30 07:06:53 UTC] -- SPY
[2026-04-30 07:06:54 UTC]   bars=61  signal=SELL  price=$711.59  SMA=$692.03  lower=$650.15  upper=$733.92
[2026-04-30 07:06:54 UTC]   → SELLING 1 shares @ ~$711.59
[2026-04-30 07:06:57 UTC]   ORDER SELL 1x SPY: 📋 Order Summary:
   SELL 1 SPY @ MARKET (~$689.60)
   Estimated total: $689.60
Traceback (most recent call last):
  File "/usr/local/lib/python3.11/dist-packages/alpaca/common/rest.py", line 198, in _one_request
    response.raise_for_status()
  File "/usr/local/lib/python3.11/dist-packages/requests
[2026-04-30 07:06:57 UTC] -- QQQ
[2026-04-30 07:06:57 UTC]   bars=61  signal=SELL  price=$661.59  SMA=$629.54  lower=$574.42  upper=$684.67
[2026-04-30 07:06:57 UTC]   SKIP SELL: no position.
[2026-04-30 07:06:57 UTC] === Scan cycle complete ===

[2026-04-30 07:13:46 UTC] === Mean-Reversion scan cycle start ===
[2026-04-30 07:13:47 UTC] Equity: $99,995.83  |  Buying power: $198,591.60
[2026-04-30 07:13:47 UTC] Open positions: {'AAPL': 1.0, 'MSFT': 1.0, 'SPY': 1.0}
[2026-04-30 07:13:48 UTC] Watchlist (10): ['AAPL', 'MSFT', 'NVDA', 'AMD', 'TSLA', 'META', 'GOOGL', 'AMZN', 'SPY', 'QQQ']
[2026-04-30 07:13:48 UTC] -- AAPL
[2026-04-30 07:13:48 UTC]   bars=61  signal=SELL  price=$270.15  SMA=$264.34  lower=$251.50  upper=$277.17
[2026-04-30 07:13:48 UTC]   → SELLING 1 shares @ ~$270.15
[2026-04-30 07:13:51 UTC]   ORDER SELL 1x AAPL: 📋 Order Summary:
   SELL 1 AAPL @ MARKET (~$254.12)
   Estimated total: $254.12
Traceback (most recent call last):
  File "/usr/local/lib/python3.11/dist-packages/alpaca/common/rest.py", line 198, in _one_request
    response.raise_for_status()
  File "/usr/local/lib/python3.11/dist-packages/request
[2026-04-30 07:13:51 UTC] -- MSFT
[2026-04-30 07:13:51 UTC]   bars=61  signal=SELL  price=$424.80  SMA=$401.61  lower=$353.43  upper=$449.79
[2026-04-30 07:13:51 UTC]   → SELLING 1 shares @ ~$424.80
[2026-04-30 07:13:54 UTC]   ORDER SELL 1x MSFT: 📋 Order Summary:
   SELL 1 MSFT @ MARKET (~$400.00)
   Estimated total: $400.00
Traceback (most recent call last):
  File "/usr/local/lib/python3.11/dist-packages/alpaca/common/rest.py", line 198, in _one_request
    response.raise_for_status()
  File "/usr/local/lib/python3.11/dist-packages/request
[2026-04-30 07:13:54 UTC] -- NVDA
[2026-04-30 07:13:54 UTC]   bars=61  signal=SELL  price=$209.35  SMA=$194.96  lower=$170.35  upper=$219.57
[2026-04-30 07:13:54 UTC]   SKIP SELL: no position.
[2026-04-30 07:13:54 UTC] -- AMD
[2026-04-30 07:13:55 UTC]   bars=61  signal=SELL  price=$337.10  SMA=$270.52  lower=$186.26  upper=$354.78
[2026-04-30 07:13:55 UTC]   SKIP SELL: no position.
[2026-04-30 07:13:55 UTC] -- TSLA
[2026-04-30 07:13:56 UTC]   bars=61  signal=SELL  price=$372.80  SMA=$371.03  lower=$335.99  upper=$406.06
[2026-04-30 07:13:56 UTC]   SKIP SELL: no position.
[2026-04-30 07:13:56 UTC] -- META
[2026-04-30 07:13:56 UTC]   bars=61  signal=SELL  price=$669.47  SMA=$643.72  lower=$565.53  upper=$721.91
[2026-04-30 07:13:56 UTC]   SKIP SELL: no position.
[2026-04-30 07:13:57 UTC] -- GOOGL
[2026-04-30 07:13:57 UTC]   bars=61  signal=SELL  price=$350.27  SMA=$328.17  lower=$293.31  upper=$363.03
[2026-04-30 07:13:57 UTC]   SKIP SELL: no position.
[2026-04-30 07:13:57 UTC] -- AMZN
[2026-04-30 07:13:58 UTC]   bars=61  signal=SELL  price=$263.22  SMA=$241.72  lower=$205.72  upper=$277.72
[2026-04-30 07:13:58 UTC]   SKIP SELL: no position.
[2026-04-30 07:13:58 UTC] -- SPY
[2026-04-30 07:13:58 UTC]   bars=61  signal=SELL  price=$711.59  SMA=$692.03  lower=$650.15  upper=$733.92
[2026-04-30 07:13:58 UTC]   → SELLING 1 shares @ ~$711.59
[2026-04-30 07:14:01 UTC]   ORDER SELL 1x SPY: 📋 Order Summary:
   SELL 1 SPY @ MARKET (~$689.60)
   Estimated total: $689.60
Traceback (most recent call last):
  File "/usr/local/lib/python3.11/dist-packages/alpaca/common/rest.py", line 198, in _one_request
    response.raise_for_status()
  File "/usr/local/lib/python3.11/dist-packages/requests
[2026-04-30 07:14:01 UTC] -- QQQ
[2026-04-30 07:14:01 UTC]   bars=61  signal=SELL  price=$661.59  SMA=$629.54  lower=$574.42  upper=$684.67
[2026-04-30 07:14:01 UTC]   SKIP SELL: no position.
[2026-04-30 07:14:02 UTC] === Scan cycle complete ===

[2026-04-30 07:30:47 UTC] === Mean-Reversion scan cycle start ===
[2026-04-30 07:30:49 UTC] Equity: $99,995.83  |  Buying power: $198,591.60
[2026-04-30 07:30:49 UTC] Open positions: {'AAPL': 1.0, 'MSFT': 1.0, 'SPY': 1.0}
[2026-04-30 07:30:49 UTC] Watchlist (10): ['AAPL', 'MSFT', 'NVDA', 'AMD', 'TSLA', 'META', 'GOOGL', 'AMZN', 'SPY', 'QQQ']
[2026-04-30 07:30:49 UTC] -- AAPL
[2026-04-30 07:30:50 UTC]   bars=61  signal=SELL  price=$270.15  SMA=$264.34  lower=$251.50  upper=$277.17
[2026-04-30 07:30:50 UTC]   → SELLING 1 shares @ ~$270.15
[2026-04-30 07:30:52 UTC]   ORDER SELL 1x AAPL: 📋 Order Summary:
   SELL 1 AAPL @ MARKET (~$254.12)
   Estimated total: $254.12
Traceback (most recent call last):
  File "/usr/local/lib/python3.11/dist-packages/alpaca/common/rest.py", line 198, in _one_request
    response.raise_for_status()
  File "/usr/local/lib/python3.11/dist-packages/request
[2026-04-30 07:30:52 UTC] -- MSFT
[2026-04-30 07:30:53 UTC]   bars=61  signal=SELL  price=$424.80  SMA=$401.61  lower=$353.43  upper=$449.79
[2026-04-30 07:30:53 UTC]   → SELLING 1 shares @ ~$424.80
[2026-04-30 07:30:56 UTC]   ORDER SELL 1x MSFT: 📋 Order Summary:
   SELL 1 MSFT @ MARKET (~$400.00)
   Estimated total: $400.00
Traceback (most recent call last):
  File "/usr/local/lib/python3.11/dist-packages/alpaca/common/rest.py", line 198, in _one_request
    response.raise_for_status()
  File "/usr/local/lib/python3.11/dist-packages/request
[2026-04-30 07:30:56 UTC] -- NVDA
[2026-04-30 07:30:56 UTC]   bars=61  signal=SELL  price=$209.35  SMA=$194.96  lower=$170.35  upper=$219.57
[2026-04-30 07:30:56 UTC]   SKIP SELL: no position.
[2026-04-30 07:30:56 UTC] -- AMD
[2026-04-30 07:30:57 UTC]   bars=61  signal=SELL  price=$337.10  SMA=$270.52  lower=$186.26  upper=$354.78
[2026-04-30 07:30:57 UTC]   SKIP SELL: no position.
[2026-04-30 07:30:57 UTC] -- TSLA
[2026-04-30 07:30:58 UTC]   bars=61  signal=SELL  price=$372.80  SMA=$371.03  lower=$335.99  upper=$406.06
[2026-04-30 07:30:58 UTC]   SKIP SELL: no position.
[2026-04-30 07:30:58 UTC] -- META
[2026-04-30 07:30:58 UTC]   bars=61  signal=SELL  price=$669.47  SMA=$643.72  lower=$565.53  upper=$721.91
[2026-04-30 07:30:58 UTC]   SKIP SELL: no position.
[2026-04-30 07:30:58 UTC] -- GOOGL
[2026-04-30 07:30:59 UTC]   bars=61  signal=SELL  price=$350.27  SMA=$328.17  lower=$293.31  upper=$363.03
[2026-04-30 07:30:59 UTC]   SKIP SELL: no position.
[2026-04-30 07:30:59 UTC] -- AMZN
[2026-04-30 07:31:00 UTC]   bars=61  signal=SELL  price=$263.22  SMA=$241.72  lower=$205.72  upper=$277.72
[2026-04-30 07:31:00 UTC]   SKIP SELL: no position.
[2026-04-30 07:31:00 UTC] -- SPY
[2026-04-30 07:31:00 UTC]   bars=61  signal=SELL  price=$711.59  SMA=$692.03  lower=$650.15  upper=$733.92
[2026-04-30 07:31:00 UTC]   → SELLING 1 shares @ ~$711.59
[2026-04-30 07:31:03 UTC]   ORDER SELL 1x SPY: 📋 Order Summary:
   SELL 1 SPY @ MARKET (~$689.60)
   Estimated total: $689.60
Traceback (most recent call last):
  File "/usr/local/lib/python3.11/dist-packages/alpaca/common/rest.py", line 198, in _one_request
    response.raise_for_status()
  File "/usr/local/lib/python3.11/dist-packages/requests
[2026-04-30 07:31:03 UTC] -- QQQ
[2026-04-30 07:31:03 UTC]   bars=61  signal=SELL  price=$661.59  SMA=$629.54  lower=$574.42  upper=$684.67
[2026-04-30 07:31:03 UTC]   SKIP SELL: no position.
[2026-04-30 07:31:03 UTC] === Scan cycle complete ===

[2026-04-30 07:36:43 UTC] === Mean-Reversion scan cycle start ===
[2026-04-30 07:36:44 UTC] Equity: $99,996.75  |  Buying power: $198,592.52
[2026-04-30 07:36:45 UTC] Open positions: {'AAPL': 1.0, 'MSFT': 1.0, 'SPY': 1.0}
[2026-04-30 07:36:45 UTC] Watchlist (10): ['AAPL', 'MSFT', 'NVDA', 'AMD', 'TSLA', 'META', 'GOOGL', 'AMZN', 'SPY', 'QQQ']
[2026-04-30 07:36:45 UTC] -- AAPL
[2026-04-30 07:36:45 UTC]   bars=61  signal=SELL  price=$270.15  SMA=$264.34  lower=$251.50  upper=$277.17
[2026-04-30 07:36:45 UTC]   → SELLING 1 shares @ ~$270.15
[2026-04-30 07:36:48 UTC]   ORDER SELL 1x AAPL: 📋 Order Summary:
   SELL 1 AAPL @ MARKET (~$254.12)
   Estimated total: $254.12
Traceback (most recent call last):
  File "/usr/local/lib/python3.11/dist-packages/alpaca/common/rest.py", line 198, in _one_request
    response.raise_for_status()
  File "/usr/local/lib/python3.11/dist-packages/request
[2026-04-30 07:36:48 UTC] -- MSFT
[2026-04-30 07:36:49 UTC]   bars=61  signal=SELL  price=$424.80  SMA=$401.61  lower=$353.43  upper=$449.79
[2026-04-30 07:36:49 UTC]   → SELLING 1 shares @ ~$424.80
[2026-04-30 07:36:51 UTC]   ORDER SELL 1x MSFT: 📋 Order Summary:
   SELL 1 MSFT @ MARKET (~$400.00)
   Estimated total: $400.00
Traceback (most recent call last):
  File "/usr/local/lib/python3.11/dist-packages/alpaca/common/rest.py", line 198, in _one_request
    response.raise_for_status()
  File "/usr/local/lib/python3.11/dist-packages/request
[2026-04-30 07:36:51 UTC] -- NVDA
[2026-04-30 07:36:52 UTC]   bars=61  signal=SELL  price=$209.35  SMA=$194.96  lower=$170.35  upper=$219.57
[2026-04-30 07:36:52 UTC]   SKIP SELL: no position.
[2026-04-30 07:36:52 UTC] -- AMD
[2026-04-30 07:36:52 UTC]   bars=61  signal=SELL  price=$337.10  SMA=$270.52  lower=$186.26  upper=$354.78
[2026-04-30 07:36:52 UTC]   SKIP SELL: no position.
[2026-04-30 07:36:52 UTC] -- TSLA
[2026-04-30 07:36:53 UTC]   bars=61  signal=SELL  price=$372.80  SMA=$371.03  lower=$335.99  upper=$406.06
[2026-04-30 07:36:53 UTC]   SKIP SELL: no position.
[2026-04-30 07:36:53 UTC] -- META
[2026-04-30 07:36:54 UTC]   bars=61  signal=SELL  price=$669.47  SMA=$643.72  lower=$565.53  upper=$721.91
[2026-04-30 07:36:54 UTC]   SKIP SELL: no position.
[2026-04-30 07:36:54 UTC] -- GOOGL
[2026-04-30 07:36:54 UTC]   bars=61  signal=SELL  price=$350.27  SMA=$328.17  lower=$293.31  upper=$363.03
[2026-04-30 07:36:55 UTC]   SKIP SELL: no position.
[2026-04-30 07:36:55 UTC] -- AMZN
[2026-04-30 07:36:55 UTC]   bars=61  signal=SELL  price=$263.22  SMA=$241.72  lower=$205.72  upper=$277.72
[2026-04-30 07:36:55 UTC]   SKIP SELL: no position.
[2026-04-30 07:36:55 UTC] -- SPY
[2026-04-30 07:36:56 UTC]   bars=61  signal=SELL  price=$711.59  SMA=$692.03  lower=$650.15  upper=$733.92
[2026-04-30 07:36:56 UTC]   → SELLING 1 shares @ ~$711.59
[2026-04-30 07:36:58 UTC]   ORDER SELL 1x SPY: 📋 Order Summary:
   SELL 1 SPY @ MARKET (~$689.60)
   Estimated total: $689.60
Traceback (most recent call last):
  File "/usr/local/lib/python3.11/dist-packages/alpaca/common/rest.py", line 198, in _one_request
    response.raise_for_status()
  File "/usr/local/lib/python3.11/dist-packages/requests
[2026-04-30 07:36:58 UTC] -- QQQ
[2026-04-30 07:36:59 UTC]   bars=61  signal=SELL  price=$661.59  SMA=$629.54  lower=$574.42  upper=$684.67
[2026-04-30 07:36:59 UTC]   SKIP SELL: no position.
[2026-04-30 07:36:59 UTC] === Scan cycle complete ===

[2026-04-30 07:41:42 UTC] === Mean-Reversion scan cycle start ===
[2026-04-30 07:41:44 UTC] Equity: $99,997.28  |  Buying power: $198,593.05
[2026-04-30 07:41:44 UTC] Open positions: {'AAPL': 1.0, 'MSFT': 1.0, 'SPY': 1.0}
[2026-04-30 07:41:44 UTC] Watchlist (10): ['AAPL', 'MSFT', 'NVDA', 'AMD', 'TSLA', 'META', 'GOOGL', 'AMZN', 'SPY', 'QQQ']
[2026-04-30 07:41:44 UTC] -- AAPL
[2026-04-30 07:41:45 UTC]   bars=61  signal=SELL  price=$270.15  SMA=$264.34  lower=$251.50  upper=$277.17
[2026-04-30 07:41:45 UTC]   → SELLING 1 shares @ ~$270.15
[2026-04-30 07:41:47 UTC]   ORDER SELL 1x AAPL: 📋 Order Summary:
   SELL 1 AAPL @ MARKET (~$254.12)
   Estimated total: $254.12
Traceback (most recent call last):
  File "/usr/local/lib/python3.11/dist-packages/alpaca/common/rest.py", line 198, in _one_request
    response.raise_for_status()
  File "/usr/local/lib/python3.11/dist-packages/request
[2026-04-30 07:41:47 UTC] -- MSFT
[2026-04-30 07:41:48 UTC]   bars=61  signal=SELL  price=$424.80  SMA=$401.61  lower=$353.43  upper=$449.79
[2026-04-30 07:41:48 UTC]   → SELLING 1 shares @ ~$424.80
[2026-04-30 07:41:50 UTC]   ORDER SELL 1x MSFT: 📋 Order Summary:
   SELL 1 MSFT @ MARKET (~$400.00)
   Estimated total: $400.00
Traceback (most recent call last):
  File "/usr/local/lib/python3.11/dist-packages/alpaca/common/rest.py", line 198, in _one_request
    response.raise_for_status()
  File "/usr/local/lib/python3.11/dist-packages/request
[2026-04-30 07:41:50 UTC] -- NVDA
[2026-04-30 07:41:50 UTC]   bars=61  signal=SELL  price=$209.35  SMA=$194.96  lower=$170.35  upper=$219.57
[2026-04-30 07:41:50 UTC]   SKIP SELL: no position.
[2026-04-30 07:41:51 UTC] -- AMD
[2026-04-30 07:41:51 UTC]   bars=61  signal=SELL  price=$337.10  SMA=$270.52  lower=$186.26  upper=$354.78
[2026-04-30 07:41:51 UTC]   SKIP SELL: no position.
[2026-04-30 07:41:51 UTC] -- TSLA
[2026-04-30 07:41:52 UTC]   bars=61  signal=SELL  price=$372.80  SMA=$371.03  lower=$335.99  upper=$406.06
[2026-04-30 07:41:52 UTC]   SKIP SELL: no position.
[2026-04-30 07:41:52 UTC] -- META
[2026-04-30 07:41:52 UTC]   bars=61  signal=SELL  price=$669.47  SMA=$643.72  lower=$565.53  upper=$721.91
[2026-04-30 07:41:52 UTC]   SKIP SELL: no position.
[2026-04-30 07:41:52 UTC] -- GOOGL
[2026-04-30 07:41:53 UTC]   bars=61  signal=SELL  price=$350.27  SMA=$328.17  lower=$293.31  upper=$363.03
[2026-04-30 07:41:53 UTC]   SKIP SELL: no position.
[2026-04-30 07:41:53 UTC] -- AMZN
[2026-04-30 07:41:54 UTC]   bars=61  signal=SELL  price=$263.22  SMA=$241.72  lower=$205.72  upper=$277.72
[2026-04-30 07:41:54 UTC]   SKIP SELL: no position.
[2026-04-30 07:41:54 UTC] -- SPY
[2026-04-30 07:41:54 UTC]   bars=61  signal=SELL  price=$711.59  SMA=$692.03  lower=$650.15  upper=$733.92
[2026-04-30 07:41:54 UTC]   → SELLING 1 shares @ ~$711.59
[2026-04-30 07:41:57 UTC]   ORDER SELL 1x SPY: 📋 Order Summary:
   SELL 1 SPY @ MARKET (~$689.60)
   Estimated total: $689.60
Traceback (most recent call last):
  File "/usr/local/lib/python3.11/dist-packages/alpaca/common/rest.py", line 198, in _one_request
    response.raise_for_status()
  File "/usr/local/lib/python3.11/dist-packages/requests
[2026-04-30 07:41:57 UTC] -- QQQ
[2026-04-30 07:41:58 UTC]   bars=61  signal=SELL  price=$661.59  SMA=$629.54  lower=$574.42  upper=$684.67
[2026-04-30 07:41:58 UTC]   SKIP SELL: no position.
[2026-04-30 07:41:58 UTC] === Scan cycle complete ===

[2026-04-30 07:46:41 UTC] === Mean-Reversion scan cycle start ===
[2026-04-30 07:46:43 UTC] Equity: $99,997.02  |  Buying power: $198,592.79
[2026-04-30 07:46:43 UTC] Open positions: {'AAPL': 1.0, 'MSFT': 1.0, 'SPY': 1.0}
[2026-04-30 07:46:43 UTC] Watchlist (10): ['AAPL', 'MSFT', 'NVDA', 'AMD', 'TSLA', 'META', 'GOOGL', 'AMZN', 'SPY', 'QQQ']
[2026-04-30 07:46:43 UTC] -- AAPL
[2026-04-30 07:46:44 UTC]   bars=61  signal=SELL  price=$270.15  SMA=$264.34  lower=$251.50  upper=$277.17
[2026-04-30 07:46:44 UTC]   → SELLING 1 shares @ ~$270.15
[2026-04-30 07:46:47 UTC]   ORDER SELL 1x AAPL: 📋 Order Summary:
   SELL 1 AAPL @ MARKET (~$254.12)
   Estimated total: $254.12
Traceback (most recent call last):
  File "/usr/local/lib/python3.11/dist-packages/alpaca/common/rest.py", line 198, in _one_request
    response.raise_for_status()
  File "/usr/local/lib/python3.11/dist-packages/request
[2026-04-30 07:46:47 UTC] -- MSFT
[2026-04-30 07:46:47 UTC]   bars=61  signal=SELL  price=$424.80  SMA=$401.61  lower=$353.43  upper=$449.79
[2026-04-30 07:46:47 UTC]   → SELLING 1 shares @ ~$424.80
[2026-04-30 07:46:50 UTC]   ORDER SELL 1x MSFT: 📋 Order Summary:
   SELL 1 MSFT @ MARKET (~$400.00)
   Estimated total: $400.00
Traceback (most recent call last):
  File "/usr/local/lib/python3.11/dist-packages/alpaca/common/rest.py", line 198, in _one_request
    response.raise_for_status()
  File "/usr/local/lib/python3.11/dist-packages/request
[2026-04-30 07:46:50 UTC] -- NVDA
[2026-04-30 07:46:50 UTC]   bars=61  signal=SELL  price=$209.35  SMA=$194.96  lower=$170.35  upper=$219.57
[2026-04-30 07:46:50 UTC]   SKIP SELL: no position.
[2026-04-30 07:46:50 UTC] -- AMD
[2026-04-30 07:46:51 UTC]   bars=61  signal=SELL  price=$337.10  SMA=$270.52  lower=$186.26  upper=$354.78
[2026-04-30 07:46:51 UTC]   SKIP SELL: no position.
[2026-04-30 07:46:51 UTC] -- TSLA
[2026-04-30 07:46:52 UTC]   bars=61  signal=SELL  price=$372.80  SMA=$371.03  lower=$335.99  upper=$406.06
[2026-04-30 07:46:52 UTC]   SKIP SELL: no position.
[2026-04-30 07:46:52 UTC] -- META
[2026-04-30 07:46:52 UTC]   bars=61  signal=SELL  price=$669.47  SMA=$643.72  lower=$565.53  upper=$721.91
[2026-04-30 07:46:52 UTC]   SKIP SELL: no position.
[2026-04-30 07:46:52 UTC] -- GOOGL
[2026-04-30 07:46:53 UTC]   bars=61  signal=SELL  price=$350.27  SMA=$328.17  lower=$293.31  upper=$363.03
[2026-04-30 07:46:53 UTC]   SKIP SELL: no position.
[2026-04-30 07:46:53 UTC] -- AMZN
[2026-04-30 07:46:54 UTC]   bars=61  signal=SELL  price=$263.22  SMA=$241.72  lower=$205.72  upper=$277.72
[2026-04-30 07:46:54 UTC]   SKIP SELL: no position.
[2026-04-30 07:46:54 UTC] -- SPY
[2026-04-30 07:46:54 UTC]   bars=61  signal=SELL  price=$711.59  SMA=$692.03  lower=$650.15  upper=$733.92
[2026-04-30 07:46:54 UTC]   → SELLING 1 shares @ ~$711.59
[2026-04-30 07:46:57 UTC]   ORDER SELL 1x SPY: 📋 Order Summary:
   SELL 1 SPY @ MARKET (~$689.60)
   Estimated total: $689.60
Traceback (most recent call last):
  File "/usr/local/lib/python3.11/dist-packages/alpaca/common/rest.py", line 198, in _one_request
    response.raise_for_status()
  File "/usr/local/lib/python3.11/dist-packages/requests
[2026-04-30 07:46:57 UTC] -- QQQ
[2026-04-30 07:46:57 UTC]   bars=61  signal=SELL  price=$661.59  SMA=$629.54  lower=$574.42  upper=$684.67
[2026-04-30 07:46:57 UTC]   SKIP SELL: no position.
[2026-04-30 07:46:57 UTC] === Scan cycle complete ===

[2026-04-30 07:51:40 UTC] === Mean-Reversion scan cycle start ===
[2026-04-30 07:51:42 UTC] Equity: $99,996.56  |  Buying power: $198,592.33
[2026-04-30 07:51:42 UTC] Open positions: {'AAPL': 1.0, 'MSFT': 1.0, 'SPY': 1.0}
[2026-04-30 07:51:42 UTC] Watchlist (10): ['AAPL', 'MSFT', 'NVDA', 'AMD', 'TSLA', 'META', 'GOOGL', 'AMZN', 'SPY', 'QQQ']
[2026-04-30 07:51:42 UTC] -- AAPL
[2026-04-30 07:51:43 UTC]   bars=61  signal=SELL  price=$270.15  SMA=$264.34  lower=$251.50  upper=$277.17
[2026-04-30 07:51:43 UTC]   → SELLING 1 shares @ ~$270.15
[2026-04-30 07:51:45 UTC]   ORDER SELL 1x AAPL: 📋 Order Summary:
   SELL 1 AAPL @ MARKET (~$254.12)
   Estimated total: $254.12
Traceback (most recent call last):
  File "/usr/local/lib/python3.11/dist-packages/alpaca/common/rest.py", line 198, in _one_request
    response.raise_for_status()
  File "/usr/local/lib/python3.11/dist-packages/request
[2026-04-30 07:51:45 UTC] -- MSFT
[2026-04-30 07:51:46 UTC]   bars=61  signal=SELL  price=$424.80  SMA=$401.61  lower=$353.43  upper=$449.79
[2026-04-30 07:51:46 UTC]   → SELLING 1 shares @ ~$424.80
[2026-04-30 07:51:48 UTC]   ORDER SELL 1x MSFT: 📋 Order Summary:
   SELL 1 MSFT @ MARKET (~$400.00)
   Estimated total: $400.00
Traceback (most recent call last):
  File "/usr/local/lib/python3.11/dist-packages/alpaca/common/rest.py", line 198, in _one_request
    response.raise_for_status()
  File "/usr/local/lib/python3.11/dist-packages/request
[2026-04-30 07:51:48 UTC] -- NVDA
[2026-04-30 07:51:49 UTC]   bars=61  signal=SELL  price=$209.35  SMA=$194.96  lower=$170.35  upper=$219.57
[2026-04-30 07:51:49 UTC]   SKIP SELL: no position.
[2026-04-30 07:51:49 UTC] -- AMD
[2026-04-30 07:51:49 UTC]   bars=61  signal=SELL  price=$337.10  SMA=$270.52  lower=$186.26  upper=$354.78
[2026-04-30 07:51:49 UTC]   SKIP SELL: no position.
[2026-04-30 07:51:49 UTC] -- TSLA
[2026-04-30 07:51:50 UTC]   bars=61  signal=SELL  price=$372.80  SMA=$371.03  lower=$335.99  upper=$406.06
[2026-04-30 07:51:50 UTC]   SKIP SELL: no position.
[2026-04-30 07:51:50 UTC] -- META
[2026-04-30 07:51:51 UTC]   bars=61  signal=SELL  price=$669.47  SMA=$643.72  lower=$565.53  upper=$721.91
[2026-04-30 07:51:51 UTC]   SKIP SELL: no position.
[2026-04-30 07:51:51 UTC] -- GOOGL
[2026-04-30 07:51:52 UTC]   bars=61  signal=SELL  price=$350.27  SMA=$328.17  lower=$293.31  upper=$363.03
[2026-04-30 07:51:52 UTC]   SKIP SELL: no position.
[2026-04-30 07:51:52 UTC] -- AMZN
[2026-04-30 07:51:52 UTC]   bars=61  signal=SELL  price=$263.22  SMA=$241.72  lower=$205.72  upper=$277.72
[2026-04-30 07:51:52 UTC]   SKIP SELL: no position.
[2026-04-30 07:51:52 UTC] -- SPY
[2026-04-30 07:51:53 UTC]   bars=61  signal=SELL  price=$711.59  SMA=$692.03  lower=$650.15  upper=$733.92
[2026-04-30 07:51:53 UTC]   → SELLING 1 shares @ ~$711.59
[2026-04-30 07:51:55 UTC]   ORDER SELL 1x SPY: 📋 Order Summary:
   SELL 1 SPY @ MARKET (~$689.60)
   Estimated total: $689.60
Traceback (most recent call last):
  File "/usr/local/lib/python3.11/dist-packages/alpaca/common/rest.py", line 198, in _one_request
    response.raise_for_status()
  File "/usr/local/lib/python3.11/dist-packages/requests
[2026-04-30 07:51:55 UTC] -- QQQ
[2026-04-30 07:51:56 UTC]   bars=61  signal=SELL  price=$661.59  SMA=$629.54  lower=$574.42  upper=$684.67
[2026-04-30 07:51:56 UTC]   SKIP SELL: no position.
[2026-04-30 07:51:56 UTC] === Scan cycle complete ===

[2026-04-30 07:56:41 UTC] === Mean-Reversion scan cycle start ===
[2026-04-30 07:56:42 UTC] Equity: $99,997.13  |  Buying power: $198,592.90
[2026-04-30 07:56:42 UTC] Open positions: {'AAPL': 1.0, 'MSFT': 1.0, 'SPY': 1.0}
[2026-04-30 07:56:42 UTC] Watchlist (10): ['AAPL', 'MSFT', 'NVDA', 'AMD', 'TSLA', 'META', 'GOOGL', 'AMZN', 'SPY', 'QQQ']
[2026-04-30 07:56:42 UTC] -- AAPL
[2026-04-30 07:56:43 UTC]   bars=61  signal=SELL  price=$270.15  SMA=$264.34  lower=$251.50  upper=$277.17
[2026-04-30 07:56:43 UTC]   → SELLING 1 shares @ ~$270.15
[2026-04-30 07:56:45 UTC]   ORDER SELL 1x AAPL: 📋 Order Summary:
   SELL 1 AAPL @ MARKET (~$254.12)
   Estimated total: $254.12
Traceback (most recent call last):
  File "/usr/local/lib/python3.11/dist-packages/alpaca/common/rest.py", line 198, in _one_request
    response.raise_for_status()
  File "/usr/local/lib/python3.11/dist-packages/request
[2026-04-30 07:56:45 UTC] -- MSFT
[2026-04-30 07:56:46 UTC]   bars=61  signal=SELL  price=$424.80  SMA=$401.61  lower=$353.43  upper=$449.79
[2026-04-30 07:56:46 UTC]   → SELLING 1 shares @ ~$424.80
[2026-04-30 07:56:48 UTC]   ORDER SELL 1x MSFT: 📋 Order Summary:
   SELL 1 MSFT @ MARKET (~$400.00)
   Estimated total: $400.00
Traceback (most recent call last):
  File "/usr/local/lib/python3.11/dist-packages/alpaca/common/rest.py", line 198, in _one_request
    response.raise_for_status()
  File "/usr/local/lib/python3.11/dist-packages/request
[2026-04-30 07:56:48 UTC] -- NVDA
[2026-04-30 07:56:49 UTC]   bars=61  signal=SELL  price=$209.35  SMA=$194.96  lower=$170.35  upper=$219.57
[2026-04-30 07:56:49 UTC]   SKIP SELL: no position.
[2026-04-30 07:56:49 UTC] -- AMD
[2026-04-30 07:56:50 UTC]   bars=61  signal=SELL  price=$337.10  SMA=$270.52  lower=$186.26  upper=$354.78
[2026-04-30 07:56:50 UTC]   SKIP SELL: no position.
[2026-04-30 07:56:50 UTC] -- TSLA
[2026-04-30 07:56:50 UTC]   bars=61  signal=SELL  price=$372.80  SMA=$371.03  lower=$335.99  upper=$406.06
[2026-04-30 07:56:50 UTC]   SKIP SELL: no position.
[2026-04-30 07:56:50 UTC] -- META
[2026-04-30 07:56:51 UTC]   bars=61  signal=SELL  price=$669.47  SMA=$643.72  lower=$565.53  upper=$721.91
[2026-04-30 07:56:51 UTC]   SKIP SELL: no position.
[2026-04-30 07:56:51 UTC] -- GOOGL
[2026-04-30 07:56:52 UTC]   bars=61  signal=SELL  price=$350.27  SMA=$328.17  lower=$293.31  upper=$363.03
[2026-04-30 07:56:52 UTC]   SKIP SELL: no position.
[2026-04-30 07:56:52 UTC] -- AMZN
[2026-04-30 07:56:52 UTC]   bars=61  signal=SELL  price=$263.22  SMA=$241.72  lower=$205.72  upper=$277.72
[2026-04-30 07:56:52 UTC]   SKIP SELL: no position.
[2026-04-30 07:56:52 UTC] -- SPY
[2026-04-30 07:56:53 UTC]   bars=61  signal=SELL  price=$711.59  SMA=$692.03  lower=$650.15  upper=$733.92
[2026-04-30 07:56:53 UTC]   → SELLING 1 shares @ ~$711.59
[2026-04-30 07:56:55 UTC]   ORDER SELL 1x SPY: 📋 Order Summary:
   SELL 1 SPY @ MARKET (~$689.60)
   Estimated total: $689.60
Traceback (most recent call last):
  File "/usr/local/lib/python3.11/dist-packages/alpaca/common/rest.py", line 198, in _one_request
    response.raise_for_status()
  File "/usr/local/lib/python3.11/dist-packages/requests
[2026-04-30 07:56:55 UTC] -- QQQ
[2026-04-30 07:56:56 UTC]   bars=61  signal=SELL  price=$661.59  SMA=$629.54  lower=$574.42  upper=$684.67
[2026-04-30 07:56:56 UTC]   SKIP SELL: no position.
[2026-04-30 07:56:56 UTC] === Scan cycle complete ===

[2026-04-30 08:01:49 UTC] === Mean-Reversion scan cycle start ===
[2026-04-30 08:01:50 UTC] Equity: $99,998.04  |  Buying power: $198,593.81
[2026-04-30 08:01:51 UTC] Open positions: {'AAPL': 1.0, 'MSFT': 1.0, 'SPY': 1.0}
[2026-04-30 08:01:51 UTC] Watchlist (10): ['AAPL', 'MSFT', 'NVDA', 'AMD', 'TSLA', 'META', 'GOOGL', 'AMZN', 'SPY', 'QQQ']
[2026-04-30 08:01:51 UTC] -- AAPL
[2026-04-30 08:01:51 UTC]   bars=61  signal=SELL  price=$270.15  SMA=$264.34  lower=$251.50  upper=$277.17
[2026-04-30 08:01:51 UTC]   → SELLING 1 shares @ ~$270.15
[2026-04-30 08:01:53 UTC]   ORDER SELL 1x AAPL: 📋 Order Summary:
   SELL 1 AAPL @ MARKET (~$254.12)
   Estimated total: $254.12
Traceback (most recent call last):
  File "/usr/local/lib/python3.11/dist-packages/alpaca/common/rest.py", line 198, in _one_request
    response.raise_for_status()
  File "/usr/local/lib/python3.11/dist-packages/request
[2026-04-30 08:01:53 UTC] -- MSFT
[2026-04-30 08:01:54 UTC]   bars=61  signal=SELL  price=$424.80  SMA=$401.61  lower=$353.43  upper=$449.79
[2026-04-30 08:01:54 UTC]   → SELLING 1 shares @ ~$424.80
[2026-04-30 08:01:56 UTC]   ORDER SELL 1x MSFT: 📋 Order Summary:
   SELL 1 MSFT @ MARKET (~$400.00)
   Estimated total: $400.00
Traceback (most recent call last):
  File "/usr/local/lib/python3.11/dist-packages/alpaca/common/rest.py", line 198, in _one_request
    response.raise_for_status()
  File "/usr/local/lib/python3.11/dist-packages/request
[2026-04-30 08:01:56 UTC] -- NVDA
[2026-04-30 08:01:57 UTC]   bars=61  signal=SELL  price=$209.35  SMA=$194.96  lower=$170.35  upper=$219.57
[2026-04-30 08:01:57 UTC]   SKIP SELL: no position.
[2026-04-30 08:01:57 UTC] -- AMD
[2026-04-30 08:01:57 UTC]   bars=61  signal=SELL  price=$337.10  SMA=$270.52  lower=$186.26  upper=$354.78
[2026-04-30 08:01:57 UTC]   SKIP SELL: no position.
[2026-04-30 08:01:57 UTC] -- TSLA
[2026-04-30 08:01:58 UTC]   bars=61  signal=SELL  price=$372.80  SMA=$371.03  lower=$335.99  upper=$406.06
[2026-04-30 08:01:58 UTC]   SKIP SELL: no position.
[2026-04-30 08:01:58 UTC] -- META
[2026-04-30 08:01:59 UTC]   bars=61  signal=SELL  price=$669.47  SMA=$643.72  lower=$565.53  upper=$721.91
[2026-04-30 08:01:59 UTC]   SKIP SELL: no position.
[2026-04-30 08:01:59 UTC] -- GOOGL
[2026-04-30 08:01:59 UTC]   bars=61  signal=SELL  price=$350.27  SMA=$328.17  lower=$293.31  upper=$363.03
[2026-04-30 08:02:00 UTC]   SKIP SELL: no position.
[2026-04-30 08:02:00 UTC] -- AMZN
[2026-04-30 08:02:00 UTC]   bars=61  signal=SELL  price=$263.22  SMA=$241.72  lower=$205.72  upper=$277.72
[2026-04-30 08:02:00 UTC]   SKIP SELL: no position.
[2026-04-30 08:02:00 UTC] -- SPY
[2026-04-30 08:02:01 UTC]   bars=61  signal=SELL  price=$711.59  SMA=$692.03  lower=$650.15  upper=$733.92
[2026-04-30 08:02:01 UTC]   → SELLING 1 shares @ ~$711.59
[2026-04-30 08:02:03 UTC]   ORDER SELL 1x SPY: 📋 Order Summary:
   SELL 1 SPY @ MARKET (~$689.60)
   Estimated total: $689.60
Traceback (most recent call last):
  File "/usr/local/lib/python3.11/dist-packages/alpaca/common/rest.py", line 198, in _one_request
    response.raise_for_status()
  File "/usr/local/lib/python3.11/dist-packages/requests
[2026-04-30 08:02:03 UTC] -- QQQ
[2026-04-30 08:02:04 UTC]   bars=61  signal=SELL  price=$661.59  SMA=$629.54  lower=$574.42  upper=$684.67
[2026-04-30 08:02:04 UTC]   SKIP SELL: no position.
[2026-04-30 08:02:04 UTC] === Scan cycle complete ===

[2026-04-30 08:06:44 UTC] === Mean-Reversion scan cycle start ===
[2026-04-30 08:06:45 UTC] Equity: $99,998.35  |  Buying power: $198,594.12
[2026-04-30 08:06:45 UTC] Open positions: {'AAPL': 1.0, 'MSFT': 1.0, 'SPY': 1.0}
[2026-04-30 08:06:45 UTC] Watchlist (10): ['AAPL', 'MSFT', 'NVDA', 'AMD', 'TSLA', 'META', 'GOOGL', 'AMZN', 'SPY', 'QQQ']
[2026-04-30 08:06:45 UTC] -- AAPL
[2026-04-30 08:06:46 UTC]   bars=61  signal=SELL  price=$270.15  SMA=$264.34  lower=$251.50  upper=$277.17
[2026-04-30 08:06:46 UTC]   → SELLING 1 shares @ ~$270.15
[2026-04-30 08:06:49 UTC]   ORDER SELL 1x AAPL: 📋 Order Summary:
   SELL 1 AAPL @ MARKET (~$254.12)
   Estimated total: $254.12
Traceback (most recent call last):
  File "/usr/local/lib/python3.11/dist-packages/alpaca/common/rest.py", line 198, in _one_request
    response.raise_for_status()
  File "/usr/local/lib/python3.11/dist-packages/request
[2026-04-30 08:06:49 UTC] -- MSFT
[2026-04-30 08:06:49 UTC]   bars=61  signal=SELL  price=$424.80  SMA=$401.61  lower=$353.43  upper=$449.79
[2026-04-30 08:06:49 UTC]   → SELLING 1 shares @ ~$424.80
[2026-04-30 08:06:51 UTC]   ORDER SELL 1x MSFT: 📋 Order Summary:
   SELL 1 MSFT @ MARKET (~$400.00)
   Estimated total: $400.00
Traceback (most recent call last):
  File "/usr/local/lib/python3.11/dist-packages/alpaca/common/rest.py", line 198, in _one_request
    response.raise_for_status()
  File "/usr/local/lib/python3.11/dist-packages/request
[2026-04-30 08:06:51 UTC] -- NVDA
[2026-04-30 08:06:52 UTC]   bars=61  signal=SELL  price=$209.35  SMA=$194.96  lower=$170.35  upper=$219.57
[2026-04-30 08:06:52 UTC]   SKIP SELL: no position.
[2026-04-30 08:06:52 UTC] -- AMD
[2026-04-30 08:06:53 UTC]   bars=61  signal=SELL  price=$337.10  SMA=$270.52  lower=$186.26  upper=$354.78
[2026-04-30 08:06:53 UTC]   SKIP SELL: no position.
[2026-04-30 08:06:53 UTC] -- TSLA
[2026-04-30 08:06:53 UTC]   bars=61  signal=SELL  price=$372.80  SMA=$371.03  lower=$335.99  upper=$406.06
[2026-04-30 08:06:53 UTC]   SKIP SELL: no position.
[2026-04-30 08:06:53 UTC] -- META
[2026-04-30 08:06:54 UTC]   bars=61  signal=SELL  price=$669.47  SMA=$643.72  lower=$565.53  upper=$721.91
[2026-04-30 08:06:54 UTC]   SKIP SELL: no position.
[2026-04-30 08:06:54 UTC] -- GOOGL
[2026-04-30 08:06:55 UTC]   bars=61  signal=SELL  price=$350.27  SMA=$328.17  lower=$293.31  upper=$363.03
[2026-04-30 08:06:55 UTC]   SKIP SELL: no position.
[2026-04-30 08:06:55 UTC] -- AMZN
[2026-04-30 08:06:56 UTC]   bars=61  signal=SELL  price=$263.22  SMA=$241.72  lower=$205.72  upper=$277.72
[2026-04-30 08:06:56 UTC]   SKIP SELL: no position.
[2026-04-30 08:06:56 UTC] -- SPY
[2026-04-30 08:06:56 UTC]   bars=61  signal=SELL  price=$711.59  SMA=$692.03  lower=$650.15  upper=$733.92
[2026-04-30 08:06:56 UTC]   → SELLING 1 shares @ ~$711.59
[2026-04-30 08:06:59 UTC]   ORDER SELL 1x SPY: 📋 Order Summary:
   SELL 1 SPY @ MARKET (~$689.60)
   Estimated total: $689.60
Traceback (most recent call last):
  File "/usr/local/lib/python3.11/dist-packages/alpaca/common/rest.py", line 198, in _one_request
    response.raise_for_status()
  File "/usr/local/lib/python3.11/dist-packages/requests
[2026-04-30 08:06:59 UTC] -- QQQ
[2026-04-30 08:06:59 UTC]   bars=61  signal=SELL  price=$661.59  SMA=$629.54  lower=$574.42  upper=$684.67
[2026-04-30 08:06:59 UTC]   SKIP SELL: no position.
[2026-04-30 08:06:59 UTC] === Scan cycle complete ===

[2026-04-30 08:13:46 UTC] === Mean-Reversion scan cycle start ===
[2026-04-30 08:13:48 UTC] Equity: $99,997.31  |  Buying power: $198,593.08
[2026-04-30 08:13:48 UTC] Open positions: {'AAPL': 1.0, 'MSFT': 1.0, 'SPY': 1.0}
[2026-04-30 08:13:48 UTC] Watchlist (10): ['AAPL', 'MSFT', 'NVDA', 'AMD', 'TSLA', 'META', 'GOOGL', 'AMZN', 'SPY', 'QQQ']
[2026-04-30 08:13:48 UTC] -- AAPL
[2026-04-30 08:13:49 UTC]   bars=61  signal=SELL  price=$270.15  SMA=$264.34  lower=$251.50  upper=$277.17
[2026-04-30 08:13:49 UTC]   → SELLING 1 shares @ ~$270.15
[2026-04-30 08:13:51 UTC]   ORDER SELL 1x AAPL: 📋 Order Summary:
   SELL 1 AAPL @ MARKET (~$254.12)
   Estimated total: $254.12
Traceback (most recent call last):
  File "/usr/local/lib/python3.11/dist-packages/alpaca/common/rest.py", line 198, in _one_request
    response.raise_for_status()
  File "/usr/local/lib/python3.11/dist-packages/request
[2026-04-30 08:13:51 UTC] -- MSFT
[2026-04-30 08:13:52 UTC]   bars=61  signal=SELL  price=$424.80  SMA=$401.61  lower=$353.43  upper=$449.79
[2026-04-30 08:13:52 UTC]   → SELLING 1 shares @ ~$424.80
[2026-04-30 08:13:54 UTC]   ORDER SELL 1x MSFT: 📋 Order Summary:
   SELL 1 MSFT @ MARKET (~$400.00)
   Estimated total: $400.00
Traceback (most recent call last):
  File "/usr/local/lib/python3.11/dist-packages/alpaca/common/rest.py", line 198, in _one_request
    response.raise_for_status()
  File "/usr/local/lib/python3.11/dist-packages/request
[2026-04-30 08:13:54 UTC] -- NVDA
[2026-04-30 08:13:54 UTC]   bars=61  signal=SELL  price=$209.35  SMA=$194.96  lower=$170.35  upper=$219.57
[2026-04-30 08:13:54 UTC]   SKIP SELL: no position.
[2026-04-30 08:13:54 UTC] -- AMD
[2026-04-30 08:13:55 UTC]   bars=61  signal=SELL  price=$337.10  SMA=$270.52  lower=$186.26  upper=$354.78
[2026-04-30 08:13:55 UTC]   SKIP SELL: no position.
[2026-04-30 08:13:55 UTC] -- TSLA
[2026-04-30 08:13:56 UTC]   bars=61  signal=SELL  price=$372.80  SMA=$371.03  lower=$335.99  upper=$406.06
[2026-04-30 08:13:56 UTC]   SKIP SELL: no position.
[2026-04-30 08:13:56 UTC] -- META
[2026-04-30 08:13:56 UTC]   bars=61  signal=SELL  price=$669.47  SMA=$643.72  lower=$565.53  upper=$721.91
[2026-04-30 08:13:56 UTC]   SKIP SELL: no position.
[2026-04-30 08:13:57 UTC] -- GOOGL
[2026-04-30 08:13:57 UTC]   bars=61  signal=SELL  price=$350.27  SMA=$328.17  lower=$293.31  upper=$363.03
[2026-04-30 08:13:57 UTC]   SKIP SELL: no position.
[2026-04-30 08:13:57 UTC] -- AMZN
[2026-04-30 08:13:58 UTC]   bars=61  signal=SELL  price=$263.22  SMA=$241.72  lower=$205.72  upper=$277.72
[2026-04-30 08:13:58 UTC]   SKIP SELL: no position.
[2026-04-30 08:13:58 UTC] -- SPY
[2026-04-30 08:13:58 UTC]   bars=61  signal=SELL  price=$711.59  SMA=$692.03  lower=$650.15  upper=$733.92
[2026-04-30 08:13:58 UTC]   → SELLING 1 shares @ ~$711.59
[2026-04-30 08:14:01 UTC]   ORDER SELL 1x SPY: 📋 Order Summary:
   SELL 1 SPY @ MARKET (~$689.60)
   Estimated total: $689.60
Traceback (most recent call last):
  File "/usr/local/lib/python3.11/dist-packages/alpaca/common/rest.py", line 198, in _one_request
    response.raise_for_status()
  File "/usr/local/lib/python3.11/dist-packages/requests
[2026-04-30 08:14:01 UTC] -- QQQ
[2026-04-30 08:14:02 UTC]   bars=61  signal=SELL  price=$661.59  SMA=$629.54  lower=$574.42  upper=$684.67
[2026-04-30 08:14:02 UTC]   SKIP SELL: no position.
[2026-04-30 08:14:02 UTC] === Scan cycle complete ===

[2026-04-30 08:16:46 UTC] === Mean-Reversion scan cycle start ===
[2026-04-30 08:16:47 UTC] Equity: $99,997.03  |  Buying power: $198,592.80
[2026-04-30 08:16:48 UTC] Open positions: {'AAPL': 1.0, 'MSFT': 1.0, 'SPY': 1.0}
[2026-04-30 08:16:48 UTC] Watchlist (10): ['AAPL', 'MSFT', 'NVDA', 'AMD', 'TSLA', 'META', 'GOOGL', 'AMZN', 'SPY', 'QQQ']
[2026-04-30 08:16:48 UTC] -- AAPL
[2026-04-30 08:16:48 UTC]   bars=61  signal=SELL  price=$270.15  SMA=$264.34  lower=$251.50  upper=$277.17
[2026-04-30 08:16:48 UTC]   → SELLING 1 shares @ ~$270.15
[2026-04-30 08:16:51 UTC]   ORDER SELL 1x AAPL: 📋 Order Summary:
   SELL 1 AAPL @ MARKET (~$254.12)
   Estimated total: $254.12
Traceback (most recent call last):
  File "/usr/local/lib/python3.11/dist-packages/alpaca/common/rest.py", line 198, in _one_request
    response.raise_for_status()
  File "/usr/local/lib/python3.11/dist-packages/request
[2026-04-30 08:16:51 UTC] -- MSFT
[2026-04-30 08:16:52 UTC]   bars=61  signal=SELL  price=$424.80  SMA=$401.61  lower=$353.43  upper=$449.79
[2026-04-30 08:16:52 UTC]   → SELLING 1 shares @ ~$424.80
[2026-04-30 08:16:54 UTC]   ORDER SELL 1x MSFT: 📋 Order Summary:
   SELL 1 MSFT @ MARKET (~$400.00)
   Estimated total: $400.00
Traceback (most recent call last):
  File "/usr/local/lib/python3.11/dist-packages/alpaca/common/rest.py", line 198, in _one_request
    response.raise_for_status()
  File "/usr/local/lib/python3.11/dist-packages/request
[2026-04-30 08:16:54 UTC] -- NVDA
[2026-04-30 08:16:55 UTC]   bars=61  signal=SELL  price=$209.35  SMA=$194.96  lower=$170.35  upper=$219.57
[2026-04-30 08:16:55 UTC]   SKIP SELL: no position.
[2026-04-30 08:16:55 UTC] -- AMD
[2026-04-30 08:16:56 UTC]   bars=61  signal=SELL  price=$337.10  SMA=$270.52  lower=$186.26  upper=$354.78
[2026-04-30 08:16:56 UTC]   SKIP SELL: no position.
[2026-04-30 08:16:56 UTC] -- TSLA
[2026-04-30 08:16:56 UTC]   bars=61  signal=SELL  price=$372.80  SMA=$371.03  lower=$335.99  upper=$406.06
[2026-04-30 08:16:56 UTC]   SKIP SELL: no position.
[2026-04-30 08:16:56 UTC] -- META
[2026-04-30 08:16:57 UTC]   bars=61  signal=SELL  price=$669.47  SMA=$643.72  lower=$565.53  upper=$721.91
[2026-04-30 08:16:57 UTC]   SKIP SELL: no position.
[2026-04-30 08:16:57 UTC] -- GOOGL
[2026-04-30 08:16:58 UTC]   bars=61  signal=SELL  price=$350.27  SMA=$328.17  lower=$293.31  upper=$363.03
[2026-04-30 08:16:58 UTC]   SKIP SELL: no position.
[2026-04-30 08:16:58 UTC] -- AMZN
[2026-04-30 08:16:58 UTC]   bars=61  signal=SELL  price=$263.22  SMA=$241.72  lower=$205.72  upper=$277.72
[2026-04-30 08:16:58 UTC]   SKIP SELL: no position.
[2026-04-30 08:16:58 UTC] -- SPY
[2026-04-30 08:16:59 UTC]   bars=61  signal=SELL  price=$711.59  SMA=$692.03  lower=$650.15  upper=$733.92
[2026-04-30 08:16:59 UTC]   → SELLING 1 shares @ ~$711.59
[2026-04-30 08:17:01 UTC]   ORDER SELL 1x SPY: 📋 Order Summary:
   SELL 1 SPY @ MARKET (~$689.60)
   Estimated total: $689.60
Traceback (most recent call last):
  File "/usr/local/lib/python3.11/dist-packages/alpaca/common/rest.py", line 198, in _one_request
    response.raise_for_status()
  File "/usr/local/lib/python3.11/dist-packages/requests
[2026-04-30 08:17:01 UTC] -- QQQ
[2026-04-30 08:17:02 UTC]   bars=61  signal=SELL  price=$661.59  SMA=$629.54  lower=$574.42  upper=$684.67
[2026-04-30 08:17:02 UTC]   SKIP SELL: no position.
[2026-04-30 08:17:02 UTC] === Scan cycle complete ===

[2026-04-30 08:21:42 UTC] === Mean-Reversion scan cycle start ===
[2026-04-30 08:21:43 UTC] Equity: $99,995.78  |  Buying power: $198,591.55
[2026-04-30 08:21:44 UTC] Open positions: {'AAPL': 1.0, 'MSFT': 1.0, 'SPY': 1.0}
[2026-04-30 08:21:44 UTC] Watchlist (10): ['AAPL', 'MSFT', 'NVDA', 'AMD', 'TSLA', 'META', 'GOOGL', 'AMZN', 'SPY', 'QQQ']
[2026-04-30 08:21:44 UTC] -- AAPL
[2026-04-30 08:21:44 UTC]   bars=61  signal=SELL  price=$270.15  SMA=$264.34  lower=$251.50  upper=$277.17
[2026-04-30 08:21:44 UTC]   → SELLING 1 shares @ ~$270.15
[2026-04-30 08:21:47 UTC]   ORDER SELL 1x AAPL: 📋 Order Summary:
   SELL 1 AAPL @ MARKET (~$254.12)
   Estimated total: $254.12
Traceback (most recent call last):
  File "/usr/local/lib/python3.11/dist-packages/alpaca/common/rest.py", line 198, in _one_request
    response.raise_for_status()
  File "/usr/local/lib/python3.11/dist-packages/request
[2026-04-30 08:21:47 UTC] -- MSFT
[2026-04-30 08:21:47 UTC]   bars=61  signal=SELL  price=$424.80  SMA=$401.61  lower=$353.43  upper=$449.79
[2026-04-30 08:21:47 UTC]   → SELLING 1 shares @ ~$424.80
[2026-04-30 08:21:50 UTC]   ORDER SELL 1x MSFT: 📋 Order Summary:
   SELL 1 MSFT @ MARKET (~$400.00)
   Estimated total: $400.00
Traceback (most recent call last):
  File "/usr/local/lib/python3.11/dist-packages/alpaca/common/rest.py", line 198, in _one_request
    response.raise_for_status()
  File "/usr/local/lib/python3.11/dist-packages/request
[2026-04-30 08:21:50 UTC] -- NVDA
[2026-04-30 08:21:50 UTC]   bars=61  signal=SELL  price=$209.35  SMA=$194.96  lower=$170.35  upper=$219.57
[2026-04-30 08:21:50 UTC]   SKIP SELL: no position.
[2026-04-30 08:21:50 UTC] -- AMD
[2026-04-30 08:21:51 UTC]   bars=61  signal=SELL  price=$337.10  SMA=$270.52  lower=$186.26  upper=$354.78
[2026-04-30 08:21:51 UTC]   SKIP SELL: no position.
[2026-04-30 08:21:51 UTC] -- TSLA
[2026-04-30 08:21:51 UTC]   bars=61  signal=SELL  price=$372.80  SMA=$371.03  lower=$335.99  upper=$406.06
[2026-04-30 08:21:51 UTC]   SKIP SELL: no position.
[2026-04-30 08:21:51 UTC] -- META
[2026-04-30 08:21:52 UTC]   bars=61  signal=SELL  price=$669.47  SMA=$643.72  lower=$565.53  upper=$721.91
[2026-04-30 08:21:52 UTC]   SKIP SELL: no position.
[2026-04-30 08:21:52 UTC] -- GOOGL
[2026-04-30 08:21:53 UTC]   bars=61  signal=SELL  price=$350.27  SMA=$328.17  lower=$293.31  upper=$363.03
[2026-04-30 08:21:53 UTC]   SKIP SELL: no position.
[2026-04-30 08:21:53 UTC] -- AMZN
[2026-04-30 08:21:53 UTC]   bars=61  signal=SELL  price=$263.22  SMA=$241.72  lower=$205.72  upper=$277.72
[2026-04-30 08:21:54 UTC]   SKIP SELL: no position.
[2026-04-30 08:21:54 UTC] -- SPY
[2026-04-30 08:21:54 UTC]   bars=61  signal=SELL  price=$711.59  SMA=$692.03  lower=$650.15  upper=$733.92
[2026-04-30 08:21:54 UTC]   → SELLING 1 shares @ ~$711.59
[2026-04-30 08:21:57 UTC]   ORDER SELL 1x SPY: 📋 Order Summary:
   SELL 1 SPY @ MARKET (~$689.60)
   Estimated total: $689.60
Traceback (most recent call last):
  File "/usr/local/lib/python3.11/dist-packages/alpaca/common/rest.py", line 198, in _one_request
    response.raise_for_status()
  File "/usr/local/lib/python3.11/dist-packages/requests
[2026-04-30 08:21:57 UTC] -- QQQ
[2026-04-30 08:21:57 UTC]   bars=61  signal=SELL  price=$661.59  SMA=$629.54  lower=$574.42  upper=$684.67
[2026-04-30 08:21:57 UTC]   SKIP SELL: no position.
[2026-04-30 08:21:57 UTC] === Scan cycle complete ===

[2026-04-30 08:26:44 UTC] === Mean-Reversion scan cycle start ===
[2026-04-30 08:26:45 UTC] Equity: $99,996.15  |  Buying power: $198,591.92
[2026-04-30 08:26:46 UTC] Open positions: {'AAPL': 1.0, 'MSFT': 1.0, 'SPY': 1.0}
[2026-04-30 08:26:46 UTC] Watchlist (10): ['AAPL', 'MSFT', 'NVDA', 'AMD', 'TSLA', 'META', 'GOOGL', 'AMZN', 'SPY', 'QQQ']
[2026-04-30 08:26:46 UTC] -- AAPL
[2026-04-30 08:26:46 UTC]   bars=61  signal=SELL  price=$270.15  SMA=$264.34  lower=$251.50  upper=$277.17
[2026-04-30 08:26:46 UTC]   → SELLING 1 shares @ ~$270.15
[2026-04-30 08:26:49 UTC]   ORDER SELL 1x AAPL: 📋 Order Summary:
   SELL 1 AAPL @ MARKET (~$254.12)
   Estimated total: $254.12
Traceback (most recent call last):
  File "/usr/local/lib/python3.11/dist-packages/alpaca/common/rest.py", line 198, in _one_request
    response.raise_for_status()
  File "/usr/local/lib/python3.11/dist-packages/request
[2026-04-30 08:26:49 UTC] -- MSFT
[2026-04-30 08:26:50 UTC]   bars=61  signal=SELL  price=$424.80  SMA=$401.61  lower=$353.43  upper=$449.79
[2026-04-30 08:26:50 UTC]   → SELLING 1 shares @ ~$424.80
[2026-04-30 08:26:52 UTC]   ORDER SELL 1x MSFT: 📋 Order Summary:
   SELL 1 MSFT @ MARKET (~$400.00)
   Estimated total: $400.00
Traceback (most recent call last):
  File "/usr/local/lib/python3.11/dist-packages/alpaca/common/rest.py", line 198, in _one_request
    response.raise_for_status()
  File "/usr/local/lib/python3.11/dist-packages/request
[2026-04-30 08:26:52 UTC] -- NVDA
[2026-04-30 08:26:53 UTC]   bars=61  signal=SELL  price=$209.35  SMA=$194.96  lower=$170.35  upper=$219.57
[2026-04-30 08:26:53 UTC]   SKIP SELL: no position.
[2026-04-30 08:26:53 UTC] -- AMD
[2026-04-30 08:26:53 UTC]   bars=61  signal=SELL  price=$337.10  SMA=$270.52  lower=$186.26  upper=$354.78
[2026-04-30 08:26:53 UTC]   SKIP SELL: no position.
[2026-04-30 08:26:53 UTC] -- TSLA
[2026-04-30 08:26:54 UTC]   bars=61  signal=SELL  price=$372.80  SMA=$371.03  lower=$335.99  upper=$406.06
[2026-04-30 08:26:54 UTC]   SKIP SELL: no position.
[2026-04-30 08:26:54 UTC] -- META
[2026-04-30 08:26:55 UTC]   bars=61  signal=SELL  price=$669.47  SMA=$643.72  lower=$565.53  upper=$721.91
[2026-04-30 08:26:55 UTC]   SKIP SELL: no position.
[2026-04-30 08:26:55 UTC] -- GOOGL
[2026-04-30 08:26:55 UTC]   bars=61  signal=SELL  price=$350.27  SMA=$328.17  lower=$293.31  upper=$363.03
[2026-04-30 08:26:55 UTC]   SKIP SELL: no position.
[2026-04-30 08:26:55 UTC] -- AMZN
[2026-04-30 08:26:56 UTC]   bars=61  signal=SELL  price=$263.22  SMA=$241.72  lower=$205.72  upper=$277.72
[2026-04-30 08:26:56 UTC]   SKIP SELL: no position.
[2026-04-30 08:26:56 UTC] -- SPY
[2026-04-30 08:26:56 UTC]   bars=61  signal=SELL  price=$711.59  SMA=$692.03  lower=$650.15  upper=$733.92
[2026-04-30 08:26:56 UTC]   → SELLING 1 shares @ ~$711.59
[2026-04-30 08:26:59 UTC]   ORDER SELL 1x SPY: 📋 Order Summary:
   SELL 1 SPY @ MARKET (~$689.60)
   Estimated total: $689.60
Traceback (most recent call last):
  File "/usr/local/lib/python3.11/dist-packages/alpaca/common/rest.py", line 198, in _one_request
    response.raise_for_status()
  File "/usr/local/lib/python3.11/dist-packages/requests
[2026-04-30 08:26:59 UTC] -- QQQ
[2026-04-30 08:26:59 UTC]   bars=61  signal=SELL  price=$661.59  SMA=$629.54  lower=$574.42  upper=$684.67
[2026-04-30 08:26:59 UTC]   SKIP SELL: no position.
[2026-04-30 08:26:59 UTC] === Scan cycle complete ===

[2026-04-30 08:33:44 UTC] === Mean-Reversion scan cycle start ===
[2026-04-30 08:33:45 UTC] Equity: $99,995.95  |  Buying power: $198,591.72
[2026-04-30 08:33:45 UTC] Open positions: {'AAPL': 1.0, 'MSFT': 1.0, 'SPY': 1.0}
[2026-04-30 08:33:45 UTC] Watchlist (10): ['AAPL', 'MSFT', 'NVDA', 'AMD', 'TSLA', 'META', 'GOOGL', 'AMZN', 'SPY', 'QQQ']
[2026-04-30 08:33:45 UTC] -- AAPL
[2026-04-30 08:33:46 UTC]   bars=61  signal=SELL  price=$270.15  SMA=$264.34  lower=$251.50  upper=$277.17
[2026-04-30 08:33:46 UTC]   → SELLING 1 shares @ ~$270.15
[2026-04-30 08:33:49 UTC]   ORDER SELL 1x AAPL: 📋 Order Summary:
   SELL 1 AAPL @ MARKET (~$254.12)
   Estimated total: $254.12
Traceback (most recent call last):
  File "/usr/local/lib/python3.11/dist-packages/alpaca/common/rest.py", line 198, in _one_request
    response.raise_for_status()
  File "/usr/local/lib/python3.11/dist-packages/request
[2026-04-30 08:33:49 UTC] -- MSFT
[2026-04-30 08:33:49 UTC]   bars=61  signal=SELL  price=$424.80  SMA=$401.61  lower=$353.43  upper=$449.79
[2026-04-30 08:33:49 UTC]   → SELLING 1 shares @ ~$424.80
[2026-04-30 08:33:51 UTC]   ORDER SELL 1x MSFT: 📋 Order Summary:
   SELL 1 MSFT @ MARKET (~$400.00)
   Estimated total: $400.00
Traceback (most recent call last):
  File "/usr/local/lib/python3.11/dist-packages/alpaca/common/rest.py", line 198, in _one_request
    response.raise_for_status()
  File "/usr/local/lib/python3.11/dist-packages/request
[2026-04-30 08:33:51 UTC] -- NVDA
[2026-04-30 08:33:52 UTC]   bars=61  signal=SELL  price=$209.35  SMA=$194.96  lower=$170.35  upper=$219.57
[2026-04-30 08:33:52 UTC]   SKIP SELL: no position.
[2026-04-30 08:33:52 UTC] -- AMD
[2026-04-30 08:33:52 UTC]   bars=61  signal=SELL  price=$337.10  SMA=$270.52  lower=$186.26  upper=$354.78
[2026-04-30 08:33:52 UTC]   SKIP SELL: no position.
[2026-04-30 08:33:53 UTC] -- TSLA
[2026-04-30 08:33:53 UTC]   bars=61  signal=SELL  price=$372.80  SMA=$371.03  lower=$335.99  upper=$406.06
[2026-04-30 08:33:53 UTC]   SKIP SELL: no position.
[2026-04-30 08:33:53 UTC] -- META
[2026-04-30 08:33:54 UTC]   bars=61  signal=SELL  price=$669.47  SMA=$643.72  lower=$565.53  upper=$721.91
[2026-04-30 08:33:54 UTC]   SKIP SELL: no position.
[2026-04-30 08:33:54 UTC] -- GOOGL
[2026-04-30 08:33:55 UTC]   bars=61  signal=SELL  price=$350.27  SMA=$328.17  lower=$293.31  upper=$363.03
[2026-04-30 08:33:55 UTC]   SKIP SELL: no position.
[2026-04-30 08:33:55 UTC] -- AMZN
[2026-04-30 08:33:55 UTC]   bars=61  signal=SELL  price=$263.22  SMA=$241.72  lower=$205.72  upper=$277.72
[2026-04-30 08:33:55 UTC]   SKIP SELL: no position.
[2026-04-30 08:33:55 UTC] -- SPY
[2026-04-30 08:33:56 UTC]   bars=61  signal=SELL  price=$711.59  SMA=$692.03  lower=$650.15  upper=$733.92
[2026-04-30 08:33:56 UTC]   → SELLING 1 shares @ ~$711.59
[2026-04-30 08:33:58 UTC]   ORDER SELL 1x SPY: 📋 Order Summary:
   SELL 1 SPY @ MARKET (~$689.60)
   Estimated total: $689.60
Traceback (most recent call last):
  File "/usr/local/lib/python3.11/dist-packages/alpaca/common/rest.py", line 198, in _one_request
    response.raise_for_status()
  File "/usr/local/lib/python3.11/dist-packages/requests
[2026-04-30 08:33:58 UTC] -- QQQ
[2026-04-30 08:33:59 UTC]   bars=61  signal=SELL  price=$661.59  SMA=$629.54  lower=$574.42  upper=$684.67
[2026-04-30 08:33:59 UTC]   SKIP SELL: no position.
[2026-04-30 08:33:59 UTC] === Scan cycle complete ===

[2026-04-30 08:36:45 UTC] === Mean-Reversion scan cycle start ===
[2026-04-30 08:36:46 UTC] Equity: $99,994.80  |  Buying power: $198,590.57
[2026-04-30 08:36:46 UTC] Open positions: {'AAPL': 1.0, 'MSFT': 1.0, 'SPY': 1.0}
[2026-04-30 08:36:46 UTC] Watchlist (10): ['AAPL', 'MSFT', 'NVDA', 'AMD', 'TSLA', 'META', 'GOOGL', 'AMZN', 'SPY', 'QQQ']
[2026-04-30 08:36:46 UTC] -- AAPL
[2026-04-30 08:36:47 UTC]   bars=61  signal=SELL  price=$270.15  SMA=$264.34  lower=$251.50  upper=$277.17
[2026-04-30 08:36:47 UTC]   → SELLING 1 shares @ ~$270.15
[2026-04-30 08:36:50 UTC]   ORDER SELL 1x AAPL: 📋 Order Summary:
   SELL 1 AAPL @ MARKET (~$254.12)
   Estimated total: $254.12
Traceback (most recent call last):
  File "/usr/local/lib/python3.11/dist-packages/alpaca/common/rest.py", line 198, in _one_request
    response.raise_for_status()
  File "/usr/local/lib/python3.11/dist-packages/request
[2026-04-30 08:36:50 UTC] -- MSFT
[2026-04-30 08:36:51 UTC]   bars=61  signal=SELL  price=$424.80  SMA=$401.61  lower=$353.43  upper=$449.79
[2026-04-30 08:36:51 UTC]   → SELLING 1 shares @ ~$424.80
[2026-04-30 08:36:53 UTC]   ORDER SELL 1x MSFT: 📋 Order Summary:
   SELL 1 MSFT @ MARKET (~$400.00)
   Estimated total: $400.00
Traceback (most recent call last):
  File "/usr/local/lib/python3.11/dist-packages/alpaca/common/rest.py", line 198, in _one_request
    response.raise_for_status()
  File "/usr/local/lib/python3.11/dist-packages/request
[2026-04-30 08:36:53 UTC] -- NVDA
[2026-04-30 08:36:54 UTC]   bars=61  signal=SELL  price=$209.35  SMA=$194.96  lower=$170.35  upper=$219.57
[2026-04-30 08:36:54 UTC]   SKIP SELL: no position.
[2026-04-30 08:36:54 UTC] -- AMD
[2026-04-30 08:36:54 UTC]   bars=61  signal=SELL  price=$337.10  SMA=$270.52  lower=$186.26  upper=$354.78
[2026-04-30 08:36:54 UTC]   SKIP SELL: no position.
[2026-04-30 08:36:54 UTC] -- TSLA
[2026-04-30 08:36:55 UTC]   bars=61  signal=SELL  price=$372.80  SMA=$371.03  lower=$335.99  upper=$406.06
[2026-04-30 08:36:55 UTC]   SKIP SELL: no position.
[2026-04-30 08:36:55 UTC] -- META
[2026-04-30 08:36:56 UTC]   bars=61  signal=SELL  price=$669.47  SMA=$643.72  lower=$565.53  upper=$721.91
[2026-04-30 08:36:56 UTC]   SKIP SELL: no position.
[2026-04-30 08:36:56 UTC] -- GOOGL
[2026-04-30 08:36:56 UTC]   bars=61  signal=SELL  price=$350.27  SMA=$328.17  lower=$293.31  upper=$363.03
[2026-04-30 08:36:56 UTC]   SKIP SELL: no position.
[2026-04-30 08:36:56 UTC] -- AMZN
[2026-04-30 08:36:57 UTC]   bars=61  signal=SELL  price=$263.22  SMA=$241.72  lower=$205.72  upper=$277.72
[2026-04-30 08:36:57 UTC]   SKIP SELL: no position.
[2026-04-30 08:36:57 UTC] -- SPY
[2026-04-30 08:36:58 UTC]   bars=61  signal=SELL  price=$711.59  SMA=$692.03  lower=$650.15  upper=$733.92
[2026-04-30 08:36:58 UTC]   → SELLING 1 shares @ ~$711.59
[2026-04-30 08:37:00 UTC]   ORDER SELL 1x SPY: 📋 Order Summary:
   SELL 1 SPY @ MARKET (~$689.60)
   Estimated total: $689.60
Traceback (most recent call last):
  File "/usr/local/lib/python3.11/dist-packages/alpaca/common/rest.py", line 198, in _one_request
    response.raise_for_status()
  File "/usr/local/lib/python3.11/dist-packages/requests
[2026-04-30 08:37:00 UTC] -- QQQ
[2026-04-30 08:37:01 UTC]   bars=61  signal=SELL  price=$661.59  SMA=$629.54  lower=$574.42  upper=$684.67
[2026-04-30 08:37:01 UTC]   SKIP SELL: no position.
[2026-04-30 08:37:01 UTC] === Scan cycle complete ===

[2026-04-30 08:41:43 UTC] === Mean-Reversion scan cycle start ===
[2026-04-30 08:41:44 UTC] Equity: $99,995.43  |  Buying power: $198,591.20
[2026-04-30 08:41:44 UTC] Open positions: {'AAPL': 1.0, 'MSFT': 1.0, 'SPY': 1.0}
[2026-04-30 08:41:44 UTC] Watchlist (10): ['AAPL', 'MSFT', 'NVDA', 'AMD', 'TSLA', 'META', 'GOOGL', 'AMZN', 'SPY', 'QQQ']
[2026-04-30 08:41:44 UTC] -- AAPL
[2026-04-30 08:41:45 UTC]   bars=61  signal=SELL  price=$270.15  SMA=$264.34  lower=$251.50  upper=$277.17
[2026-04-30 08:41:45 UTC]   → SELLING 1 shares @ ~$270.15
[2026-04-30 08:41:48 UTC]   ORDER SELL 1x AAPL: 📋 Order Summary:
   SELL 1 AAPL @ MARKET (~$254.12)
   Estimated total: $254.12
Traceback (most recent call last):
  File "/usr/local/lib/python3.11/dist-packages/alpaca/common/rest.py", line 198, in _one_request
    response.raise_for_status()
  File "/usr/local/lib/python3.11/dist-packages/request
[2026-04-30 08:41:48 UTC] -- MSFT
[2026-04-30 08:41:48 UTC]   bars=61  signal=SELL  price=$424.80  SMA=$401.61  lower=$353.43  upper=$449.79
[2026-04-30 08:41:48 UTC]   → SELLING 1 shares @ ~$424.80
[2026-04-30 08:41:51 UTC]   ORDER SELL 1x MSFT: 📋 Order Summary:
   SELL 1 MSFT @ MARKET (~$400.00)
   Estimated total: $400.00
Traceback (most recent call last):
  File "/usr/local/lib/python3.11/dist-packages/alpaca/common/rest.py", line 198, in _one_request
    response.raise_for_status()
  File "/usr/local/lib/python3.11/dist-packages/request
[2026-04-30 08:41:51 UTC] -- NVDA
[2026-04-30 08:41:51 UTC]   bars=61  signal=SELL  price=$209.35  SMA=$194.96  lower=$170.35  upper=$219.57
[2026-04-30 08:41:51 UTC]   SKIP SELL: no position.
[2026-04-30 08:41:51 UTC] -- AMD
[2026-04-30 08:41:52 UTC]   bars=61  signal=SELL  price=$337.10  SMA=$270.52  lower=$186.26  upper=$354.78
[2026-04-30 08:41:52 UTC]   SKIP SELL: no position.
[2026-04-30 08:41:52 UTC] -- TSLA
[2026-04-30 08:41:53 UTC]   bars=61  signal=SELL  price=$372.80  SMA=$371.03  lower=$335.99  upper=$406.06
[2026-04-30 08:41:53 UTC]   SKIP SELL: no position.
[2026-04-30 08:41:53 UTC] -- META
[2026-04-30 08:41:53 UTC]   bars=61  signal=SELL  price=$669.47  SMA=$643.72  lower=$565.53  upper=$721.91
[2026-04-30 08:41:53 UTC]   SKIP SELL: no position.
[2026-04-30 08:41:53 UTC] -- GOOGL
[2026-04-30 08:41:54 UTC]   bars=61  signal=SELL  price=$350.27  SMA=$328.17  lower=$293.31  upper=$363.03
[2026-04-30 08:41:54 UTC]   SKIP SELL: no position.
[2026-04-30 08:41:54 UTC] -- AMZN
[2026-04-30 08:41:55 UTC]   bars=61  signal=SELL  price=$263.22  SMA=$241.72  lower=$205.72  upper=$277.72
[2026-04-30 08:41:55 UTC]   SKIP SELL: no position.
[2026-04-30 08:41:55 UTC] -- SPY
[2026-04-30 08:41:55 UTC]   bars=61  signal=SELL  price=$711.59  SMA=$692.03  lower=$650.15  upper=$733.92
[2026-04-30 08:41:55 UTC]   → SELLING 1 shares @ ~$711.59
[2026-04-30 08:41:58 UTC]   ORDER SELL 1x SPY: 📋 Order Summary:
   SELL 1 SPY @ MARKET (~$689.60)
   Estimated total: $689.60
Traceback (most recent call last):
  File "/usr/local/lib/python3.11/dist-packages/alpaca/common/rest.py", line 198, in _one_request
    response.raise_for_status()
  File "/usr/local/lib/python3.11/dist-packages/requests
[2026-04-30 08:41:58 UTC] -- QQQ
[2026-04-30 08:41:58 UTC]   bars=61  signal=SELL  price=$661.59  SMA=$629.54  lower=$574.42  upper=$684.67
[2026-04-30 08:41:58 UTC]   SKIP SELL: no position.
[2026-04-30 08:41:58 UTC] === Scan cycle complete ===

[2026-04-30 08:46:41 UTC] === Mean-Reversion scan cycle start ===
[2026-04-30 08:46:42 UTC] Equity: $99,994.85  |  Buying power: $198,590.62
[2026-04-30 08:46:42 UTC] Open positions: {'AAPL': 1.0, 'MSFT': 1.0, 'SPY': 1.0}
[2026-04-30 08:46:42 UTC] Watchlist (10): ['AAPL', 'MSFT', 'NVDA', 'AMD', 'TSLA', 'META', 'GOOGL', 'AMZN', 'SPY', 'QQQ']
[2026-04-30 08:46:42 UTC] -- AAPL
[2026-04-30 08:46:43 UTC]   bars=61  signal=SELL  price=$270.15  SMA=$264.34  lower=$251.50  upper=$277.17
[2026-04-30 08:46:43 UTC]   → SELLING 1 shares @ ~$270.15
[2026-04-30 08:46:45 UTC]   ORDER SELL 1x AAPL: 📋 Order Summary:
   SELL 1 AAPL @ MARKET (~$254.12)
   Estimated total: $254.12
Traceback (most recent call last):
  File "/usr/local/lib/python3.11/dist-packages/alpaca/common/rest.py", line 198, in _one_request
    response.raise_for_status()
  File "/usr/local/lib/python3.11/dist-packages/request
[2026-04-30 08:46:45 UTC] -- MSFT
[2026-04-30 08:46:46 UTC]   bars=61  signal=SELL  price=$424.80  SMA=$401.61  lower=$353.43  upper=$449.79
[2026-04-30 08:46:46 UTC]   → SELLING 1 shares @ ~$424.80
[2026-04-30 08:46:48 UTC]   ORDER SELL 1x MSFT: 📋 Order Summary:
   SELL 1 MSFT @ MARKET (~$400.00)
   Estimated total: $400.00
Traceback (most recent call last):
  File "/usr/local/lib/python3.11/dist-packages/alpaca/common/rest.py", line 198, in _one_request
    response.raise_for_status()
  File "/usr/local/lib/python3.11/dist-packages/request
[2026-04-30 08:46:48 UTC] -- NVDA
[2026-04-30 08:46:49 UTC]   bars=61  signal=SELL  price=$209.35  SMA=$194.96  lower=$170.35  upper=$219.57
[2026-04-30 08:46:49 UTC]   SKIP SELL: no position.
[2026-04-30 08:46:49 UTC] -- AMD
[2026-04-30 08:46:50 UTC]   bars=61  signal=SELL  price=$337.10  SMA=$270.52  lower=$186.26  upper=$354.78
[2026-04-30 08:46:50 UTC]   SKIP SELL: no position.
[2026-04-30 08:46:50 UTC] -- TSLA
[2026-04-30 08:46:50 UTC]   bars=61  signal=SELL  price=$372.80  SMA=$371.03  lower=$335.99  upper=$406.06
[2026-04-30 08:46:50 UTC]   SKIP SELL: no position.
[2026-04-30 08:46:50 UTC] -- META
[2026-04-30 08:46:51 UTC]   bars=61  signal=SELL  price=$669.47  SMA=$643.72  lower=$565.53  upper=$721.91
[2026-04-30 08:46:51 UTC]   SKIP SELL: no position.
[2026-04-30 08:46:51 UTC] -- GOOGL
[2026-04-30 08:46:52 UTC]   bars=61  signal=SELL  price=$350.27  SMA=$328.17  lower=$293.31  upper=$363.03
[2026-04-30 08:46:52 UTC]   SKIP SELL: no position.
[2026-04-30 08:46:52 UTC] -- AMZN
[2026-04-30 08:46:52 UTC]   bars=61  signal=SELL  price=$263.22  SMA=$241.72  lower=$205.72  upper=$277.72
[2026-04-30 08:46:52 UTC]   SKIP SELL: no position.
[2026-04-30 08:46:52 UTC] -- SPY
[2026-04-30 08:46:53 UTC]   bars=61  signal=SELL  price=$711.59  SMA=$692.03  lower=$650.15  upper=$733.92
[2026-04-30 08:46:53 UTC]   → SELLING 1 shares @ ~$711.59
[2026-04-30 08:46:55 UTC]   ORDER SELL 1x SPY: 📋 Order Summary:
   SELL 1 SPY @ MARKET (~$689.60)
   Estimated total: $689.60
Traceback (most recent call last):
  File "/usr/local/lib/python3.11/dist-packages/alpaca/common/rest.py", line 198, in _one_request
    response.raise_for_status()
  File "/usr/local/lib/python3.11/dist-packages/requests
[2026-04-30 08:46:55 UTC] -- QQQ
[2026-04-30 08:46:56 UTC]   bars=61  signal=SELL  price=$661.59  SMA=$629.54  lower=$574.42  upper=$684.67
[2026-04-30 08:46:56 UTC]   SKIP SELL: no position.
[2026-04-30 08:46:56 UTC] === Scan cycle complete ===

[2026-04-30 08:51:45 UTC] === Mean-Reversion scan cycle start ===
[2026-04-30 08:51:46 UTC] Equity: $99,995.50  |  Buying power: $198,591.27
[2026-04-30 08:51:47 UTC] Open positions: {'AAPL': 1.0, 'MSFT': 1.0, 'SPY': 1.0}
[2026-04-30 08:51:47 UTC] Watchlist (10): ['AAPL', 'MSFT', 'NVDA', 'AMD', 'TSLA', 'META', 'GOOGL', 'AMZN', 'SPY', 'QQQ']
[2026-04-30 08:51:47 UTC] -- AAPL
[2026-04-30 08:51:47 UTC]   bars=61  signal=SELL  price=$270.15  SMA=$264.34  lower=$251.50  upper=$277.17
[2026-04-30 08:51:47 UTC]   → SELLING 1 shares @ ~$270.15
[2026-04-30 08:51:50 UTC]   ORDER SELL 1x AAPL: 📋 Order Summary:
   SELL 1 AAPL @ MARKET (~$254.12)
   Estimated total: $254.12
Traceback (most recent call last):
  File "/usr/local/lib/python3.11/dist-packages/alpaca/common/rest.py", line 198, in _one_request
    response.raise_for_status()
  File "/usr/local/lib/python3.11/dist-packages/request
[2026-04-30 08:51:50 UTC] -- MSFT
[2026-04-30 08:51:51 UTC]   bars=61  signal=SELL  price=$424.80  SMA=$401.61  lower=$353.43  upper=$449.79
[2026-04-30 08:51:51 UTC]   → SELLING 1 shares @ ~$424.80
[2026-04-30 08:51:53 UTC]   ORDER SELL 1x MSFT: 📋 Order Summary:
   SELL 1 MSFT @ MARKET (~$400.00)
   Estimated total: $400.00
Traceback (most recent call last):
  File "/usr/local/lib/python3.11/dist-packages/alpaca/common/rest.py", line 198, in _one_request
    response.raise_for_status()
  File "/usr/local/lib/python3.11/dist-packages/request
[2026-04-30 08:51:53 UTC] -- NVDA
[2026-04-30 08:51:54 UTC]   bars=61  signal=SELL  price=$209.35  SMA=$194.96  lower=$170.35  upper=$219.57
[2026-04-30 08:51:54 UTC]   SKIP SELL: no position.
[2026-04-30 08:51:54 UTC] -- AMD
[2026-04-30 08:51:55 UTC]   bars=61  signal=SELL  price=$337.10  SMA=$270.52  lower=$186.26  upper=$354.78
[2026-04-30 08:51:55 UTC]   SKIP SELL: no position.
[2026-04-30 08:51:55 UTC] -- TSLA
[2026-04-30 08:51:55 UTC]   bars=61  signal=SELL  price=$372.80  SMA=$371.03  lower=$335.99  upper=$406.06
[2026-04-30 08:51:55 UTC]   SKIP SELL: no position.
[2026-04-30 08:51:55 UTC] -- META
[2026-04-30 08:51:56 UTC]   bars=61  signal=SELL  price=$669.47  SMA=$643.72  lower=$565.53  upper=$721.91
[2026-04-30 08:51:56 UTC]   SKIP SELL: no position.
[2026-04-30 08:51:56 UTC] -- GOOGL
[2026-04-30 08:51:57 UTC]   bars=61  signal=SELL  price=$350.27  SMA=$328.17  lower=$293.31  upper=$363.03
[2026-04-30 08:51:57 UTC]   SKIP SELL: no position.
[2026-04-30 08:51:57 UTC] -- AMZN
[2026-04-30 08:51:57 UTC]   bars=61  signal=SELL  price=$263.22  SMA=$241.72  lower=$205.72  upper=$277.72
[2026-04-30 08:51:57 UTC]   SKIP SELL: no position.
[2026-04-30 08:51:57 UTC] -- SPY
[2026-04-30 08:51:58 UTC]   bars=61  signal=SELL  price=$711.59  SMA=$692.03  lower=$650.15  upper=$733.92
[2026-04-30 08:51:58 UTC]   → SELLING 1 shares @ ~$711.59
[2026-04-30 08:52:00 UTC]   ORDER SELL 1x SPY: 📋 Order Summary:
   SELL 1 SPY @ MARKET (~$689.60)
   Estimated total: $689.60
Traceback (most recent call last):
  File "/usr/local/lib/python3.11/dist-packages/alpaca/common/rest.py", line 198, in _one_request
    response.raise_for_status()
  File "/usr/local/lib/python3.11/dist-packages/requests
[2026-04-30 08:52:00 UTC] -- QQQ
[2026-04-30 08:52:01 UTC]   bars=61  signal=SELL  price=$661.59  SMA=$629.54  lower=$574.42  upper=$684.67
[2026-04-30 08:52:01 UTC]   SKIP SELL: no position.
[2026-04-30 08:52:01 UTC] === Scan cycle complete ===

[2026-04-30 08:56:45 UTC] === Mean-Reversion scan cycle start ===
[2026-04-30 08:56:47 UTC] Equity: $99,994.30  |  Buying power: $198,590.07
[2026-04-30 08:56:47 UTC] Open positions: {'AAPL': 1.0, 'MSFT': 1.0, 'SPY': 1.0}
[2026-04-30 08:56:47 UTC] Watchlist (10): ['AAPL', 'MSFT', 'NVDA', 'AMD', 'TSLA', 'META', 'GOOGL', 'AMZN', 'SPY', 'QQQ']
[2026-04-30 08:56:47 UTC] -- AAPL
[2026-04-30 08:56:47 UTC]   bars=61  signal=SELL  price=$270.15  SMA=$264.34  lower=$251.50  upper=$277.17
[2026-04-30 08:56:47 UTC]   → SELLING 1 shares @ ~$270.15
[2026-04-30 08:56:50 UTC]   ORDER SELL 1x AAPL: 📋 Order Summary:
   SELL 1 AAPL @ MARKET (~$254.12)
   Estimated total: $254.12
Traceback (most recent call last):
  File "/usr/local/lib/python3.11/dist-packages/alpaca/common/rest.py", line 198, in _one_request
    response.raise_for_status()
  File "/usr/local/lib/python3.11/dist-packages/request
[2026-04-30 08:56:50 UTC] -- MSFT
[2026-04-30 08:56:51 UTC]   bars=61  signal=SELL  price=$424.80  SMA=$401.61  lower=$353.43  upper=$449.79
[2026-04-30 08:56:51 UTC]   → SELLING 1 shares @ ~$424.80
[2026-04-30 08:56:53 UTC]   ORDER SELL 1x MSFT: 📋 Order Summary:
   SELL 1 MSFT @ MARKET (~$400.00)
   Estimated total: $400.00
Traceback (most recent call last):
  File "/usr/local/lib/python3.11/dist-packages/alpaca/common/rest.py", line 198, in _one_request
    response.raise_for_status()
  File "/usr/local/lib/python3.11/dist-packages/request
[2026-04-30 08:56:53 UTC] -- NVDA
[2026-04-30 08:56:54 UTC]   bars=61  signal=SELL  price=$209.35  SMA=$194.96  lower=$170.35  upper=$219.57
[2026-04-30 08:56:54 UTC]   SKIP SELL: no position.
[2026-04-30 08:56:54 UTC] -- AMD
[2026-04-30 08:56:54 UTC]   bars=61  signal=SELL  price=$337.10  SMA=$270.52  lower=$186.26  upper=$354.78
[2026-04-30 08:56:54 UTC]   SKIP SELL: no position.
[2026-04-30 08:56:54 UTC] -- TSLA
[2026-04-30 08:56:55 UTC]   bars=61  signal=SELL  price=$372.80  SMA=$371.03  lower=$335.99  upper=$406.06
[2026-04-30 08:56:55 UTC]   SKIP SELL: no position.
[2026-04-30 08:56:55 UTC] -- META
[2026-04-30 08:56:56 UTC]   bars=61  signal=SELL  price=$669.47  SMA=$643.72  lower=$565.53  upper=$721.91
[2026-04-30 08:56:56 UTC]   SKIP SELL: no position.
[2026-04-30 08:56:56 UTC] -- GOOGL
[2026-04-30 08:56:56 UTC]   bars=61  signal=SELL  price=$350.27  SMA=$328.17  lower=$293.31  upper=$363.03
[2026-04-30 08:56:56 UTC]   SKIP SELL: no position.
[2026-04-30 08:56:56 UTC] -- AMZN
[2026-04-30 08:56:57 UTC]   bars=61  signal=SELL  price=$263.22  SMA=$241.72  lower=$205.72  upper=$277.72
[2026-04-30 08:56:57 UTC]   SKIP SELL: no position.
[2026-04-30 08:56:57 UTC] -- SPY
[2026-04-30 08:56:58 UTC]   bars=61  signal=SELL  price=$711.59  SMA=$692.03  lower=$650.15  upper=$733.92
[2026-04-30 08:56:58 UTC]   → SELLING 1 shares @ ~$711.59
[2026-04-30 08:57:00 UTC]   ORDER SELL 1x SPY: 📋 Order Summary:
   SELL 1 SPY @ MARKET (~$689.60)
   Estimated total: $689.60
Traceback (most recent call last):
  File "/usr/local/lib/python3.11/dist-packages/alpaca/common/rest.py", line 198, in _one_request
    response.raise_for_status()
  File "/usr/local/lib/python3.11/dist-packages/requests
[2026-04-30 08:57:00 UTC] -- QQQ
[2026-04-30 08:57:01 UTC]   bars=61  signal=SELL  price=$661.59  SMA=$629.54  lower=$574.42  upper=$684.67
[2026-04-30 08:57:01 UTC]   SKIP SELL: no position.
[2026-04-30 08:57:01 UTC] === Scan cycle complete ===

[2026-04-30 09:01:43 UTC] === Mean-Reversion scan cycle start ===
[2026-04-30 09:01:44 UTC] Equity: $99,995.22  |  Buying power: $198,590.99
[2026-04-30 09:01:44 UTC] Open positions: {'AAPL': 1.0, 'MSFT': 1.0, 'SPY': 1.0}
[2026-04-30 09:01:45 UTC] Watchlist (10): ['AAPL', 'MSFT', 'NVDA', 'AMD', 'TSLA', 'META', 'GOOGL', 'AMZN', 'SPY', 'QQQ']
[2026-04-30 09:01:45 UTC] -- AAPL
[2026-04-30 09:01:45 UTC]   bars=61  signal=SELL  price=$270.15  SMA=$264.34  lower=$251.50  upper=$277.17
[2026-04-30 09:01:45 UTC]   → SELLING 1 shares @ ~$270.15
[2026-04-30 09:01:47 UTC]   ORDER SELL 1x AAPL: 📋 Order Summary:
   SELL 1 AAPL @ MARKET (~$254.12)
   Estimated total: $254.12
Traceback (most recent call last):
  File "/usr/local/lib/python3.11/dist-packages/alpaca/common/rest.py", line 198, in _one_request
    response.raise_for_status()
  File "/usr/local/lib/python3.11/dist-packages/request
[2026-04-30 09:01:47 UTC] -- MSFT
[2026-04-30 09:01:48 UTC]   bars=61  signal=SELL  price=$424.80  SMA=$401.61  lower=$353.43  upper=$449.79
[2026-04-30 09:01:48 UTC]   → SELLING 1 shares @ ~$424.80
[2026-04-30 09:01:50 UTC]   ORDER SELL 1x MSFT: 📋 Order Summary:
   SELL 1 MSFT @ MARKET (~$400.00)
   Estimated total: $400.00
Traceback (most recent call last):
  File "/usr/local/lib/python3.11/dist-packages/alpaca/common/rest.py", line 198, in _one_request
    response.raise_for_status()
  File "/usr/local/lib/python3.11/dist-packages/request
[2026-04-30 09:01:50 UTC] -- NVDA
[2026-04-30 09:01:51 UTC]   bars=61  signal=SELL  price=$209.35  SMA=$194.96  lower=$170.35  upper=$219.57
[2026-04-30 09:01:51 UTC]   SKIP SELL: no position.
[2026-04-30 09:01:51 UTC] -- AMD
[2026-04-30 09:01:52 UTC]   bars=61  signal=SELL  price=$337.10  SMA=$270.52  lower=$186.26  upper=$354.78
[2026-04-30 09:01:52 UTC]   SKIP SELL: no position.
[2026-04-30 09:01:52 UTC] -- TSLA
[2026-04-30 09:01:52 UTC]   bars=61  signal=SELL  price=$372.80  SMA=$371.03  lower=$335.99  upper=$406.06
[2026-04-30 09:01:52 UTC]   SKIP SELL: no position.
[2026-04-30 09:01:52 UTC] -- META
[2026-04-30 09:01:53 UTC]   bars=61  signal=SELL  price=$669.47  SMA=$643.72  lower=$565.53  upper=$721.91
[2026-04-30 09:01:53 UTC]   SKIP SELL: no position.
[2026-04-30 09:01:53 UTC] -- GOOGL
[2026-04-30 09:01:54 UTC]   bars=61  signal=SELL  price=$350.27  SMA=$328.17  lower=$293.31  upper=$363.03
[2026-04-30 09:01:54 UTC]   SKIP SELL: no position.
[2026-04-30 09:01:54 UTC] -- AMZN
[2026-04-30 09:01:54 UTC]   bars=61  signal=SELL  price=$263.22  SMA=$241.72  lower=$205.72  upper=$277.72
[2026-04-30 09:01:54 UTC]   SKIP SELL: no position.
[2026-04-30 09:01:54 UTC] -- SPY
[2026-04-30 09:01:55 UTC]   bars=61  signal=SELL  price=$711.59  SMA=$692.03  lower=$650.15  upper=$733.92
[2026-04-30 09:01:55 UTC]   → SELLING 1 shares @ ~$711.59
[2026-04-30 09:01:57 UTC]   ORDER SELL 1x SPY: 📋 Order Summary:
   SELL 1 SPY @ MARKET (~$689.60)
   Estimated total: $689.60
Traceback (most recent call last):
  File "/usr/local/lib/python3.11/dist-packages/alpaca/common/rest.py", line 198, in _one_request
    response.raise_for_status()
  File "/usr/local/lib/python3.11/dist-packages/requests
[2026-04-30 09:01:57 UTC] -- QQQ
[2026-04-30 09:01:58 UTC]   bars=61  signal=SELL  price=$661.59  SMA=$629.54  lower=$574.42  upper=$684.67
[2026-04-30 09:01:58 UTC]   SKIP SELL: no position.
[2026-04-30 09:01:58 UTC] === Scan cycle complete ===

[2026-04-30 09:06:40 UTC] === Mean-Reversion scan cycle start ===
[2026-04-30 09:06:42 UTC] Equity: $99,995.74  |  Buying power: $198,591.51
[2026-04-30 09:06:42 UTC] Open positions: {'AAPL': 1.0, 'MSFT': 1.0, 'SPY': 1.0}
[2026-04-30 09:06:42 UTC] Watchlist (10): ['AAPL', 'MSFT', 'NVDA', 'AMD', 'TSLA', 'META', 'GOOGL', 'AMZN', 'SPY', 'QQQ']
[2026-04-30 09:06:42 UTC] -- AAPL
[2026-04-30 09:06:43 UTC]   bars=61  signal=SELL  price=$270.15  SMA=$264.34  lower=$251.50  upper=$277.17
[2026-04-30 09:06:43 UTC]   → SELLING 1 shares @ ~$270.15
[2026-04-30 09:06:45 UTC]   ORDER SELL 1x AAPL: 📋 Order Summary:
   SELL 1 AAPL @ MARKET (~$254.12)
   Estimated total: $254.12
Traceback (most recent call last):
  File "/usr/local/lib/python3.11/dist-packages/alpaca/common/rest.py", line 198, in _one_request
    response.raise_for_status()
  File "/usr/local/lib/python3.11/dist-packages/request
[2026-04-30 09:06:45 UTC] -- MSFT
[2026-04-30 09:06:46 UTC]   bars=61  signal=SELL  price=$424.80  SMA=$401.61  lower=$353.43  upper=$449.79
[2026-04-30 09:06:46 UTC]   → SELLING 1 shares @ ~$424.80
[2026-04-30 09:06:48 UTC]   ORDER SELL 1x MSFT: 📋 Order Summary:
   SELL 1 MSFT @ MARKET (~$400.00)
   Estimated total: $400.00
Traceback (most recent call last):
  File "/usr/local/lib/python3.11/dist-packages/alpaca/common/rest.py", line 198, in _one_request
    response.raise_for_status()
  File "/usr/local/lib/python3.11/dist-packages/request
[2026-04-30 09:06:48 UTC] -- NVDA
[2026-04-30 09:06:49 UTC]   bars=61  signal=SELL  price=$209.35  SMA=$194.96  lower=$170.35  upper=$219.57
[2026-04-30 09:06:49 UTC]   SKIP SELL: no position.
[2026-04-30 09:06:49 UTC] -- AMD
[2026-04-30 09:06:49 UTC]   bars=61  signal=SELL  price=$337.10  SMA=$270.52  lower=$186.26  upper=$354.78
[2026-04-30 09:06:49 UTC]   SKIP SELL: no position.
[2026-04-30 09:06:49 UTC] -- TSLA
[2026-04-30 09:06:50 UTC]   bars=61  signal=SELL  price=$372.80  SMA=$371.03  lower=$335.99  upper=$406.06
[2026-04-30 09:06:50 UTC]   SKIP SELL: no position.
[2026-04-30 09:06:50 UTC] -- META
[2026-04-30 09:06:51 UTC]   bars=61  signal=SELL  price=$669.47  SMA=$643.72  lower=$565.53  upper=$721.91
[2026-04-30 09:06:51 UTC]   SKIP SELL: no position.
[2026-04-30 09:06:51 UTC] -- GOOGL
[2026-04-30 09:06:51 UTC]   bars=61  signal=SELL  price=$350.27  SMA=$328.17  lower=$293.31  upper=$363.03
[2026-04-30 09:06:51 UTC]   SKIP SELL: no position.
[2026-04-30 09:06:51 UTC] -- AMZN
[2026-04-30 09:06:52 UTC]   bars=61  signal=SELL  price=$263.22  SMA=$241.72  lower=$205.72  upper=$277.72
[2026-04-30 09:06:52 UTC]   SKIP SELL: no position.
[2026-04-30 09:06:52 UTC] -- SPY
[2026-04-30 09:06:53 UTC]   bars=61  signal=SELL  price=$711.59  SMA=$692.03  lower=$650.15  upper=$733.92
[2026-04-30 09:06:53 UTC]   → SELLING 1 shares @ ~$711.59
[2026-04-30 09:06:55 UTC]   ORDER SELL 1x SPY: 📋 Order Summary:
   SELL 1 SPY @ MARKET (~$689.60)
   Estimated total: $689.60
Traceback (most recent call last):
  File "/usr/local/lib/python3.11/dist-packages/alpaca/common/rest.py", line 198, in _one_request
    response.raise_for_status()
  File "/usr/local/lib/python3.11/dist-packages/requests
[2026-04-30 09:06:55 UTC] -- QQQ
[2026-04-30 09:06:56 UTC]   bars=61  signal=SELL  price=$661.59  SMA=$629.54  lower=$574.42  upper=$684.67
[2026-04-30 09:06:56 UTC]   SKIP SELL: no position.
[2026-04-30 09:06:56 UTC] === Scan cycle complete ===

[2026-04-30 09:11:42 UTC] === Mean-Reversion scan cycle start ===
[2026-04-30 09:11:44 UTC] Equity: $99,994.57  |  Buying power: $198,590.34
[2026-04-30 09:11:44 UTC] Open positions: {'AAPL': 1.0, 'MSFT': 1.0, 'SPY': 1.0}
[2026-04-30 09:11:44 UTC] Watchlist (10): ['AAPL', 'MSFT', 'NVDA', 'AMD', 'TSLA', 'META', 'GOOGL', 'AMZN', 'SPY', 'QQQ']
[2026-04-30 09:11:44 UTC] -- AAPL
[2026-04-30 09:11:45 UTC]   bars=61  signal=SELL  price=$270.15  SMA=$264.34  lower=$251.50  upper=$277.17
[2026-04-30 09:11:45 UTC]   → SELLING 1 shares @ ~$270.15
[2026-04-30 09:11:47 UTC]   ORDER SELL 1x AAPL: 📋 Order Summary:
   SELL 1 AAPL @ MARKET (~$254.12)
   Estimated total: $254.12
Traceback (most recent call last):
  File "/usr/local/lib/python3.11/dist-packages/alpaca/common/rest.py", line 198, in _one_request
    response.raise_for_status()
  File "/usr/local/lib/python3.11/dist-packages/request
[2026-04-30 09:11:47 UTC] -- MSFT
[2026-04-30 09:11:48 UTC]   bars=61  signal=SELL  price=$424.80  SMA=$401.61  lower=$353.43  upper=$449.79
[2026-04-30 09:11:48 UTC]   → SELLING 1 shares @ ~$424.80
[2026-04-30 09:11:51 UTC]   ORDER SELL 1x MSFT: 📋 Order Summary:
   SELL 1 MSFT @ MARKET (~$400.00)
   Estimated total: $400.00
Traceback (most recent call last):
  File "/usr/local/lib/python3.11/dist-packages/alpaca/common/rest.py", line 198, in _one_request
    response.raise_for_status()
  File "/usr/local/lib/python3.11/dist-packages/request
[2026-04-30 09:11:51 UTC] -- NVDA
[2026-04-30 09:11:51 UTC]   bars=61  signal=SELL  price=$209.35  SMA=$194.96  lower=$170.35  upper=$219.57
[2026-04-30 09:11:51 UTC]   SKIP SELL: no position.
[2026-04-30 09:11:51 UTC] -- AMD
[2026-04-30 09:11:52 UTC]   bars=61  signal=SELL  price=$337.10  SMA=$270.52  lower=$186.26  upper=$354.78
[2026-04-30 09:11:52 UTC]   SKIP SELL: no position.
[2026-04-30 09:11:52 UTC] -- TSLA
[2026-04-30 09:11:52 UTC]   bars=61  signal=SELL  price=$372.80  SMA=$371.03  lower=$335.99  upper=$406.06
[2026-04-30 09:11:52 UTC]   SKIP SELL: no position.
[2026-04-30 09:11:52 UTC] -- META
[2026-04-30 09:11:53 UTC]   bars=61  signal=SELL  price=$669.47  SMA=$643.72  lower=$565.53  upper=$721.91
[2026-04-30 09:11:53 UTC]   SKIP SELL: no position.
[2026-04-30 09:11:53 UTC] -- GOOGL
[2026-04-30 09:11:54 UTC]   bars=61  signal=SELL  price=$350.27  SMA=$328.17  lower=$293.31  upper=$363.03
[2026-04-30 09:11:54 UTC]   SKIP SELL: no position.
[2026-04-30 09:11:54 UTC] -- AMZN
[2026-04-30 09:11:54 UTC]   bars=61  signal=SELL  price=$263.22  SMA=$241.72  lower=$205.72  upper=$277.72
[2026-04-30 09:11:55 UTC]   SKIP SELL: no position.
[2026-04-30 09:11:55 UTC] -- SPY
[2026-04-30 09:11:55 UTC]   bars=61  signal=SELL  price=$711.59  SMA=$692.03  lower=$650.15  upper=$733.92
[2026-04-30 09:11:55 UTC]   → SELLING 1 shares @ ~$711.59
[2026-04-30 09:11:57 UTC]   ORDER SELL 1x SPY: 📋 Order Summary:
   SELL 1 SPY @ MARKET (~$689.60)
   Estimated total: $689.60
Traceback (most recent call last):
  File "/usr/local/lib/python3.11/dist-packages/alpaca/common/rest.py", line 198, in _one_request
    response.raise_for_status()
  File "/usr/local/lib/python3.11/dist-packages/requests
[2026-04-30 09:11:57 UTC] -- QQQ
[2026-04-30 09:11:58 UTC]   bars=61  signal=SELL  price=$661.59  SMA=$629.54  lower=$574.42  upper=$684.67
[2026-04-30 09:11:58 UTC]   SKIP SELL: no position.
[2026-04-30 09:11:58 UTC] === Scan cycle complete ===

[2026-04-30 09:16:44 UTC] === Mean-Reversion scan cycle start ===
[2026-04-30 09:16:45 UTC] Equity: $99,995.20  |  Buying power: $198,590.97
[2026-04-30 09:16:46 UTC] Open positions: {'AAPL': 1.0, 'MSFT': 1.0, 'SPY': 1.0}
[2026-04-30 09:16:46 UTC] Watchlist (10): ['AAPL', 'MSFT', 'NVDA', 'AMD', 'TSLA', 'META', 'GOOGL', 'AMZN', 'SPY', 'QQQ']
[2026-04-30 09:16:46 UTC] -- AAPL
[2026-04-30 09:16:47 UTC]   bars=61  signal=SELL  price=$270.15  SMA=$264.34  lower=$251.50  upper=$277.17
[2026-04-30 09:16:47 UTC]   → SELLING 1 shares @ ~$270.15
[2026-04-30 09:16:49 UTC]   ORDER SELL 1x AAPL: 📋 Order Summary:
   SELL 1 AAPL @ MARKET (~$254.12)
   Estimated total: $254.12
Traceback (most recent call last):
  File "/usr/local/lib/python3.11/dist-packages/alpaca/common/rest.py", line 198, in _one_request
    response.raise_for_status()
  File "/usr/local/lib/python3.11/dist-packages/request
[2026-04-30 09:16:49 UTC] -- MSFT
[2026-04-30 09:16:50 UTC]   bars=61  signal=SELL  price=$424.80  SMA=$401.61  lower=$353.43  upper=$449.79
[2026-04-30 09:16:50 UTC]   → SELLING 1 shares @ ~$424.80
[2026-04-30 09:16:52 UTC]   ORDER SELL 1x MSFT: 📋 Order Summary:
   SELL 1 MSFT @ MARKET (~$400.00)
   Estimated total: $400.00
Traceback (most recent call last):
  File "/usr/local/lib/python3.11/dist-packages/alpaca/common/rest.py", line 198, in _one_request
    response.raise_for_status()
  File "/usr/local/lib/python3.11/dist-packages/request
[2026-04-30 09:16:52 UTC] -- NVDA
[2026-04-30 09:16:52 UTC]   bars=61  signal=SELL  price=$209.35  SMA=$194.96  lower=$170.35  upper=$219.57
[2026-04-30 09:16:52 UTC]   SKIP SELL: no position.
[2026-04-30 09:16:52 UTC] -- AMD
[2026-04-30 09:16:53 UTC]   bars=61  signal=SELL  price=$337.10  SMA=$270.52  lower=$186.26  upper=$354.78
[2026-04-30 09:16:53 UTC]   SKIP SELL: no position.
[2026-04-30 09:16:53 UTC] -- TSLA
[2026-04-30 09:16:54 UTC]   bars=61  signal=SELL  price=$372.80  SMA=$371.03  lower=$335.99  upper=$406.06
[2026-04-30 09:16:54 UTC]   SKIP SELL: no position.
[2026-04-30 09:16:54 UTC] -- META
[2026-04-30 09:16:54 UTC]   bars=61  signal=SELL  price=$669.47  SMA=$643.72  lower=$565.53  upper=$721.91
[2026-04-30 09:16:54 UTC]   SKIP SELL: no position.
[2026-04-30 09:16:54 UTC] -- GOOGL
[2026-04-30 09:16:55 UTC]   bars=61  signal=SELL  price=$350.27  SMA=$328.17  lower=$293.31  upper=$363.03
[2026-04-30 09:16:55 UTC]   SKIP SELL: no position.
[2026-04-30 09:16:55 UTC] -- AMZN
[2026-04-30 09:16:56 UTC]   bars=61  signal=SELL  price=$263.22  SMA=$241.72  lower=$205.72  upper=$277.72
[2026-04-30 09:16:56 UTC]   SKIP SELL: no position.
[2026-04-30 09:16:56 UTC] -- SPY
[2026-04-30 09:16:57 UTC]   bars=61  signal=SELL  price=$711.59  SMA=$692.03  lower=$650.15  upper=$733.92
[2026-04-30 09:16:57 UTC]   → SELLING 1 shares @ ~$711.59
[2026-04-30 09:16:59 UTC]   ORDER SELL 1x SPY: 📋 Order Summary:
   SELL 1 SPY @ MARKET (~$689.60)
   Estimated total: $689.60
Traceback (most recent call last):
  File "/usr/local/lib/python3.11/dist-packages/alpaca/common/rest.py", line 198, in _one_request
    response.raise_for_status()
  File "/usr/local/lib/python3.11/dist-packages/requests
[2026-04-30 09:16:59 UTC] -- QQQ
[2026-04-30 09:17:00 UTC]   bars=61  signal=SELL  price=$661.59  SMA=$629.54  lower=$574.42  upper=$684.67
[2026-04-30 09:17:00 UTC]   SKIP SELL: no position.
[2026-04-30 09:17:00 UTC] === Scan cycle complete ===

[2026-04-30 09:21:46 UTC] === Mean-Reversion scan cycle start ===
[2026-04-30 09:21:48 UTC] Equity: $99,993.91  |  Buying power: $198,589.68
[2026-04-30 09:21:48 UTC] Open positions: {'AAPL': 1.0, 'MSFT': 1.0, 'SPY': 1.0}
[2026-04-30 09:21:48 UTC] Watchlist (10): ['AAPL', 'MSFT', 'NVDA', 'AMD', 'TSLA', 'META', 'GOOGL', 'AMZN', 'SPY', 'QQQ']
[2026-04-30 09:21:48 UTC] -- AAPL
[2026-04-30 09:21:49 UTC]   bars=61  signal=SELL  price=$270.15  SMA=$264.34  lower=$251.50  upper=$277.17
[2026-04-30 09:21:49 UTC]   → SELLING 1 shares @ ~$270.15
[2026-04-30 09:21:51 UTC]   ORDER SELL 1x AAPL: 📋 Order Summary:
   SELL 1 AAPL @ MARKET (~$254.12)
   Estimated total: $254.12
Traceback (most recent call last):
  File "/usr/local/lib/python3.11/dist-packages/alpaca/common/rest.py", line 198, in _one_request
    response.raise_for_status()
  File "/usr/local/lib/python3.11/dist-packages/request
[2026-04-30 09:21:51 UTC] -- MSFT
[2026-04-30 09:21:52 UTC]   bars=61  signal=SELL  price=$424.80  SMA=$401.61  lower=$353.43  upper=$449.79
[2026-04-30 09:21:52 UTC]   → SELLING 1 shares @ ~$424.80
[2026-04-30 09:21:54 UTC]   ORDER SELL 1x MSFT: 📋 Order Summary:
   SELL 1 MSFT @ MARKET (~$400.00)
   Estimated total: $400.00
Traceback (most recent call last):
  File "/usr/local/lib/python3.11/dist-packages/alpaca/common/rest.py", line 198, in _one_request
    response.raise_for_status()
  File "/usr/local/lib/python3.11/dist-packages/request
[2026-04-30 09:21:54 UTC] -- NVDA
[2026-04-30 09:21:55 UTC]   bars=61  signal=SELL  price=$209.35  SMA=$194.96  lower=$170.35  upper=$219.57
[2026-04-30 09:21:55 UTC]   SKIP SELL: no position.
[2026-04-30 09:21:55 UTC] -- AMD
[2026-04-30 09:21:55 UTC]   bars=61  signal=SELL  price=$337.10  SMA=$270.52  lower=$186.26  upper=$354.78
[2026-04-30 09:21:55 UTC]   SKIP SELL: no position.
[2026-04-30 09:21:55 UTC] -- TSLA
[2026-04-30 09:21:56 UTC]   bars=61  signal=SELL  price=$372.80  SMA=$371.03  lower=$335.99  upper=$406.06
[2026-04-30 09:21:56 UTC]   SKIP SELL: no position.
[2026-04-30 09:21:56 UTC] -- META
[2026-04-30 09:21:57 UTC]   bars=61  signal=SELL  price=$669.47  SMA=$643.72  lower=$565.53  upper=$721.91
[2026-04-30 09:21:57 UTC]   SKIP SELL: no position.
[2026-04-30 09:21:57 UTC] -- GOOGL
[2026-04-30 09:21:57 UTC]   bars=61  signal=SELL  price=$350.27  SMA=$328.17  lower=$293.31  upper=$363.03
[2026-04-30 09:21:57 UTC]   SKIP SELL: no position.
[2026-04-30 09:21:57 UTC] -- AMZN
[2026-04-30 09:21:58 UTC]   bars=61  signal=SELL  price=$263.22  SMA=$241.72  lower=$205.72  upper=$277.72
[2026-04-30 09:21:58 UTC]   SKIP SELL: no position.
[2026-04-30 09:21:58 UTC] -- SPY
[2026-04-30 09:21:59 UTC]   bars=61  signal=SELL  price=$711.59  SMA=$692.03  lower=$650.15  upper=$733.92
[2026-04-30 09:21:59 UTC]   → SELLING 1 shares @ ~$711.59
[2026-04-30 09:22:01 UTC]   ORDER SELL 1x SPY: 📋 Order Summary:
   SELL 1 SPY @ MARKET (~$689.60)
   Estimated total: $689.60
Traceback (most recent call last):
  File "/usr/local/lib/python3.11/dist-packages/alpaca/common/rest.py", line 198, in _one_request
    response.raise_for_status()
  File "/usr/local/lib/python3.11/dist-packages/requests
[2026-04-30 09:22:01 UTC] -- QQQ
[2026-04-30 09:22:02 UTC]   bars=61  signal=SELL  price=$661.59  SMA=$629.54  lower=$574.42  upper=$684.67
[2026-04-30 09:22:02 UTC]   SKIP SELL: no position.
[2026-04-30 09:22:02 UTC] === Scan cycle complete ===

[2026-04-30 09:26:41 UTC] === Mean-Reversion scan cycle start ===
[2026-04-30 09:26:42 UTC] Equity: $99,994.42  |  Buying power: $198,590.19
[2026-04-30 09:26:42 UTC] Open positions: {'AAPL': 1.0, 'MSFT': 1.0, 'SPY': 1.0}
[2026-04-30 09:26:42 UTC] Watchlist (10): ['AAPL', 'MSFT', 'NVDA', 'AMD', 'TSLA', 'META', 'GOOGL', 'AMZN', 'SPY', 'QQQ']
[2026-04-30 09:26:42 UTC] -- AAPL
[2026-04-30 09:26:43 UTC]   bars=61  signal=SELL  price=$270.15  SMA=$264.34  lower=$251.50  upper=$277.17
[2026-04-30 09:26:43 UTC]   → SELLING 1 shares @ ~$270.15
[2026-04-30 09:26:46 UTC]   ORDER SELL 1x AAPL: 📋 Order Summary:
   SELL 1 AAPL @ MARKET (~$254.12)
   Estimated total: $254.12
Traceback (most recent call last):
  File "/usr/local/lib/python3.11/dist-packages/alpaca/common/rest.py", line 198, in _one_request
    response.raise_for_status()
  File "/usr/local/lib/python3.11/dist-packages/request
[2026-04-30 09:26:46 UTC] -- MSFT
[2026-04-30 09:26:47 UTC]   bars=61  signal=SELL  price=$424.80  SMA=$401.61  lower=$353.43  upper=$449.79
[2026-04-30 09:26:47 UTC]   → SELLING 1 shares @ ~$424.80
[2026-04-30 09:26:49 UTC]   ORDER SELL 1x MSFT: 📋 Order Summary:
   SELL 1 MSFT @ MARKET (~$400.00)
   Estimated total: $400.00
Traceback (most recent call last):
  File "/usr/local/lib/python3.11/dist-packages/alpaca/common/rest.py", line 198, in _one_request
    response.raise_for_status()
  File "/usr/local/lib/python3.11/dist-packages/request
[2026-04-30 09:26:49 UTC] -- NVDA
[2026-04-30 09:26:50 UTC]   bars=61  signal=SELL  price=$209.35  SMA=$194.96  lower=$170.35  upper=$219.57
[2026-04-30 09:26:50 UTC]   SKIP SELL: no position.
[2026-04-30 09:26:50 UTC] -- AMD
[2026-04-30 09:26:51 UTC]   bars=61  signal=SELL  price=$337.10  SMA=$270.52  lower=$186.26  upper=$354.78
[2026-04-30 09:26:51 UTC]   SKIP SELL: no position.
[2026-04-30 09:26:51 UTC] -- TSLA
[2026-04-30 09:26:51 UTC]   bars=61  signal=SELL  price=$372.80  SMA=$371.03  lower=$335.99  upper=$406.06
[2026-04-30 09:26:51 UTC]   SKIP SELL: no position.
[2026-04-30 09:26:51 UTC] -- META
[2026-04-30 09:26:52 UTC]   bars=61  signal=SELL  price=$669.47  SMA=$643.72  lower=$565.53  upper=$721.91
[2026-04-30 09:26:52 UTC]   SKIP SELL: no position.
[2026-04-30 09:26:52 UTC] -- GOOGL
[2026-04-30 09:26:53 UTC]   bars=61  signal=SELL  price=$350.27  SMA=$328.17  lower=$293.31  upper=$363.03
[2026-04-30 09:26:53 UTC]   SKIP SELL: no position.
[2026-04-30 09:26:53 UTC] -- AMZN
[2026-04-30 09:26:53 UTC]   bars=61  signal=SELL  price=$263.22  SMA=$241.72  lower=$205.72  upper=$277.72
[2026-04-30 09:26:53 UTC]   SKIP SELL: no position.
[2026-04-30 09:26:53 UTC] -- SPY
[2026-04-30 09:26:54 UTC]   bars=61  signal=SELL  price=$711.59  SMA=$692.03  lower=$650.15  upper=$733.92
[2026-04-30 09:26:54 UTC]   → SELLING 1 shares @ ~$711.59
[2026-04-30 09:26:56 UTC]   ORDER SELL 1x SPY: 📋 Order Summary:
   SELL 1 SPY @ MARKET (~$689.60)
   Estimated total: $689.60
Traceback (most recent call last):
  File "/usr/local/lib/python3.11/dist-packages/alpaca/common/rest.py", line 198, in _one_request
    response.raise_for_status()
  File "/usr/local/lib/python3.11/dist-packages/requests
[2026-04-30 09:26:56 UTC] -- QQQ
[2026-04-30 09:26:57 UTC]   bars=61  signal=SELL  price=$661.59  SMA=$629.54  lower=$574.42  upper=$684.67
[2026-04-30 09:26:57 UTC]   SKIP SELL: no position.
[2026-04-30 09:26:57 UTC] === Scan cycle complete ===

[2026-04-30 09:31:43 UTC] === Mean-Reversion scan cycle start ===
[2026-04-30 09:31:44 UTC] Equity: $99,997.98  |  Buying power: $198,593.75
[2026-04-30 09:31:44 UTC] Open positions: {'AAPL': 1.0, 'MSFT': 1.0, 'SPY': 1.0}
[2026-04-30 09:31:45 UTC] Watchlist (10): ['AAPL', 'MSFT', 'NVDA', 'AMD', 'TSLA', 'META', 'GOOGL', 'AMZN', 'SPY', 'QQQ']
[2026-04-30 09:31:45 UTC] -- AAPL
[2026-04-30 09:31:45 UTC]   bars=61  signal=SELL  price=$270.15  SMA=$264.34  lower=$251.50  upper=$277.17
[2026-04-30 09:31:45 UTC]   → SELLING 1 shares @ ~$270.15
[2026-04-30 09:31:48 UTC]   ORDER SELL 1x AAPL: 📋 Order Summary:
   SELL 1 AAPL @ MARKET (~$254.12)
   Estimated total: $254.12
Traceback (most recent call last):
  File "/usr/local/lib/python3.11/dist-packages/alpaca/common/rest.py", line 198, in _one_request
    response.raise_for_status()
  File "/usr/local/lib/python3.11/dist-packages/request
[2026-04-30 09:31:48 UTC] -- MSFT
[2026-04-30 09:31:48 UTC]   bars=61  signal=SELL  price=$424.80  SMA=$401.61  lower=$353.43  upper=$449.79
[2026-04-30 09:31:48 UTC]   → SELLING 1 shares @ ~$424.80
[2026-04-30 09:31:51 UTC]   ORDER SELL 1x MSFT: 📋 Order Summary:
   SELL 1 MSFT @ MARKET (~$400.00)
   Estimated total: $400.00
Traceback (most recent call last):
  File "/usr/local/lib/python3.11/dist-packages/alpaca/common/rest.py", line 198, in _one_request
    response.raise_for_status()
  File "/usr/local/lib/python3.11/dist-packages/request
[2026-04-30 09:31:51 UTC] -- NVDA
[2026-04-30 09:31:51 UTC]   bars=61  signal=SELL  price=$209.35  SMA=$194.96  lower=$170.35  upper=$219.57
[2026-04-30 09:31:51 UTC]   SKIP SELL: no position.
[2026-04-30 09:31:51 UTC] -- AMD
[2026-04-30 09:31:52 UTC]   bars=61  signal=SELL  price=$337.10  SMA=$270.52  lower=$186.26  upper=$354.78
[2026-04-30 09:31:52 UTC]   SKIP SELL: no position.
[2026-04-30 09:31:52 UTC] -- TSLA
[2026-04-30 09:31:52 UTC]   bars=61  signal=SELL  price=$372.80  SMA=$371.03  lower=$335.99  upper=$406.06
[2026-04-30 09:31:52 UTC]   SKIP SELL: no position.
[2026-04-30 09:31:52 UTC] -- META
[2026-04-30 09:31:53 UTC]   bars=61  signal=SELL  price=$669.47  SMA=$643.72  lower=$565.53  upper=$721.91
[2026-04-30 09:31:53 UTC]   SKIP SELL: no position.
[2026-04-30 09:31:53 UTC] -- GOOGL
[2026-04-30 09:31:54 UTC]   bars=61  signal=SELL  price=$350.27  SMA=$328.17  lower=$293.31  upper=$363.03
[2026-04-30 09:31:54 UTC]   SKIP SELL: no position.
[2026-04-30 09:31:54 UTC] -- AMZN
[2026-04-30 09:31:54 UTC]   bars=61  signal=SELL  price=$263.22  SMA=$241.72  lower=$205.72  upper=$277.72
[2026-04-30 09:31:54 UTC]   SKIP SELL: no position.
[2026-04-30 09:31:54 UTC] -- SPY
[2026-04-30 09:31:55 UTC]   bars=61  signal=SELL  price=$711.59  SMA=$692.03  lower=$650.15  upper=$733.92
[2026-04-30 09:31:55 UTC]   → SELLING 1 shares @ ~$711.59
[2026-04-30 09:31:57 UTC]   ORDER SELL 1x SPY: 📋 Order Summary:
   SELL 1 SPY @ MARKET (~$689.60)
   Estimated total: $689.60
Traceback (most recent call last):
  File "/usr/local/lib/python3.11/dist-packages/alpaca/common/rest.py", line 198, in _one_request
    response.raise_for_status()
  File "/usr/local/lib/python3.11/dist-packages/requests
[2026-04-30 09:31:57 UTC] -- QQQ
[2026-04-30 09:31:58 UTC]   bars=61  signal=SELL  price=$661.59  SMA=$629.54  lower=$574.42  upper=$684.67
[2026-04-30 09:31:58 UTC]   SKIP SELL: no position.
[2026-04-30 09:31:58 UTC] === Scan cycle complete ===

[2026-04-30 09:36:46 UTC] === Mean-Reversion scan cycle start ===
[2026-04-30 09:36:48 UTC] Equity: $99,997.37  |  Buying power: $198,593.14
[2026-04-30 09:36:48 UTC] Open positions: {'AAPL': 1.0, 'MSFT': 1.0, 'SPY': 1.0}
[2026-04-30 09:36:48 UTC] Watchlist (10): ['AAPL', 'MSFT', 'NVDA', 'AMD', 'TSLA', 'META', 'GOOGL', 'AMZN', 'SPY', 'QQQ']
[2026-04-30 09:36:48 UTC] -- AAPL
[2026-04-30 09:36:49 UTC]   bars=61  signal=SELL  price=$270.15  SMA=$264.34  lower=$251.50  upper=$277.17
[2026-04-30 09:36:49 UTC]   → SELLING 1 shares @ ~$270.15
[2026-04-30 09:36:51 UTC]   ORDER SELL 1x AAPL: 📋 Order Summary:
   SELL 1 AAPL @ MARKET (~$254.12)
   Estimated total: $254.12
Traceback (most recent call last):
  File "/usr/local/lib/python3.11/dist-packages/alpaca/common/rest.py", line 198, in _one_request
    response.raise_for_status()
  File "/usr/local/lib/python3.11/dist-packages/request
[2026-04-30 09:36:51 UTC] -- MSFT
[2026-04-30 09:36:52 UTC]   bars=61  signal=SELL  price=$424.80  SMA=$401.61  lower=$353.43  upper=$449.79
[2026-04-30 09:36:52 UTC]   → SELLING 1 shares @ ~$424.80
[2026-04-30 09:36:54 UTC]   ORDER SELL 1x MSFT: 📋 Order Summary:
   SELL 1 MSFT @ MARKET (~$400.00)
   Estimated total: $400.00
Traceback (most recent call last):
  File "/usr/local/lib/python3.11/dist-packages/alpaca/common/rest.py", line 198, in _one_request
    response.raise_for_status()
  File "/usr/local/lib/python3.11/dist-packages/request
[2026-04-30 09:36:54 UTC] -- NVDA
[2026-04-30 09:36:55 UTC]   bars=61  signal=SELL  price=$209.35  SMA=$194.96  lower=$170.35  upper=$219.57
[2026-04-30 09:36:55 UTC]   SKIP SELL: no position.
[2026-04-30 09:36:55 UTC] -- AMD
[2026-04-30 09:36:55 UTC]   bars=61  signal=SELL  price=$337.10  SMA=$270.52  lower=$186.26  upper=$354.78
[2026-04-30 09:36:55 UTC]   SKIP SELL: no position.
[2026-04-30 09:36:55 UTC] -- TSLA
[2026-04-30 09:36:56 UTC]   bars=61  signal=SELL  price=$372.80  SMA=$371.03  lower=$335.99  upper=$406.06
[2026-04-30 09:36:56 UTC]   SKIP SELL: no position.
[2026-04-30 09:36:56 UTC] -- META
[2026-04-30 09:36:57 UTC]   bars=61  signal=SELL  price=$669.47  SMA=$643.72  lower=$565.53  upper=$721.91
[2026-04-30 09:36:57 UTC]   SKIP SELL: no position.
[2026-04-30 09:36:57 UTC] -- GOOGL
[2026-04-30 09:36:57 UTC]   bars=61  signal=SELL  price=$350.27  SMA=$328.17  lower=$293.31  upper=$363.03
[2026-04-30 09:36:57 UTC]   SKIP SELL: no position.
[2026-04-30 09:36:57 UTC] -- AMZN
[2026-04-30 09:36:58 UTC]   bars=61  signal=SELL  price=$263.22  SMA=$241.72  lower=$205.72  upper=$277.72
[2026-04-30 09:36:58 UTC]   SKIP SELL: no position.
[2026-04-30 09:36:58 UTC] -- SPY
[2026-04-30 09:36:58 UTC]   bars=61  signal=SELL  price=$711.59  SMA=$692.03  lower=$650.15  upper=$733.92
[2026-04-30 09:36:58 UTC]   → SELLING 1 shares @ ~$711.59
[2026-04-30 09:37:01 UTC]   ORDER SELL 1x SPY: 📋 Order Summary:
   SELL 1 SPY @ MARKET (~$689.60)
   Estimated total: $689.60
Traceback (most recent call last):
  File "/usr/local/lib/python3.11/dist-packages/alpaca/common/rest.py", line 198, in _one_request
    response.raise_for_status()
  File "/usr/local/lib/python3.11/dist-packages/requests
[2026-04-30 09:37:01 UTC] -- QQQ
[2026-04-30 09:37:01 UTC]   bars=61  signal=SELL  price=$661.59  SMA=$629.54  lower=$574.42  upper=$684.67
[2026-04-30 09:37:01 UTC]   SKIP SELL: no position.
[2026-04-30 09:37:01 UTC] === Scan cycle complete ===

[2026-04-30 09:41:44 UTC] === Mean-Reversion scan cycle start ===
[2026-04-30 09:41:45 UTC] Equity: $99,996.88  |  Buying power: $198,592.65
[2026-04-30 09:41:46 UTC] Open positions: {'AAPL': 1.0, 'MSFT': 1.0, 'SPY': 1.0}
[2026-04-30 09:41:46 UTC] Watchlist (10): ['AAPL', 'MSFT', 'NVDA', 'AMD', 'TSLA', 'META', 'GOOGL', 'AMZN', 'SPY', 'QQQ']
[2026-04-30 09:41:46 UTC] -- AAPL
[2026-04-30 09:41:46 UTC]   bars=61  signal=SELL  price=$270.15  SMA=$264.34  lower=$251.50  upper=$277.17
[2026-04-30 09:41:46 UTC]   → SELLING 1 shares @ ~$270.15
[2026-04-30 09:41:49 UTC]   ORDER SELL 1x AAPL: 📋 Order Summary:
   SELL 1 AAPL @ MARKET (~$254.12)
   Estimated total: $254.12
Traceback (most recent call last):
  File "/usr/local/lib/python3.11/dist-packages/alpaca/common/rest.py", line 198, in _one_request
    response.raise_for_status()
  File "/usr/local/lib/python3.11/dist-packages/request
[2026-04-30 09:41:49 UTC] -- MSFT
[2026-04-30 09:41:49 UTC]   bars=61  signal=SELL  price=$424.80  SMA=$401.61  lower=$353.43  upper=$449.79
[2026-04-30 09:41:49 UTC]   → SELLING 1 shares @ ~$424.80
[2026-04-30 09:41:51 UTC]   ORDER SELL 1x MSFT: 📋 Order Summary:
   SELL 1 MSFT @ MARKET (~$400.00)
   Estimated total: $400.00
Traceback (most recent call last):
  File "/usr/local/lib/python3.11/dist-packages/alpaca/common/rest.py", line 198, in _one_request
    response.raise_for_status()
  File "/usr/local/lib/python3.11/dist-packages/request
[2026-04-30 09:41:51 UTC] -- NVDA
[2026-04-30 09:41:52 UTC]   bars=61  signal=SELL  price=$209.35  SMA=$194.96  lower=$170.35  upper=$219.57
[2026-04-30 09:41:52 UTC]   SKIP SELL: no position.
[2026-04-30 09:41:52 UTC] -- AMD
[2026-04-30 09:41:53 UTC]   bars=61  signal=SELL  price=$337.10  SMA=$270.52  lower=$186.26  upper=$354.78
[2026-04-30 09:41:53 UTC]   SKIP SELL: no position.
[2026-04-30 09:41:53 UTC] -- TSLA
[2026-04-30 09:41:53 UTC]   bars=61  signal=SELL  price=$372.80  SMA=$371.03  lower=$335.99  upper=$406.06
[2026-04-30 09:41:53 UTC]   SKIP SELL: no position.
[2026-04-30 09:41:53 UTC] -- META
[2026-04-30 09:41:54 UTC]   bars=61  signal=SELL  price=$669.47  SMA=$643.72  lower=$565.53  upper=$721.91
[2026-04-30 09:41:54 UTC]   SKIP SELL: no position.
[2026-04-30 09:41:54 UTC] -- GOOGL
[2026-04-30 09:41:55 UTC]   bars=61  signal=SELL  price=$350.27  SMA=$328.17  lower=$293.31  upper=$363.03
[2026-04-30 09:41:55 UTC]   SKIP SELL: no position.
[2026-04-30 09:41:55 UTC] -- AMZN
[2026-04-30 09:41:55 UTC]   bars=61  signal=SELL  price=$263.22  SMA=$241.72  lower=$205.72  upper=$277.72
[2026-04-30 09:41:55 UTC]   SKIP SELL: no position.
[2026-04-30 09:41:55 UTC] -- SPY
[2026-04-30 09:41:56 UTC]   bars=61  signal=SELL  price=$711.59  SMA=$692.03  lower=$650.15  upper=$733.92
[2026-04-30 09:41:56 UTC]   → SELLING 1 shares @ ~$711.59
[2026-04-30 09:41:58 UTC]   ORDER SELL 1x SPY: 📋 Order Summary:
   SELL 1 SPY @ MARKET (~$689.60)
   Estimated total: $689.60
Traceback (most recent call last):
  File "/usr/local/lib/python3.11/dist-packages/alpaca/common/rest.py", line 198, in _one_request
    response.raise_for_status()
  File "/usr/local/lib/python3.11/dist-packages/requests
[2026-04-30 09:41:58 UTC] -- QQQ
[2026-04-30 09:41:59 UTC]   bars=61  signal=SELL  price=$661.59  SMA=$629.54  lower=$574.42  upper=$684.67
[2026-04-30 09:41:59 UTC]   SKIP SELL: no position.
[2026-04-30 09:41:59 UTC] === Scan cycle complete ===

[2026-04-30 09:46:42 UTC] === Mean-Reversion scan cycle start ===
[2026-04-30 09:46:44 UTC] Equity: $99,996.15  |  Buying power: $198,591.92
[2026-04-30 09:46:44 UTC] Open positions: {'AAPL': 1.0, 'MSFT': 1.0, 'SPY': 1.0}
[2026-04-30 09:46:44 UTC] Watchlist (10): ['AAPL', 'MSFT', 'NVDA', 'AMD', 'TSLA', 'META', 'GOOGL', 'AMZN', 'SPY', 'QQQ']
[2026-04-30 09:46:44 UTC] -- AAPL
[2026-04-30 09:46:45 UTC]   bars=61  signal=SELL  price=$270.15  SMA=$264.34  lower=$251.50  upper=$277.17
[2026-04-30 09:46:45 UTC]   → SELLING 1 shares @ ~$270.15
[2026-04-30 09:46:48 UTC]   ORDER SELL 1x AAPL: 📋 Order Summary:
   SELL 1 AAPL @ MARKET (~$254.12)
   Estimated total: $254.12
Traceback (most recent call last):
  File "/usr/local/lib/python3.11/dist-packages/alpaca/common/rest.py", line 198, in _one_request
    response.raise_for_status()
  File "/usr/local/lib/python3.11/dist-packages/request
[2026-04-30 09:46:48 UTC] -- MSFT
[2026-04-30 09:46:48 UTC]   bars=61  signal=SELL  price=$424.80  SMA=$401.61  lower=$353.43  upper=$449.79
[2026-04-30 09:46:48 UTC]   → SELLING 1 shares @ ~$424.80
[2026-04-30 09:46:51 UTC]   ORDER SELL 1x MSFT: 📋 Order Summary:
   SELL 1 MSFT @ MARKET (~$400.00)
   Estimated total: $400.00
Traceback (most recent call last):
  File "/usr/local/lib/python3.11/dist-packages/alpaca/common/rest.py", line 198, in _one_request
    response.raise_for_status()
  File "/usr/local/lib/python3.11/dist-packages/request
[2026-04-30 09:46:51 UTC] -- NVDA
[2026-04-30 09:46:51 UTC]   bars=61  signal=SELL  price=$209.35  SMA=$194.96  lower=$170.35  upper=$219.57
[2026-04-30 09:46:51 UTC]   SKIP SELL: no position.
[2026-04-30 09:46:52 UTC] -- AMD
[2026-04-30 09:46:52 UTC]   bars=61  signal=SELL  price=$337.10  SMA=$270.52  lower=$186.26  upper=$354.78
[2026-04-30 09:46:52 UTC]   SKIP SELL: no position.
[2026-04-30 09:46:52 UTC] -- TSLA
[2026-04-30 09:46:53 UTC]   bars=61  signal=SELL  price=$372.80  SMA=$371.03  lower=$335.99  upper=$406.06
[2026-04-30 09:46:53 UTC]   SKIP SELL: no position.
[2026-04-30 09:46:53 UTC] -- META
[2026-04-30 09:46:54 UTC]   bars=61  signal=SELL  price=$669.47  SMA=$643.72  lower=$565.53  upper=$721.91
[2026-04-30 09:46:54 UTC]   SKIP SELL: no position.
[2026-04-30 09:46:54 UTC] -- GOOGL
[2026-04-30 09:46:54 UTC]   bars=61  signal=SELL  price=$350.27  SMA=$328.17  lower=$293.31  upper=$363.03
[2026-04-30 09:46:54 UTC]   SKIP SELL: no position.
[2026-04-30 09:46:54 UTC] -- AMZN
[2026-04-30 09:46:55 UTC]   bars=61  signal=SELL  price=$263.22  SMA=$241.72  lower=$205.72  upper=$277.72
[2026-04-30 09:46:55 UTC]   SKIP SELL: no position.
[2026-04-30 09:46:55 UTC] -- SPY
[2026-04-30 09:46:55 UTC]   bars=61  signal=SELL  price=$711.59  SMA=$692.03  lower=$650.15  upper=$733.92
[2026-04-30 09:46:55 UTC]   → SELLING 1 shares @ ~$711.59
[2026-04-30 09:46:58 UTC]   ORDER SELL 1x SPY: 📋 Order Summary:
   SELL 1 SPY @ MARKET (~$689.60)
   Estimated total: $689.60
Traceback (most recent call last):
  File "/usr/local/lib/python3.11/dist-packages/alpaca/common/rest.py", line 198, in _one_request
    response.raise_for_status()
  File "/usr/local/lib/python3.11/dist-packages/requests
[2026-04-30 09:46:58 UTC] -- QQQ
[2026-04-30 09:46:58 UTC]   bars=61  signal=SELL  price=$661.59  SMA=$629.54  lower=$574.42  upper=$684.67
[2026-04-30 09:46:58 UTC]   SKIP SELL: no position.
[2026-04-30 09:46:58 UTC] === Scan cycle complete ===

[2026-04-30 09:51:41 UTC] === Mean-Reversion scan cycle start ===
[2026-04-30 09:51:43 UTC] Equity: $99,994.50  |  Buying power: $198,590.27
[2026-04-30 09:51:43 UTC] Open positions: {'AAPL': 1.0, 'MSFT': 1.0, 'SPY': 1.0}
[2026-04-30 09:51:43 UTC] Watchlist (10): ['AAPL', 'MSFT', 'NVDA', 'AMD', 'TSLA', 'META', 'GOOGL', 'AMZN', 'SPY', 'QQQ']
[2026-04-30 09:51:43 UTC] -- AAPL
[2026-04-30 09:51:44 UTC]   bars=61  signal=SELL  price=$270.15  SMA=$264.34  lower=$251.50  upper=$277.17
[2026-04-30 09:51:44 UTC]   → SELLING 1 shares @ ~$270.15
[2026-04-30 09:51:46 UTC]   ORDER SELL 1x AAPL: 📋 Order Summary:
   SELL 1 AAPL @ MARKET (~$254.12)
   Estimated total: $254.12
Traceback (most recent call last):
  File "/usr/local/lib/python3.11/dist-packages/alpaca/common/rest.py", line 198, in _one_request
    response.raise_for_status()
  File "/usr/local/lib/python3.11/dist-packages/request
[2026-04-30 09:51:46 UTC] -- MSFT
[2026-04-30 09:51:47 UTC]   bars=61  signal=SELL  price=$424.80  SMA=$401.61  lower=$353.43  upper=$449.79
[2026-04-30 09:51:47 UTC]   → SELLING 1 shares @ ~$424.80
[2026-04-30 09:51:49 UTC]   ORDER SELL 1x MSFT: 📋 Order Summary:
   SELL 1 MSFT @ MARKET (~$400.00)
   Estimated total: $400.00
Traceback (most recent call last):
  File "/usr/local/lib/python3.11/dist-packages/alpaca/common/rest.py", line 198, in _one_request
    response.raise_for_status()
  File "/usr/local/lib/python3.11/dist-packages/request
[2026-04-30 09:51:49 UTC] -- NVDA
[2026-04-30 09:51:50 UTC]   bars=61  signal=SELL  price=$209.35  SMA=$194.96  lower=$170.35  upper=$219.57
[2026-04-30 09:51:50 UTC]   SKIP SELL: no position.
[2026-04-30 09:51:50 UTC] -- AMD
[2026-04-30 09:51:50 UTC]   bars=61  signal=SELL  price=$337.10  SMA=$270.52  lower=$186.26  upper=$354.78
[2026-04-30 09:51:50 UTC]   SKIP SELL: no position.
[2026-04-30 09:51:51 UTC] -- TSLA
[2026-04-30 09:51:51 UTC]   bars=61  signal=SELL  price=$372.80  SMA=$371.03  lower=$335.99  upper=$406.06
[2026-04-30 09:51:51 UTC]   SKIP SELL: no position.
[2026-04-30 09:51:51 UTC] -- META
[2026-04-30 09:51:52 UTC]   bars=61  signal=SELL  price=$669.47  SMA=$643.72  lower=$565.53  upper=$721.91
[2026-04-30 09:51:52 UTC]   SKIP SELL: no position.
[2026-04-30 09:51:52 UTC] -- GOOGL
[2026-04-30 09:51:53 UTC]   bars=61  signal=SELL  price=$350.27  SMA=$328.17  lower=$293.31  upper=$363.03
[2026-04-30 09:51:53 UTC]   SKIP SELL: no position.
[2026-04-30 09:51:53 UTC] -- AMZN
[2026-04-30 09:51:54 UTC]   bars=61  signal=SELL  price=$263.22  SMA=$241.72  lower=$205.72  upper=$277.72
[2026-04-30 09:51:54 UTC]   SKIP SELL: no position.
[2026-04-30 09:51:54 UTC] -- SPY
[2026-04-30 09:51:54 UTC]   bars=61  signal=SELL  price=$711.59  SMA=$692.03  lower=$650.15  upper=$733.92
[2026-04-30 09:51:54 UTC]   → SELLING 1 shares @ ~$711.59
[2026-04-30 09:51:57 UTC]   ORDER SELL 1x SPY: 📋 Order Summary:
   SELL 1 SPY @ MARKET (~$689.60)
   Estimated total: $689.60
Traceback (most recent call last):
  File "/usr/local/lib/python3.11/dist-packages/alpaca/common/rest.py", line 198, in _one_request
    response.raise_for_status()
  File "/usr/local/lib/python3.11/dist-packages/requests
[2026-04-30 09:51:57 UTC] -- QQQ
[2026-04-30 09:51:57 UTC]   bars=61  signal=SELL  price=$661.59  SMA=$629.54  lower=$574.42  upper=$684.67
[2026-04-30 09:51:57 UTC]   SKIP SELL: no position.
[2026-04-30 09:51:57 UTC] === Scan cycle complete ===

[2026-04-30 09:56:40 UTC] === Mean-Reversion scan cycle start ===
[2026-04-30 09:56:42 UTC] Equity: $99,995.50  |  Buying power: $198,591.27
[2026-04-30 09:56:42 UTC] Open positions: {'AAPL': 1.0, 'MSFT': 1.0, 'SPY': 1.0}
[2026-04-30 09:56:42 UTC] Watchlist (10): ['AAPL', 'MSFT', 'NVDA', 'AMD', 'TSLA', 'META', 'GOOGL', 'AMZN', 'SPY', 'QQQ']
[2026-04-30 09:56:42 UTC] -- AAPL
[2026-04-30 09:56:43 UTC]   bars=61  signal=SELL  price=$270.15  SMA=$264.34  lower=$251.50  upper=$277.17
[2026-04-30 09:56:43 UTC]   → SELLING 1 shares @ ~$270.15
[2026-04-30 09:56:46 UTC]   ORDER SELL 1x AAPL: 📋 Order Summary:
   SELL 1 AAPL @ MARKET (~$254.12)
   Estimated total: $254.12
Traceback (most recent call last):
  File "/usr/local/lib/python3.11/dist-packages/alpaca/common/rest.py", line 198, in _one_request
    response.raise_for_status()
  File "/usr/local/lib/python3.11/dist-packages/request
[2026-04-30 09:56:46 UTC] -- MSFT
[2026-04-30 09:56:46 UTC]   bars=61  signal=SELL  price=$424.80  SMA=$401.61  lower=$353.43  upper=$449.79
[2026-04-30 09:56:46 UTC]   → SELLING 1 shares @ ~$424.80
[2026-04-30 09:56:48 UTC]   ORDER SELL 1x MSFT: 📋 Order Summary:
   SELL 1 MSFT @ MARKET (~$400.00)
   Estimated total: $400.00
Traceback (most recent call last):
  File "/usr/local/lib/python3.11/dist-packages/alpaca/common/rest.py", line 198, in _one_request
    response.raise_for_status()
  File "/usr/local/lib/python3.11/dist-packages/request
[2026-04-30 09:56:49 UTC] -- NVDA
[2026-04-30 09:56:49 UTC]   bars=61  signal=SELL  price=$209.35  SMA=$194.96  lower=$170.35  upper=$219.57
[2026-04-30 09:56:49 UTC]   SKIP SELL: no position.
[2026-04-30 09:56:49 UTC] -- AMD
[2026-04-30 09:56:50 UTC]   bars=61  signal=SELL  price=$337.10  SMA=$270.52  lower=$186.26  upper=$354.78
[2026-04-30 09:56:50 UTC]   SKIP SELL: no position.
[2026-04-30 09:56:50 UTC] -- TSLA
[2026-04-30 09:56:51 UTC]   bars=61  signal=SELL  price=$372.80  SMA=$371.03  lower=$335.99  upper=$406.06
[2026-04-30 09:56:51 UTC]   SKIP SELL: no position.
[2026-04-30 09:56:51 UTC] -- META
[2026-04-30 09:56:51 UTC]   bars=61  signal=SELL  price=$669.47  SMA=$643.72  lower=$565.53  upper=$721.91
[2026-04-30 09:56:51 UTC]   SKIP SELL: no position.
[2026-04-30 09:56:51 UTC] -- GOOGL
[2026-04-30 09:56:52 UTC]   bars=61  signal=SELL  price=$350.27  SMA=$328.17  lower=$293.31  upper=$363.03
[2026-04-30 09:56:52 UTC]   SKIP SELL: no position.
[2026-04-30 09:56:52 UTC] -- AMZN
[2026-04-30 09:56:53 UTC]   bars=61  signal=SELL  price=$263.22  SMA=$241.72  lower=$205.72  upper=$277.72
[2026-04-30 09:56:53 UTC]   SKIP SELL: no position.
[2026-04-30 09:56:53 UTC] -- SPY
[2026-04-30 09:56:53 UTC]   bars=61  signal=SELL  price=$711.59  SMA=$692.03  lower=$650.15  upper=$733.92
[2026-04-30 09:56:53 UTC]   → SELLING 1 shares @ ~$711.59
[2026-04-30 09:56:55 UTC]   ORDER SELL 1x SPY: 📋 Order Summary:
   SELL 1 SPY @ MARKET (~$689.60)
   Estimated total: $689.60
Traceback (most recent call last):
  File "/usr/local/lib/python3.11/dist-packages/alpaca/common/rest.py", line 198, in _one_request
    response.raise_for_status()
  File "/usr/local/lib/python3.11/dist-packages/requests
[2026-04-30 09:56:55 UTC] -- QQQ
[2026-04-30 09:56:56 UTC]   bars=61  signal=SELL  price=$661.59  SMA=$629.54  lower=$574.42  upper=$684.67
[2026-04-30 09:56:56 UTC]   SKIP SELL: no position.
[2026-04-30 09:56:56 UTC] === Scan cycle complete ===

[2026-04-30 10:01:44 UTC] === Mean-Reversion scan cycle start ===
[2026-04-30 10:01:45 UTC] Equity: $99,995.76  |  Buying power: $198,591.53
[2026-04-30 10:01:46 UTC] Open positions: {'AAPL': 1.0, 'MSFT': 1.0, 'SPY': 1.0}
[2026-04-30 10:01:46 UTC] Watchlist (10): ['AAPL', 'MSFT', 'NVDA', 'AMD', 'TSLA', 'META', 'GOOGL', 'AMZN', 'SPY', 'QQQ']
[2026-04-30 10:01:46 UTC] -- AAPL
[2026-04-30 10:01:46 UTC]   bars=61  signal=SELL  price=$270.15  SMA=$264.34  lower=$251.50  upper=$277.17
[2026-04-30 10:01:46 UTC]   → SELLING 1 shares @ ~$270.15
[2026-04-30 10:01:49 UTC]   ORDER SELL 1x AAPL: 📋 Order Summary:
   SELL 1 AAPL @ MARKET (~$254.12)
   Estimated total: $254.12
Traceback (most recent call last):
  File "/usr/local/lib/python3.11/dist-packages/alpaca/common/rest.py", line 198, in _one_request
    response.raise_for_status()
  File "/usr/local/lib/python3.11/dist-packages/request
[2026-04-30 10:01:49 UTC] -- MSFT
[2026-04-30 10:01:50 UTC]   bars=61  signal=SELL  price=$424.80  SMA=$401.61  lower=$353.43  upper=$449.79
[2026-04-30 10:01:50 UTC]   → SELLING 1 shares @ ~$424.80
[2026-04-30 10:01:52 UTC]   ORDER SELL 1x MSFT: 📋 Order Summary:
   SELL 1 MSFT @ MARKET (~$400.00)
   Estimated total: $400.00
Traceback (most recent call last):
  File "/usr/local/lib/python3.11/dist-packages/alpaca/common/rest.py", line 198, in _one_request
    response.raise_for_status()
  File "/usr/local/lib/python3.11/dist-packages/request
[2026-04-30 10:01:52 UTC] -- NVDA
[2026-04-30 10:01:53 UTC]   bars=61  signal=SELL  price=$209.35  SMA=$194.96  lower=$170.35  upper=$219.57
[2026-04-30 10:01:53 UTC]   SKIP SELL: no position.
[2026-04-30 10:01:53 UTC] -- AMD
[2026-04-30 10:01:53 UTC]   bars=61  signal=SELL  price=$337.10  SMA=$270.52  lower=$186.26  upper=$354.78
[2026-04-30 10:01:53 UTC]   SKIP SELL: no position.
[2026-04-30 10:01:53 UTC] -- TSLA
[2026-04-30 10:01:54 UTC]   bars=61  signal=SELL  price=$372.80  SMA=$371.03  lower=$335.99  upper=$406.06
[2026-04-30 10:01:54 UTC]   SKIP SELL: no position.
[2026-04-30 10:01:54 UTC] -- META
[2026-04-30 10:01:54 UTC]   bars=61  signal=SELL  price=$669.47  SMA=$643.72  lower=$565.53  upper=$721.91
[2026-04-30 10:01:54 UTC]   SKIP SELL: no position.
[2026-04-30 10:01:54 UTC] -- GOOGL
[2026-04-30 10:01:55 UTC]   bars=61  signal=SELL  price=$350.27  SMA=$328.17  lower=$293.31  upper=$363.03
[2026-04-30 10:01:55 UTC]   SKIP SELL: no position.
[2026-04-30 10:01:55 UTC] -- AMZN
[2026-04-30 10:01:56 UTC]   bars=61  signal=SELL  price=$263.22  SMA=$241.72  lower=$205.72  upper=$277.72
[2026-04-30 10:01:56 UTC]   SKIP SELL: no position.
[2026-04-30 10:01:56 UTC] -- SPY
[2026-04-30 10:01:56 UTC]   bars=61  signal=SELL  price=$711.59  SMA=$692.03  lower=$650.15  upper=$733.92
[2026-04-30 10:01:56 UTC]   → SELLING 1 shares @ ~$711.59
[2026-04-30 10:01:59 UTC]   ORDER SELL 1x SPY: 📋 Order Summary:
   SELL 1 SPY @ MARKET (~$689.60)
   Estimated total: $689.60
Traceback (most recent call last):
  File "/usr/local/lib/python3.11/dist-packages/alpaca/common/rest.py", line 198, in _one_request
    response.raise_for_status()
  File "/usr/local/lib/python3.11/dist-packages/requests
[2026-04-30 10:01:59 UTC] -- QQQ
[2026-04-30 10:01:59 UTC]   bars=61  signal=SELL  price=$661.59  SMA=$629.54  lower=$574.42  upper=$684.67
[2026-04-30 10:01:59 UTC]   SKIP SELL: no position.
[2026-04-30 10:01:59 UTC] === Scan cycle complete ===

[2026-04-30 10:06:46 UTC] === Mean-Reversion scan cycle start ===
[2026-04-30 10:06:48 UTC] Equity: $99,996.04  |  Buying power: $198,591.81
[2026-04-30 10:06:48 UTC] Open positions: {'AAPL': 1.0, 'MSFT': 1.0, 'SPY': 1.0}
[2026-04-30 10:06:48 UTC] Watchlist (10): ['AAPL', 'MSFT', 'NVDA', 'AMD', 'TSLA', 'META', 'GOOGL', 'AMZN', 'SPY', 'QQQ']
[2026-04-30 10:06:48 UTC] -- AAPL
[2026-04-30 10:06:49 UTC]   bars=61  signal=SELL  price=$270.15  SMA=$264.34  lower=$251.50  upper=$277.17
[2026-04-30 10:06:49 UTC]   → SELLING 1 shares @ ~$270.15
[2026-04-30 10:06:51 UTC]   ORDER SELL 1x AAPL: 📋 Order Summary:
   SELL 1 AAPL @ MARKET (~$254.12)
   Estimated total: $254.12
Traceback (most recent call last):
  File "/usr/local/lib/python3.11/dist-packages/alpaca/common/rest.py", line 198, in _one_request
    response.raise_for_status()
  File "/usr/local/lib/python3.11/dist-packages/request
[2026-04-30 10:06:51 UTC] -- MSFT
[2026-04-30 10:06:52 UTC]   bars=61  signal=SELL  price=$424.80  SMA=$401.61  lower=$353.43  upper=$449.79
[2026-04-30 10:06:52 UTC]   → SELLING 1 shares @ ~$424.80
[2026-04-30 10:06:54 UTC]   ORDER SELL 1x MSFT: 📋 Order Summary:
   SELL 1 MSFT @ MARKET (~$400.00)
   Estimated total: $400.00
Traceback (most recent call last):
  File "/usr/local/lib/python3.11/dist-packages/alpaca/common/rest.py", line 198, in _one_request
    response.raise_for_status()
  File "/usr/local/lib/python3.11/dist-packages/request
[2026-04-30 10:06:54 UTC] -- NVDA
[2026-04-30 10:06:55 UTC]   bars=61  signal=SELL  price=$209.35  SMA=$194.96  lower=$170.35  upper=$219.57
[2026-04-30 10:06:55 UTC]   SKIP SELL: no position.
[2026-04-30 10:06:55 UTC] -- AMD
[2026-04-30 10:06:55 UTC]   bars=61  signal=SELL  price=$337.10  SMA=$270.52  lower=$186.26  upper=$354.78
[2026-04-30 10:06:55 UTC]   SKIP SELL: no position.
[2026-04-30 10:06:55 UTC] -- TSLA
[2026-04-30 10:06:56 UTC]   bars=61  signal=SELL  price=$372.80  SMA=$371.03  lower=$335.99  upper=$406.06
[2026-04-30 10:06:56 UTC]   SKIP SELL: no position.
[2026-04-30 10:06:56 UTC] -- META
[2026-04-30 10:06:57 UTC]   bars=61  signal=SELL  price=$669.47  SMA=$643.72  lower=$565.53  upper=$721.91
[2026-04-30 10:06:57 UTC]   SKIP SELL: no position.
[2026-04-30 10:06:57 UTC] -- GOOGL
[2026-04-30 10:06:57 UTC]   bars=61  signal=SELL  price=$350.27  SMA=$328.17  lower=$293.31  upper=$363.03
[2026-04-30 10:06:57 UTC]   SKIP SELL: no position.
[2026-04-30 10:06:57 UTC] -- AMZN
[2026-04-30 10:06:58 UTC]   bars=61  signal=SELL  price=$263.22  SMA=$241.72  lower=$205.72  upper=$277.72
[2026-04-30 10:06:58 UTC]   SKIP SELL: no position.
[2026-04-30 10:06:58 UTC] -- SPY
[2026-04-30 10:06:59 UTC]   bars=61  signal=SELL  price=$711.59  SMA=$692.03  lower=$650.15  upper=$733.92
[2026-04-30 10:06:59 UTC]   → SELLING 1 shares @ ~$711.59
[2026-04-30 10:07:01 UTC]   ORDER SELL 1x SPY: 📋 Order Summary:
   SELL 1 SPY @ MARKET (~$689.60)
   Estimated total: $689.60
Traceback (most recent call last):
  File "/usr/local/lib/python3.11/dist-packages/alpaca/common/rest.py", line 198, in _one_request
    response.raise_for_status()
  File "/usr/local/lib/python3.11/dist-packages/requests
[2026-04-30 10:07:01 UTC] -- QQQ
[2026-04-30 10:07:02 UTC]   bars=61  signal=SELL  price=$661.59  SMA=$629.54  lower=$574.42  upper=$684.67
[2026-04-30 10:07:02 UTC]   SKIP SELL: no position.
[2026-04-30 10:07:02 UTC] === Scan cycle complete ===

[2026-04-30 10:11:40 UTC] === Mean-Reversion scan cycle start ===
[2026-04-30 10:11:42 UTC] Equity: $99,997.66  |  Buying power: $198,593.43
[2026-04-30 10:11:42 UTC] Open positions: {'AAPL': 1.0, 'MSFT': 1.0, 'SPY': 1.0}
[2026-04-30 10:11:42 UTC] Watchlist (10): ['AAPL', 'MSFT', 'NVDA', 'AMD', 'TSLA', 'META', 'GOOGL', 'AMZN', 'SPY', 'QQQ']
[2026-04-30 10:11:42 UTC] -- AAPL
[2026-04-30 10:11:43 UTC]   bars=61  signal=SELL  price=$270.15  SMA=$264.34  lower=$251.50  upper=$277.17
[2026-04-30 10:11:43 UTC]   → SELLING 1 shares @ ~$270.15
[2026-04-30 10:11:45 UTC]   ORDER SELL 1x AAPL: 📋 Order Summary:
   SELL 1 AAPL @ MARKET (~$254.12)
   Estimated total: $254.12
Traceback (most recent call last):
  File "/usr/local/lib/python3.11/dist-packages/alpaca/common/rest.py", line 198, in _one_request
    response.raise_for_status()
  File "/usr/local/lib/python3.11/dist-packages/request
[2026-04-30 10:11:45 UTC] -- MSFT
[2026-04-30 10:11:46 UTC]   bars=61  signal=SELL  price=$424.80  SMA=$401.61  lower=$353.43  upper=$449.79
[2026-04-30 10:11:46 UTC]   → SELLING 1 shares @ ~$424.80
[2026-04-30 10:11:48 UTC]   ORDER SELL 1x MSFT: 📋 Order Summary:
   SELL 1 MSFT @ MARKET (~$400.00)
   Estimated total: $400.00
Traceback (most recent call last):
  File "/usr/local/lib/python3.11/dist-packages/alpaca/common/rest.py", line 198, in _one_request
    response.raise_for_status()
  File "/usr/local/lib/python3.11/dist-packages/request
[2026-04-30 10:11:48 UTC] -- NVDA
[2026-04-30 10:11:49 UTC]   bars=61  signal=SELL  price=$209.35  SMA=$194.96  lower=$170.35  upper=$219.57
[2026-04-30 10:11:49 UTC]   SKIP SELL: no position.
[2026-04-30 10:11:49 UTC] -- AMD
[2026-04-30 10:11:49 UTC]   bars=61  signal=SELL  price=$337.10  SMA=$270.52  lower=$186.26  upper=$354.78
[2026-04-30 10:11:49 UTC]   SKIP SELL: no position.
[2026-04-30 10:11:49 UTC] -- TSLA
[2026-04-30 10:11:50 UTC]   bars=61  signal=SELL  price=$372.80  SMA=$371.03  lower=$335.99  upper=$406.06
[2026-04-30 10:11:50 UTC]   SKIP SELL: no position.
[2026-04-30 10:11:50 UTC] -- META
[2026-04-30 10:11:51 UTC]   bars=61  signal=SELL  price=$669.47  SMA=$643.72  lower=$565.53  upper=$721.91
[2026-04-30 10:11:51 UTC]   SKIP SELL: no position.
[2026-04-30 10:11:51 UTC] -- GOOGL
[2026-04-30 10:11:51 UTC]   bars=61  signal=SELL  price=$350.27  SMA=$328.17  lower=$293.31  upper=$363.03
[2026-04-30 10:11:51 UTC]   SKIP SELL: no position.
[2026-04-30 10:11:51 UTC] -- AMZN
[2026-04-30 10:11:52 UTC]   bars=61  signal=SELL  price=$263.22  SMA=$241.72  lower=$205.72  upper=$277.72
[2026-04-30 10:11:52 UTC]   SKIP SELL: no position.
[2026-04-30 10:11:52 UTC] -- SPY
[2026-04-30 10:11:53 UTC]   bars=61  signal=SELL  price=$711.59  SMA=$692.03  lower=$650.15  upper=$733.92
[2026-04-30 10:11:53 UTC]   → SELLING 1 shares @ ~$711.59
[2026-04-30 10:11:55 UTC]   ORDER SELL 1x SPY: 📋 Order Summary:
   SELL 1 SPY @ MARKET (~$689.60)
   Estimated total: $689.60
Traceback (most recent call last):
  File "/usr/local/lib/python3.11/dist-packages/alpaca/common/rest.py", line 198, in _one_request
    response.raise_for_status()
  File "/usr/local/lib/python3.11/dist-packages/requests
[2026-04-30 10:11:55 UTC] -- QQQ
[2026-04-30 10:11:56 UTC]   bars=61  signal=SELL  price=$661.59  SMA=$629.54  lower=$574.42  upper=$684.67
[2026-04-30 10:11:56 UTC]   SKIP SELL: no position.
[2026-04-30 10:11:56 UTC] === Scan cycle complete ===

[2026-04-30 10:16:44 UTC] === Mean-Reversion scan cycle start ===
[2026-04-30 10:16:45 UTC] Equity: $99,996.85  |  Buying power: $198,592.62
[2026-04-30 10:16:46 UTC] Open positions: {'AAPL': 1.0, 'MSFT': 1.0, 'SPY': 1.0}
[2026-04-30 10:16:46 UTC] Watchlist (10): ['AAPL', 'MSFT', 'NVDA', 'AMD', 'TSLA', 'META', 'GOOGL', 'AMZN', 'SPY', 'QQQ']
[2026-04-30 10:16:46 UTC] -- AAPL
[2026-04-30 10:16:46 UTC]   bars=61  signal=SELL  price=$270.15  SMA=$264.34  lower=$251.50  upper=$277.17
[2026-04-30 10:16:46 UTC]   → SELLING 1 shares @ ~$270.15
[2026-04-30 10:16:49 UTC]   ORDER SELL 1x AAPL: 📋 Order Summary:
   SELL 1 AAPL @ MARKET (~$254.12)
   Estimated total: $254.12
Traceback (most recent call last):
  File "/usr/local/lib/python3.11/dist-packages/alpaca/common/rest.py", line 198, in _one_request
    response.raise_for_status()
  File "/usr/local/lib/python3.11/dist-packages/request
[2026-04-30 10:16:49 UTC] -- MSFT
[2026-04-30 10:16:49 UTC]   bars=61  signal=SELL  price=$424.80  SMA=$401.61  lower=$353.43  upper=$449.79
[2026-04-30 10:16:49 UTC]   → SELLING 1 shares @ ~$424.80
[2026-04-30 10:16:52 UTC]   ORDER SELL 1x MSFT: 📋 Order Summary:
   SELL 1 MSFT @ MARKET (~$400.00)
   Estimated total: $400.00
Traceback (most recent call last):
  File "/usr/local/lib/python3.11/dist-packages/alpaca/common/rest.py", line 198, in _one_request
    response.raise_for_status()
  File "/usr/local/lib/python3.11/dist-packages/request
[2026-04-30 10:16:52 UTC] -- NVDA
[2026-04-30 10:16:52 UTC]   bars=61  signal=SELL  price=$209.35  SMA=$194.96  lower=$170.35  upper=$219.57
[2026-04-30 10:16:52 UTC]   SKIP SELL: no position.
[2026-04-30 10:16:52 UTC] -- AMD
[2026-04-30 10:16:53 UTC]   bars=61  signal=SELL  price=$337.10  SMA=$270.52  lower=$186.26  upper=$354.78
[2026-04-30 10:16:53 UTC]   SKIP SELL: no position.
[2026-04-30 10:16:53 UTC] -- TSLA
[2026-04-30 10:16:53 UTC]   bars=61  signal=SELL  price=$372.80  SMA=$371.03  lower=$335.99  upper=$406.06
[2026-04-30 10:16:53 UTC]   SKIP SELL: no position.
[2026-04-30 10:16:53 UTC] -- META
[2026-04-30 10:16:54 UTC]   bars=61  signal=SELL  price=$669.47  SMA=$643.72  lower=$565.53  upper=$721.91
[2026-04-30 10:16:54 UTC]   SKIP SELL: no position.
[2026-04-30 10:16:54 UTC] -- GOOGL
[2026-04-30 10:16:55 UTC]   bars=61  signal=SELL  price=$350.27  SMA=$328.17  lower=$293.31  upper=$363.03
[2026-04-30 10:16:55 UTC]   SKIP SELL: no position.
[2026-04-30 10:16:55 UTC] -- AMZN
[2026-04-30 10:16:55 UTC]   bars=61  signal=SELL  price=$263.22  SMA=$241.72  lower=$205.72  upper=$277.72
[2026-04-30 10:16:55 UTC]   SKIP SELL: no position.
[2026-04-30 10:16:55 UTC] -- SPY
[2026-04-30 10:16:56 UTC]   bars=61  signal=SELL  price=$711.59  SMA=$692.03  lower=$650.15  upper=$733.92
[2026-04-30 10:16:56 UTC]   → SELLING 1 shares @ ~$711.59
[2026-04-30 10:16:58 UTC]   ORDER SELL 1x SPY: 📋 Order Summary:
   SELL 1 SPY @ MARKET (~$689.60)
   Estimated total: $689.60
Traceback (most recent call last):
  File "/usr/local/lib/python3.11/dist-packages/alpaca/common/rest.py", line 198, in _one_request
    response.raise_for_status()
  File "/usr/local/lib/python3.11/dist-packages/requests
[2026-04-30 10:16:58 UTC] -- QQQ
[2026-04-30 10:16:59 UTC]   bars=61  signal=SELL  price=$661.59  SMA=$629.54  lower=$574.42  upper=$684.67
[2026-04-30 10:16:59 UTC]   SKIP SELL: no position.
[2026-04-30 10:16:59 UTC] === Scan cycle complete ===

[2026-04-30 10:21:41 UTC] === Mean-Reversion scan cycle start ===
[2026-04-30 10:21:42 UTC] Equity: $99,996.17  |  Buying power: $198,591.94
[2026-04-30 10:21:42 UTC] Open positions: {'AAPL': 1.0, 'MSFT': 1.0, 'SPY': 1.0}
[2026-04-30 10:21:42 UTC] Watchlist (10): ['AAPL', 'MSFT', 'NVDA', 'AMD', 'TSLA', 'META', 'GOOGL', 'AMZN', 'SPY', 'QQQ']
[2026-04-30 10:21:43 UTC] -- AAPL
[2026-04-30 10:21:43 UTC]   bars=61  signal=SELL  price=$270.15  SMA=$264.34  lower=$251.50  upper=$277.17
[2026-04-30 10:21:43 UTC]   → SELLING 1 shares @ ~$270.15
[2026-04-30 10:21:45 UTC]   ORDER SELL 1x AAPL: 📋 Order Summary:
   SELL 1 AAPL @ MARKET (~$254.12)
   Estimated total: $254.12
Traceback (most recent call last):
  File "/usr/local/lib/python3.11/dist-packages/alpaca/common/rest.py", line 198, in _one_request
    response.raise_for_status()
  File "/usr/local/lib/python3.11/dist-packages/request
[2026-04-30 10:21:45 UTC] -- MSFT
[2026-04-30 10:21:46 UTC]   bars=61  signal=SELL  price=$424.80  SMA=$401.61  lower=$353.43  upper=$449.79
[2026-04-30 10:21:46 UTC]   → SELLING 1 shares @ ~$424.80
[2026-04-30 10:21:48 UTC]   ORDER SELL 1x MSFT: 📋 Order Summary:
   SELL 1 MSFT @ MARKET (~$400.00)
   Estimated total: $400.00
Traceback (most recent call last):
  File "/usr/local/lib/python3.11/dist-packages/alpaca/common/rest.py", line 198, in _one_request
    response.raise_for_status()
  File "/usr/local/lib/python3.11/dist-packages/request
[2026-04-30 10:21:48 UTC] -- NVDA
[2026-04-30 10:21:49 UTC]   bars=61  signal=SELL  price=$209.35  SMA=$194.96  lower=$170.35  upper=$219.57
[2026-04-30 10:21:49 UTC]   SKIP SELL: no position.
[2026-04-30 10:21:49 UTC] -- AMD
[2026-04-30 10:21:49 UTC]   bars=61  signal=SELL  price=$337.10  SMA=$270.52  lower=$186.26  upper=$354.78
[2026-04-30 10:21:49 UTC]   SKIP SELL: no position.
[2026-04-30 10:21:49 UTC] -- TSLA
[2026-04-30 10:21:50 UTC]   bars=61  signal=SELL  price=$372.80  SMA=$371.03  lower=$335.99  upper=$406.06
[2026-04-30 10:21:50 UTC]   SKIP SELL: no position.
[2026-04-30 10:21:50 UTC] -- META
[2026-04-30 10:21:51 UTC]   bars=61  signal=SELL  price=$669.47  SMA=$643.72  lower=$565.53  upper=$721.91
[2026-04-30 10:21:51 UTC]   SKIP SELL: no position.
[2026-04-30 10:21:51 UTC] -- GOOGL
[2026-04-30 10:21:51 UTC]   bars=61  signal=SELL  price=$350.27  SMA=$328.17  lower=$293.31  upper=$363.03
[2026-04-30 10:21:51 UTC]   SKIP SELL: no position.
[2026-04-30 10:21:51 UTC] -- AMZN
[2026-04-30 10:21:52 UTC]   bars=61  signal=SELL  price=$263.22  SMA=$241.72  lower=$205.72  upper=$277.72
[2026-04-30 10:21:52 UTC]   SKIP SELL: no position.
[2026-04-30 10:21:52 UTC] -- SPY
[2026-04-30 10:21:53 UTC]   bars=61  signal=SELL  price=$711.59  SMA=$692.03  lower=$650.15  upper=$733.92
[2026-04-30 10:21:53 UTC]   → SELLING 1 shares @ ~$711.59
[2026-04-30 10:21:55 UTC]   ORDER SELL 1x SPY: 📋 Order Summary:
   SELL 1 SPY @ MARKET (~$689.60)
   Estimated total: $689.60
Traceback (most recent call last):
  File "/usr/local/lib/python3.11/dist-packages/alpaca/common/rest.py", line 198, in _one_request
    response.raise_for_status()
  File "/usr/local/lib/python3.11/dist-packages/requests
[2026-04-30 10:21:55 UTC] -- QQQ
[2026-04-30 10:21:56 UTC]   bars=61  signal=SELL  price=$661.59  SMA=$629.54  lower=$574.42  upper=$684.67
[2026-04-30 10:21:56 UTC]   SKIP SELL: no position.
[2026-04-30 10:21:56 UTC] === Scan cycle complete ===

[2026-04-30 10:26:40 UTC] === Mean-Reversion scan cycle start ===
[2026-04-30 10:26:41 UTC] Equity: $99,996.48  |  Buying power: $198,592.25
[2026-04-30 10:26:42 UTC] Open positions: {'AAPL': 1.0, 'MSFT': 1.0, 'SPY': 1.0}
[2026-04-30 10:26:42 UTC] Watchlist (10): ['AAPL', 'MSFT', 'NVDA', 'AMD', 'TSLA', 'META', 'GOOGL', 'AMZN', 'SPY', 'QQQ']
[2026-04-30 10:26:42 UTC] -- AAPL
[2026-04-30 10:26:42 UTC]   bars=61  signal=SELL  price=$270.15  SMA=$264.34  lower=$251.50  upper=$277.17
[2026-04-30 10:26:42 UTC]   → SELLING 1 shares @ ~$270.15
[2026-04-30 10:26:45 UTC]   ORDER SELL 1x AAPL: 📋 Order Summary:
   SELL 1 AAPL @ MARKET (~$254.12)
   Estimated total: $254.12
Traceback (most recent call last):
  File "/usr/local/lib/python3.11/dist-packages/alpaca/common/rest.py", line 198, in _one_request
    response.raise_for_status()
  File "/usr/local/lib/python3.11/dist-packages/request
[2026-04-30 10:26:45 UTC] -- MSFT
[2026-04-30 10:26:45 UTC]   bars=61  signal=SELL  price=$424.80  SMA=$401.61  lower=$353.43  upper=$449.79
[2026-04-30 10:26:45 UTC]   → SELLING 1 shares @ ~$424.80
[2026-04-30 10:26:47 UTC]   ORDER SELL 1x MSFT: 📋 Order Summary:
   SELL 1 MSFT @ MARKET (~$400.00)
   Estimated total: $400.00
Traceback (most recent call last):
  File "/usr/local/lib/python3.11/dist-packages/alpaca/common/rest.py", line 198, in _one_request
    response.raise_for_status()
  File "/usr/local/lib/python3.11/dist-packages/request
[2026-04-30 10:26:47 UTC] -- NVDA
[2026-04-30 10:26:48 UTC]   bars=61  signal=SELL  price=$209.35  SMA=$194.96  lower=$170.35  upper=$219.57
[2026-04-30 10:26:48 UTC]   SKIP SELL: no position.
[2026-04-30 10:26:48 UTC] -- AMD
[2026-04-30 10:26:49 UTC]   bars=61  signal=SELL  price=$337.10  SMA=$270.52  lower=$186.26  upper=$354.78
[2026-04-30 10:26:49 UTC]   SKIP SELL: no position.
[2026-04-30 10:26:49 UTC] -- TSLA
[2026-04-30 10:26:49 UTC]   bars=61  signal=SELL  price=$372.80  SMA=$371.03  lower=$335.99  upper=$406.06
[2026-04-30 10:26:49 UTC]   SKIP SELL: no position.
[2026-04-30 10:26:49 UTC] -- META
[2026-04-30 10:26:50 UTC]   bars=61  signal=SELL  price=$669.47  SMA=$643.72  lower=$565.53  upper=$721.91
[2026-04-30 10:26:50 UTC]   SKIP SELL: no position.
[2026-04-30 10:26:50 UTC] -- GOOGL
[2026-04-30 10:26:50 UTC]   bars=61  signal=SELL  price=$350.27  SMA=$328.17  lower=$293.31  upper=$363.03
[2026-04-30 10:26:50 UTC]   SKIP SELL: no position.
[2026-04-30 10:26:51 UTC] -- AMZN
[2026-04-30 10:26:51 UTC]   bars=61  signal=SELL  price=$263.22  SMA=$241.72  lower=$205.72  upper=$277.72
[2026-04-30 10:26:51 UTC]   SKIP SELL: no position.
[2026-04-30 10:26:51 UTC] -- SPY
[2026-04-30 10:26:52 UTC]   bars=61  signal=SELL  price=$711.59  SMA=$692.03  lower=$650.15  upper=$733.92
[2026-04-30 10:26:52 UTC]   → SELLING 1 shares @ ~$711.59
[2026-04-30 10:26:54 UTC]   ORDER SELL 1x SPY: 📋 Order Summary:
   SELL 1 SPY @ MARKET (~$689.60)
   Estimated total: $689.60
Traceback (most recent call last):
  File "/usr/local/lib/python3.11/dist-packages/alpaca/common/rest.py", line 198, in _one_request
    response.raise_for_status()
  File "/usr/local/lib/python3.11/dist-packages/requests
[2026-04-30 10:26:54 UTC] -- QQQ
[2026-04-30 10:26:55 UTC]   bars=61  signal=SELL  price=$661.59  SMA=$629.54  lower=$574.42  upper=$684.67
[2026-04-30 10:26:55 UTC]   SKIP SELL: no position.
[2026-04-30 10:26:55 UTC] === Scan cycle complete ===

[2026-04-30 10:31:40 UTC] === Mean-Reversion scan cycle start ===
[2026-04-30 10:31:42 UTC] Equity: $99,997.37  |  Buying power: $198,593.14
[2026-04-30 10:31:42 UTC] Open positions: {'AAPL': 1.0, 'MSFT': 1.0, 'SPY': 1.0}
[2026-04-30 10:31:42 UTC] Watchlist (10): ['AAPL', 'MSFT', 'NVDA', 'AMD', 'TSLA', 'META', 'GOOGL', 'AMZN', 'SPY', 'QQQ']
[2026-04-30 10:31:42 UTC] -- AAPL
[2026-04-30 10:31:43 UTC]   bars=61  signal=SELL  price=$270.15  SMA=$264.34  lower=$251.50  upper=$277.17
[2026-04-30 10:31:43 UTC]   → SELLING 1 shares @ ~$270.15
[2026-04-30 10:31:45 UTC]   ORDER SELL 1x AAPL: 📋 Order Summary:
   SELL 1 AAPL @ MARKET (~$254.12)
   Estimated total: $254.12
Traceback (most recent call last):
  File "/usr/local/lib/python3.11/dist-packages/alpaca/common/rest.py", line 198, in _one_request
    response.raise_for_status()
  File "/usr/local/lib/python3.11/dist-packages/request
[2026-04-30 10:31:45 UTC] -- MSFT
[2026-04-30 10:31:46 UTC]   bars=61  signal=SELL  price=$424.80  SMA=$401.61  lower=$353.43  upper=$449.79
[2026-04-30 10:31:46 UTC]   → SELLING 1 shares @ ~$424.80
[2026-04-30 10:31:48 UTC]   ORDER SELL 1x MSFT: 📋 Order Summary:
   SELL 1 MSFT @ MARKET (~$400.00)
   Estimated total: $400.00
Traceback (most recent call last):
  File "/usr/local/lib/python3.11/dist-packages/alpaca/common/rest.py", line 198, in _one_request
    response.raise_for_status()
  File "/usr/local/lib/python3.11/dist-packages/request
[2026-04-30 10:31:48 UTC] -- NVDA
[2026-04-30 10:31:48 UTC]   bars=61  signal=SELL  price=$209.35  SMA=$194.96  lower=$170.35  upper=$219.57
[2026-04-30 10:31:48 UTC]   SKIP SELL: no position.
[2026-04-30 10:31:48 UTC] -- AMD
[2026-04-30 10:31:49 UTC]   bars=61  signal=SELL  price=$337.10  SMA=$270.52  lower=$186.26  upper=$354.78
[2026-04-30 10:31:49 UTC]   SKIP SELL: no position.
[2026-04-30 10:31:49 UTC] -- TSLA
[2026-04-30 10:31:49 UTC]   bars=61  signal=SELL  price=$372.80  SMA=$371.03  lower=$335.99  upper=$406.06
[2026-04-30 10:31:49 UTC]   SKIP SELL: no position.
[2026-04-30 10:31:49 UTC] -- META
[2026-04-30 10:31:50 UTC]   bars=61  signal=SELL  price=$669.47  SMA=$643.72  lower=$565.53  upper=$721.91
[2026-04-30 10:31:50 UTC]   SKIP SELL: no position.
[2026-04-30 10:31:50 UTC] -- GOOGL
[2026-04-30 10:31:51 UTC]   bars=61  signal=SELL  price=$350.27  SMA=$328.17  lower=$293.31  upper=$363.03
[2026-04-30 10:31:51 UTC]   SKIP SELL: no position.
[2026-04-30 10:31:51 UTC] -- AMZN
[2026-04-30 10:31:51 UTC]   bars=61  signal=SELL  price=$263.22  SMA=$241.72  lower=$205.72  upper=$277.72
[2026-04-30 10:31:51 UTC]   SKIP SELL: no position.
[2026-04-30 10:31:52 UTC] -- SPY
[2026-04-30 10:31:52 UTC]   bars=61  signal=SELL  price=$711.59  SMA=$692.03  lower=$650.15  upper=$733.92
[2026-04-30 10:31:52 UTC]   → SELLING 1 shares @ ~$711.59
[2026-04-30 10:31:55 UTC]   ORDER SELL 1x SPY: 📋 Order Summary:
   SELL 1 SPY @ MARKET (~$689.60)
   Estimated total: $689.60
Traceback (most recent call last):
  File "/usr/local/lib/python3.11/dist-packages/alpaca/common/rest.py", line 198, in _one_request
    response.raise_for_status()
  File "/usr/local/lib/python3.11/dist-packages/requests
[2026-04-30 10:31:55 UTC] -- QQQ
[2026-04-30 10:31:55 UTC]   bars=61  signal=SELL  price=$661.59  SMA=$629.54  lower=$574.42  upper=$684.67
[2026-04-30 10:31:55 UTC]   SKIP SELL: no position.
[2026-04-30 10:31:55 UTC] === Scan cycle complete ===

[2026-04-30 10:36:40 UTC] === Mean-Reversion scan cycle start ===
[2026-04-30 10:36:41 UTC] Equity: $99,996.79  |  Buying power: $198,592.56
[2026-04-30 10:36:41 UTC] Open positions: {'AAPL': 1.0, 'MSFT': 1.0, 'SPY': 1.0}
[2026-04-30 10:36:41 UTC] Watchlist (10): ['AAPL', 'MSFT', 'NVDA', 'AMD', 'TSLA', 'META', 'GOOGL', 'AMZN', 'SPY', 'QQQ']
[2026-04-30 10:36:41 UTC] -- AAPL
[2026-04-30 10:36:42 UTC]   bars=61  signal=SELL  price=$270.15  SMA=$264.34  lower=$251.50  upper=$277.17
[2026-04-30 10:36:42 UTC]   → SELLING 1 shares @ ~$270.15
[2026-04-30 10:36:45 UTC]   ORDER SELL 1x AAPL: 📋 Order Summary:
   SELL 1 AAPL @ MARKET (~$254.12)
   Estimated total: $254.12
Traceback (most recent call last):
  File "/usr/local/lib/python3.11/dist-packages/alpaca/common/rest.py", line 198, in _one_request
    response.raise_for_status()
  File "/usr/local/lib/python3.11/dist-packages/request
[2026-04-30 10:36:45 UTC] -- MSFT
[2026-04-30 10:36:45 UTC]   bars=61  signal=SELL  price=$424.80  SMA=$401.61  lower=$353.43  upper=$449.79
[2026-04-30 10:36:45 UTC]   → SELLING 1 shares @ ~$424.80
[2026-04-30 10:36:47 UTC]   ORDER SELL 1x MSFT: 📋 Order Summary:
   SELL 1 MSFT @ MARKET (~$400.00)
   Estimated total: $400.00
Traceback (most recent call last):
  File "/usr/local/lib/python3.11/dist-packages/alpaca/common/rest.py", line 198, in _one_request
    response.raise_for_status()
  File "/usr/local/lib/python3.11/dist-packages/request
[2026-04-30 10:36:47 UTC] -- NVDA
[2026-04-30 10:36:48 UTC]   bars=61  signal=SELL  price=$209.35  SMA=$194.96  lower=$170.35  upper=$219.57
[2026-04-30 10:36:48 UTC]   SKIP SELL: no position.
[2026-04-30 10:36:48 UTC] -- AMD
[2026-04-30 10:36:48 UTC]   bars=61  signal=SELL  price=$337.10  SMA=$270.52  lower=$186.26  upper=$354.78
[2026-04-30 10:36:48 UTC]   SKIP SELL: no position.
[2026-04-30 10:36:49 UTC] -- TSLA
[2026-04-30 10:36:49 UTC]   bars=61  signal=SELL  price=$372.80  SMA=$371.03  lower=$335.99  upper=$406.06
[2026-04-30 10:36:49 UTC]   SKIP SELL: no position.
[2026-04-30 10:36:49 UTC] -- META
[2026-04-30 10:36:50 UTC]   bars=61  signal=SELL  price=$669.47  SMA=$643.72  lower=$565.53  upper=$721.91
[2026-04-30 10:36:50 UTC]   SKIP SELL: no position.
[2026-04-30 10:36:50 UTC] -- GOOGL
[2026-04-30 10:36:50 UTC]   bars=61  signal=SELL  price=$350.27  SMA=$328.17  lower=$293.31  upper=$363.03
[2026-04-30 10:36:50 UTC]   SKIP SELL: no position.
[2026-04-30 10:36:50 UTC] -- AMZN
[2026-04-30 10:36:51 UTC]   bars=61  signal=SELL  price=$263.22  SMA=$241.72  lower=$205.72  upper=$277.72
[2026-04-30 10:36:51 UTC]   SKIP SELL: no position.
[2026-04-30 10:36:51 UTC] -- SPY
[2026-04-30 10:36:52 UTC]   bars=61  signal=SELL  price=$711.59  SMA=$692.03  lower=$650.15  upper=$733.92
[2026-04-30 10:36:52 UTC]   → SELLING 1 shares @ ~$711.59
[2026-04-30 10:36:54 UTC]   ORDER SELL 1x SPY: 📋 Order Summary:
   SELL 1 SPY @ MARKET (~$689.60)
   Estimated total: $689.60
Traceback (most recent call last):
  File "/usr/local/lib/python3.11/dist-packages/alpaca/common/rest.py", line 198, in _one_request
    response.raise_for_status()
  File "/usr/local/lib/python3.11/dist-packages/requests
[2026-04-30 10:36:54 UTC] -- QQQ
[2026-04-30 10:36:55 UTC]   bars=61  signal=SELL  price=$661.59  SMA=$629.54  lower=$574.42  upper=$684.67
[2026-04-30 10:36:55 UTC]   SKIP SELL: no position.
[2026-04-30 10:36:55 UTC] === Scan cycle complete ===

[2026-04-30 10:41:42 UTC] === Mean-Reversion scan cycle start ===
[2026-04-30 10:41:43 UTC] Equity: $99,995.18  |  Buying power: $198,590.95
[2026-04-30 10:41:43 UTC] Open positions: {'AAPL': 1.0, 'MSFT': 1.0, 'SPY': 1.0}
[2026-04-30 10:41:43 UTC] Watchlist (10): ['AAPL', 'MSFT', 'NVDA', 'AMD', 'TSLA', 'META', 'GOOGL', 'AMZN', 'SPY', 'QQQ']
[2026-04-30 10:41:43 UTC] -- AAPL
[2026-04-30 10:41:44 UTC]   bars=61  signal=SELL  price=$270.15  SMA=$264.34  lower=$251.50  upper=$277.17
[2026-04-30 10:41:44 UTC]   → SELLING 1 shares @ ~$270.15
[2026-04-30 10:41:47 UTC]   ORDER SELL 1x AAPL: 📋 Order Summary:
   SELL 1 AAPL @ MARKET (~$254.12)
   Estimated total: $254.12
Traceback (most recent call last):
  File "/usr/local/lib/python3.11/dist-packages/alpaca/common/rest.py", line 198, in _one_request
    response.raise_for_status()
  File "/usr/local/lib/python3.11/dist-packages/request
[2026-04-30 10:41:47 UTC] -- MSFT
[2026-04-30 10:41:48 UTC]   bars=61  signal=SELL  price=$424.80  SMA=$401.61  lower=$353.43  upper=$449.79
[2026-04-30 10:41:48 UTC]   → SELLING 1 shares @ ~$424.80
[2026-04-30 10:41:50 UTC]   ORDER SELL 1x MSFT: 📋 Order Summary:
   SELL 1 MSFT @ MARKET (~$400.00)
   Estimated total: $400.00
Traceback (most recent call last):
  File "/usr/local/lib/python3.11/dist-packages/alpaca/common/rest.py", line 198, in _one_request
    response.raise_for_status()
  File "/usr/local/lib/python3.11/dist-packages/request
[2026-04-30 10:41:50 UTC] -- NVDA
[2026-04-30 10:41:50 UTC]   bars=61  signal=SELL  price=$209.35  SMA=$194.96  lower=$170.35  upper=$219.57
[2026-04-30 10:41:50 UTC]   SKIP SELL: no position.
[2026-04-30 10:41:50 UTC] -- AMD
[2026-04-30 10:41:51 UTC]   bars=61  signal=SELL  price=$337.10  SMA=$270.52  lower=$186.26  upper=$354.78
[2026-04-30 10:41:51 UTC]   SKIP SELL: no position.
[2026-04-30 10:41:51 UTC] -- TSLA
[2026-04-30 10:41:52 UTC]   bars=61  signal=SELL  price=$372.80  SMA=$371.03  lower=$335.99  upper=$406.06
[2026-04-30 10:41:52 UTC]   SKIP SELL: no position.
[2026-04-30 10:41:52 UTC] -- META
[2026-04-30 10:41:52 UTC]   bars=61  signal=SELL  price=$669.47  SMA=$643.72  lower=$565.53  upper=$721.91
[2026-04-30 10:41:52 UTC]   SKIP SELL: no position.
[2026-04-30 10:41:52 UTC] -- GOOGL
[2026-04-30 10:41:53 UTC]   bars=61  signal=SELL  price=$350.27  SMA=$328.17  lower=$293.31  upper=$363.03
[2026-04-30 10:41:53 UTC]   SKIP SELL: no position.
[2026-04-30 10:41:53 UTC] -- AMZN
[2026-04-30 10:41:54 UTC]   bars=61  signal=SELL  price=$263.22  SMA=$241.72  lower=$205.72  upper=$277.72
[2026-04-30 10:41:54 UTC]   SKIP SELL: no position.
[2026-04-30 10:41:54 UTC] -- SPY
[2026-04-30 10:41:54 UTC]   bars=61  signal=SELL  price=$711.59  SMA=$692.03  lower=$650.15  upper=$733.92
[2026-04-30 10:41:54 UTC]   → SELLING 1 shares @ ~$711.59
[2026-04-30 10:41:57 UTC]   ORDER SELL 1x SPY: 📋 Order Summary:
   SELL 1 SPY @ MARKET (~$689.60)
   Estimated total: $689.60
Traceback (most recent call last):
  File "/usr/local/lib/python3.11/dist-packages/alpaca/common/rest.py", line 198, in _one_request
    response.raise_for_status()
  File "/usr/local/lib/python3.11/dist-packages/requests
[2026-04-30 10:41:57 UTC] -- QQQ
[2026-04-30 10:41:57 UTC]   bars=61  signal=SELL  price=$661.59  SMA=$629.54  lower=$574.42  upper=$684.67
[2026-04-30 10:41:57 UTC]   SKIP SELL: no position.
[2026-04-30 10:41:57 UTC] === Scan cycle complete ===

[2026-04-30 10:46:42 UTC] === Mean-Reversion scan cycle start ===
[2026-04-30 10:46:44 UTC] Equity: $99,994.64  |  Buying power: $198,590.41
[2026-04-30 10:46:44 UTC] Open positions: {'AAPL': 1.0, 'MSFT': 1.0, 'SPY': 1.0}
[2026-04-30 10:46:44 UTC] Watchlist (10): ['AAPL', 'MSFT', 'NVDA', 'AMD', 'TSLA', 'META', 'GOOGL', 'AMZN', 'SPY', 'QQQ']
[2026-04-30 10:46:44 UTC] -- AAPL
[2026-04-30 10:46:45 UTC]   bars=61  signal=SELL  price=$270.15  SMA=$264.34  lower=$251.50  upper=$277.17
[2026-04-30 10:46:45 UTC]   → SELLING 1 shares @ ~$270.15
[2026-04-30 10:46:47 UTC]   ORDER SELL 1x AAPL: 📋 Order Summary:
   SELL 1 AAPL @ MARKET (~$254.12)
   Estimated total: $254.12
Traceback (most recent call last):
  File "/usr/local/lib/python3.11/dist-packages/alpaca/common/rest.py", line 198, in _one_request
    response.raise_for_status()
  File "/usr/local/lib/python3.11/dist-packages/request
[2026-04-30 10:46:47 UTC] -- MSFT
[2026-04-30 10:46:48 UTC]   bars=61  signal=SELL  price=$424.80  SMA=$401.61  lower=$353.43  upper=$449.79
[2026-04-30 10:46:48 UTC]   → SELLING 1 shares @ ~$424.80
[2026-04-30 10:46:50 UTC]   ORDER SELL 1x MSFT: 📋 Order Summary:
   SELL 1 MSFT @ MARKET (~$400.00)
   Estimated total: $400.00
Traceback (most recent call last):
  File "/usr/local/lib/python3.11/dist-packages/alpaca/common/rest.py", line 198, in _one_request
    response.raise_for_status()
  File "/usr/local/lib/python3.11/dist-packages/request
[2026-04-30 10:46:50 UTC] -- NVDA
[2026-04-30 10:46:51 UTC]   bars=61  signal=SELL  price=$209.35  SMA=$194.96  lower=$170.35  upper=$219.57
[2026-04-30 10:46:51 UTC]   SKIP SELL: no position.
[2026-04-30 10:46:51 UTC] -- AMD
[2026-04-30 10:46:51 UTC]   bars=61  signal=SELL  price=$337.10  SMA=$270.52  lower=$186.26  upper=$354.78
[2026-04-30 10:46:51 UTC]   SKIP SELL: no position.
[2026-04-30 10:46:51 UTC] -- TSLA
[2026-04-30 10:46:52 UTC]   bars=61  signal=SELL  price=$372.80  SMA=$371.03  lower=$335.99  upper=$406.06
[2026-04-30 10:46:52 UTC]   SKIP SELL: no position.
[2026-04-30 10:46:52 UTC] -- META
[2026-04-30 10:46:52 UTC]   bars=61  signal=SELL  price=$669.47  SMA=$643.72  lower=$565.53  upper=$721.91
[2026-04-30 10:46:52 UTC]   SKIP SELL: no position.
[2026-04-30 10:46:52 UTC] -- GOOGL
[2026-04-30 10:46:53 UTC]   bars=61  signal=SELL  price=$350.27  SMA=$328.17  lower=$293.31  upper=$363.03
[2026-04-30 10:46:53 UTC]   SKIP SELL: no position.
[2026-04-30 10:46:53 UTC] -- AMZN
[2026-04-30 10:46:54 UTC]   bars=61  signal=SELL  price=$263.22  SMA=$241.72  lower=$205.72  upper=$277.72
[2026-04-30 10:46:54 UTC]   SKIP SELL: no position.
[2026-04-30 10:46:54 UTC] -- SPY
[2026-04-30 10:46:54 UTC]   bars=61  signal=SELL  price=$711.59  SMA=$692.03  lower=$650.15  upper=$733.92
[2026-04-30 10:46:54 UTC]   → SELLING 1 shares @ ~$711.59
[2026-04-30 10:46:57 UTC]   ORDER SELL 1x SPY: 📋 Order Summary:
   SELL 1 SPY @ MARKET (~$689.60)
   Estimated total: $689.60
Traceback (most recent call last):
  File "/usr/local/lib/python3.11/dist-packages/alpaca/common/rest.py", line 198, in _one_request
    response.raise_for_status()
  File "/usr/local/lib/python3.11/dist-packages/requests
[2026-04-30 10:46:57 UTC] -- QQQ
[2026-04-30 10:46:57 UTC]   bars=61  signal=SELL  price=$661.59  SMA=$629.54  lower=$574.42  upper=$684.67
[2026-04-30 10:46:57 UTC]   SKIP SELL: no position.
[2026-04-30 10:46:57 UTC] === Scan cycle complete ===

[2026-04-30 10:51:39 UTC] === Mean-Reversion scan cycle start ===
[2026-04-30 10:51:40 UTC] Equity: $99,994.70  |  Buying power: $198,590.47
[2026-04-30 10:51:40 UTC] Open positions: {'AAPL': 1.0, 'MSFT': 1.0, 'SPY': 1.0}
[2026-04-30 10:51:40 UTC] Watchlist (10): ['AAPL', 'MSFT', 'NVDA', 'AMD', 'TSLA', 'META', 'GOOGL', 'AMZN', 'SPY', 'QQQ']
[2026-04-30 10:51:40 UTC] -- AAPL
[2026-04-30 10:51:41 UTC]   bars=61  signal=SELL  price=$270.15  SMA=$264.34  lower=$251.50  upper=$277.17
[2026-04-30 10:51:41 UTC]   → SELLING 1 shares @ ~$270.15
[2026-04-30 10:51:43 UTC]   ORDER SELL 1x AAPL: 📋 Order Summary:
   SELL 1 AAPL @ MARKET (~$254.12)
   Estimated total: $254.12
Traceback (most recent call last):
  File "/usr/local/lib/python3.11/dist-packages/alpaca/common/rest.py", line 198, in _one_request
    response.raise_for_status()
  File "/usr/local/lib/python3.11/dist-packages/request
[2026-04-30 10:51:43 UTC] -- MSFT
[2026-04-30 10:51:44 UTC]   bars=61  signal=SELL  price=$424.80  SMA=$401.61  lower=$353.43  upper=$449.79
[2026-04-30 10:51:44 UTC]   → SELLING 1 shares @ ~$424.80
[2026-04-30 10:51:46 UTC]   ORDER SELL 1x MSFT: 📋 Order Summary:
   SELL 1 MSFT @ MARKET (~$400.00)
   Estimated total: $400.00
Traceback (most recent call last):
  File "/usr/local/lib/python3.11/dist-packages/alpaca/common/rest.py", line 198, in _one_request
    response.raise_for_status()
  File "/usr/local/lib/python3.11/dist-packages/request
[2026-04-30 10:51:46 UTC] -- NVDA
[2026-04-30 10:51:47 UTC]   bars=61  signal=SELL  price=$209.35  SMA=$194.96  lower=$170.35  upper=$219.57
[2026-04-30 10:51:47 UTC]   SKIP SELL: no position.
[2026-04-30 10:51:47 UTC] -- AMD
[2026-04-30 10:51:47 UTC]   bars=61  signal=SELL  price=$337.10  SMA=$270.52  lower=$186.26  upper=$354.78
[2026-04-30 10:51:47 UTC]   SKIP SELL: no position.
[2026-04-30 10:51:47 UTC] -- TSLA
[2026-04-30 10:51:48 UTC]   bars=61  signal=SELL  price=$372.80  SMA=$371.03  lower=$335.99  upper=$406.06
[2026-04-30 10:51:48 UTC]   SKIP SELL: no position.
[2026-04-30 10:51:48 UTC] -- META
[2026-04-30 10:51:49 UTC]   bars=61  signal=SELL  price=$669.47  SMA=$643.72  lower=$565.53  upper=$721.91
[2026-04-30 10:51:49 UTC]   SKIP SELL: no position.
[2026-04-30 10:51:49 UTC] -- GOOGL
[2026-04-30 10:51:49 UTC]   bars=61  signal=SELL  price=$350.27  SMA=$328.17  lower=$293.31  upper=$363.03
[2026-04-30 10:51:49 UTC]   SKIP SELL: no position.
[2026-04-30 10:51:49 UTC] -- AMZN
[2026-04-30 10:51:50 UTC]   bars=61  signal=SELL  price=$263.22  SMA=$241.72  lower=$205.72  upper=$277.72
[2026-04-30 10:51:50 UTC]   SKIP SELL: no position.
[2026-04-30 10:51:50 UTC] -- SPY
[2026-04-30 10:51:51 UTC]   bars=61  signal=SELL  price=$711.59  SMA=$692.03  lower=$650.15  upper=$733.92
[2026-04-30 10:51:51 UTC]   → SELLING 1 shares @ ~$711.59
[2026-04-30 10:51:53 UTC]   ORDER SELL 1x SPY: 📋 Order Summary:
   SELL 1 SPY @ MARKET (~$689.60)
   Estimated total: $689.60
Traceback (most recent call last):
  File "/usr/local/lib/python3.11/dist-packages/alpaca/common/rest.py", line 198, in _one_request
    response.raise_for_status()
  File "/usr/local/lib/python3.11/dist-packages/requests
[2026-04-30 10:51:53 UTC] -- QQQ
[2026-04-30 10:51:53 UTC]   bars=61  signal=SELL  price=$661.59  SMA=$629.54  lower=$574.42  upper=$684.67
[2026-04-30 10:51:53 UTC]   SKIP SELL: no position.
[2026-04-30 10:51:53 UTC] === Scan cycle complete ===

[2026-04-30 10:56:41 UTC] === Mean-Reversion scan cycle start ===
[2026-04-30 10:56:43 UTC] Equity: $99,993.26  |  Buying power: $198,589.03
[2026-04-30 10:56:43 UTC] Open positions: {'AAPL': 1.0, 'MSFT': 1.0, 'SPY': 1.0}
[2026-04-30 10:56:43 UTC] Watchlist (10): ['AAPL', 'MSFT', 'NVDA', 'AMD', 'TSLA', 'META', 'GOOGL', 'AMZN', 'SPY', 'QQQ']
[2026-04-30 10:56:43 UTC] -- AAPL
[2026-04-30 10:56:44 UTC]   bars=61  signal=SELL  price=$270.15  SMA=$264.34  lower=$251.50  upper=$277.17
[2026-04-30 10:56:44 UTC]   → SELLING 1 shares @ ~$270.15
[2026-04-30 10:56:46 UTC]   ORDER SELL 1x AAPL: 📋 Order Summary:
   SELL 1 AAPL @ MARKET (~$254.12)
   Estimated total: $254.12
Traceback (most recent call last):
  File "/usr/local/lib/python3.11/dist-packages/alpaca/common/rest.py", line 198, in _one_request
    response.raise_for_status()
  File "/usr/local/lib/python3.11/dist-packages/request
[2026-04-30 10:56:46 UTC] -- MSFT
[2026-04-30 10:56:47 UTC]   bars=61  signal=SELL  price=$424.80  SMA=$401.61  lower=$353.43  upper=$449.79
[2026-04-30 10:56:47 UTC]   → SELLING 1 shares @ ~$424.80
[2026-04-30 10:56:49 UTC]   ORDER SELL 1x MSFT: 📋 Order Summary:
   SELL 1 MSFT @ MARKET (~$400.00)
   Estimated total: $400.00
Traceback (most recent call last):
  File "/usr/local/lib/python3.11/dist-packages/alpaca/common/rest.py", line 198, in _one_request
    response.raise_for_status()
  File "/usr/local/lib/python3.11/dist-packages/request
[2026-04-30 10:56:49 UTC] -- NVDA
[2026-04-30 10:56:49 UTC]   bars=61  signal=SELL  price=$209.35  SMA=$194.96  lower=$170.35  upper=$219.57
[2026-04-30 10:56:49 UTC]   SKIP SELL: no position.
[2026-04-30 10:56:49 UTC] -- AMD
[2026-04-30 10:56:50 UTC]   bars=61  signal=SELL  price=$337.10  SMA=$270.52  lower=$186.26  upper=$354.78
[2026-04-30 10:56:50 UTC]   SKIP SELL: no position.
[2026-04-30 10:56:50 UTC] -- TSLA
[2026-04-30 10:56:51 UTC]   bars=61  signal=SELL  price=$372.80  SMA=$371.03  lower=$335.99  upper=$406.06
[2026-04-30 10:56:51 UTC]   SKIP SELL: no position.
[2026-04-30 10:56:51 UTC] -- META
[2026-04-30 10:56:51 UTC]   bars=61  signal=SELL  price=$669.47  SMA=$643.72  lower=$565.53  upper=$721.91
[2026-04-30 10:56:51 UTC]   SKIP SELL: no position.
[2026-04-30 10:56:51 UTC] -- GOOGL
[2026-04-30 10:56:52 UTC]   bars=61  signal=SELL  price=$350.27  SMA=$328.17  lower=$293.31  upper=$363.03
[2026-04-30 10:56:52 UTC]   SKIP SELL: no position.
[2026-04-30 10:56:52 UTC] -- AMZN
[2026-04-30 10:56:52 UTC]   bars=61  signal=SELL  price=$263.22  SMA=$241.72  lower=$205.72  upper=$277.72
[2026-04-30 10:56:52 UTC]   SKIP SELL: no position.
[2026-04-30 10:56:52 UTC] -- SPY
[2026-04-30 10:56:53 UTC]   bars=61  signal=SELL  price=$711.59  SMA=$692.03  lower=$650.15  upper=$733.92
[2026-04-30 10:56:53 UTC]   → SELLING 1 shares @ ~$711.59
[2026-04-30 10:56:55 UTC]   ORDER SELL 1x SPY: 📋 Order Summary:
   SELL 1 SPY @ MARKET (~$689.60)
   Estimated total: $689.60
Traceback (most recent call last):
  File "/usr/local/lib/python3.11/dist-packages/alpaca/common/rest.py", line 198, in _one_request
    response.raise_for_status()
  File "/usr/local/lib/python3.11/dist-packages/requests
[2026-04-30 10:56:55 UTC] -- QQQ
[2026-04-30 10:56:56 UTC]   bars=61  signal=SELL  price=$661.59  SMA=$629.54  lower=$574.42  upper=$684.67
[2026-04-30 10:56:56 UTC]   SKIP SELL: no position.
[2026-04-30 10:56:56 UTC] === Scan cycle complete ===

[2026-04-30 11:01:42 UTC] === Mean-Reversion scan cycle start ===
[2026-04-30 11:01:43 UTC] Equity: $99,994.43  |  Buying power: $198,590.20
[2026-04-30 11:01:43 UTC] Open positions: {'AAPL': 1.0, 'MSFT': 1.0, 'SPY': 1.0}
[2026-04-30 11:01:43 UTC] Watchlist (10): ['AAPL', 'MSFT', 'NVDA', 'AMD', 'TSLA', 'META', 'GOOGL', 'AMZN', 'SPY', 'QQQ']
[2026-04-30 11:01:43 UTC] -- AAPL
[2026-04-30 11:01:44 UTC]   bars=61  signal=SELL  price=$270.15  SMA=$264.34  lower=$251.50  upper=$277.17
[2026-04-30 11:01:44 UTC]   → SELLING 1 shares @ ~$270.15
[2026-04-30 11:01:46 UTC]   ORDER SELL 1x AAPL: 📋 Order Summary:
   SELL 1 AAPL @ MARKET (~$254.12)
   Estimated total: $254.12
Traceback (most recent call last):
  File "/usr/local/lib/python3.11/dist-packages/alpaca/common/rest.py", line 198, in _one_request
    response.raise_for_status()
  File "/usr/local/lib/python3.11/dist-packages/request
[2026-04-30 11:01:46 UTC] -- MSFT
[2026-04-30 11:01:47 UTC]   bars=61  signal=SELL  price=$424.80  SMA=$401.61  lower=$353.43  upper=$449.79
[2026-04-30 11:01:47 UTC]   → SELLING 1 shares @ ~$424.80
[2026-04-30 11:01:49 UTC]   ORDER SELL 1x MSFT: 📋 Order Summary:
   SELL 1 MSFT @ MARKET (~$400.00)
   Estimated total: $400.00
Traceback (most recent call last):
  File "/usr/local/lib/python3.11/dist-packages/alpaca/common/rest.py", line 198, in _one_request
    response.raise_for_status()
  File "/usr/local/lib/python3.11/dist-packages/request
[2026-04-30 11:01:49 UTC] -- NVDA
[2026-04-30 11:01:49 UTC]   bars=61  signal=SELL  price=$209.35  SMA=$194.96  lower=$170.35  upper=$219.57
[2026-04-30 11:01:49 UTC]   SKIP SELL: no position.
[2026-04-30 11:01:49 UTC] -- AMD
[2026-04-30 11:01:50 UTC]   bars=61  signal=SELL  price=$337.10  SMA=$270.52  lower=$186.26  upper=$354.78
[2026-04-30 11:01:50 UTC]   SKIP SELL: no position.
[2026-04-30 11:01:50 UTC] -- TSLA
[2026-04-30 11:01:51 UTC]   bars=61  signal=SELL  price=$372.80  SMA=$371.03  lower=$335.99  upper=$406.06
[2026-04-30 11:01:51 UTC]   SKIP SELL: no position.
[2026-04-30 11:01:51 UTC] -- META
[2026-04-30 11:01:51 UTC]   bars=61  signal=SELL  price=$669.47  SMA=$643.72  lower=$565.53  upper=$721.91
[2026-04-30 11:01:51 UTC]   SKIP SELL: no position.
[2026-04-30 11:01:51 UTC] -- GOOGL
[2026-04-30 11:01:52 UTC]   bars=61  signal=SELL  price=$350.27  SMA=$328.17  lower=$293.31  upper=$363.03
[2026-04-30 11:01:52 UTC]   SKIP SELL: no position.
[2026-04-30 11:01:52 UTC] -- AMZN
[2026-04-30 11:01:53 UTC]   bars=61  signal=SELL  price=$263.22  SMA=$241.72  lower=$205.72  upper=$277.72
[2026-04-30 11:01:53 UTC]   SKIP SELL: no position.
[2026-04-30 11:01:53 UTC] -- SPY
[2026-04-30 11:01:53 UTC]   bars=61  signal=SELL  price=$711.59  SMA=$692.03  lower=$650.15  upper=$733.92
[2026-04-30 11:01:53 UTC]   → SELLING 1 shares @ ~$711.59
[2026-04-30 11:01:56 UTC]   ORDER SELL 1x SPY: 📋 Order Summary:
   SELL 1 SPY @ MARKET (~$689.60)
   Estimated total: $689.60
Traceback (most recent call last):
  File "/usr/local/lib/python3.11/dist-packages/alpaca/common/rest.py", line 198, in _one_request
    response.raise_for_status()
  File "/usr/local/lib/python3.11/dist-packages/requests
[2026-04-30 11:01:56 UTC] -- QQQ
[2026-04-30 11:01:56 UTC]   bars=61  signal=SELL  price=$661.59  SMA=$629.54  lower=$574.42  upper=$684.67
[2026-04-30 11:01:56 UTC]   SKIP SELL: no position.
[2026-04-30 11:01:56 UTC] === Scan cycle complete ===

[2026-04-30 11:06:39 UTC] === Mean-Reversion scan cycle start ===
[2026-04-30 11:06:40 UTC] Equity: $99,994.18  |  Buying power: $198,589.95
[2026-04-30 11:06:41 UTC] Open positions: {'AAPL': 1.0, 'MSFT': 1.0, 'SPY': 1.0}
[2026-04-30 11:06:41 UTC] Watchlist (10): ['AAPL', 'MSFT', 'NVDA', 'AMD', 'TSLA', 'META', 'GOOGL', 'AMZN', 'SPY', 'QQQ']
[2026-04-30 11:06:41 UTC] -- AAPL
[2026-04-30 11:06:41 UTC]   bars=61  signal=SELL  price=$270.15  SMA=$264.34  lower=$251.50  upper=$277.17
[2026-04-30 11:06:41 UTC]   → SELLING 1 shares @ ~$270.15
[2026-04-30 11:06:43 UTC]   ORDER SELL 1x AAPL: 📋 Order Summary:
   SELL 1 AAPL @ MARKET (~$254.12)
   Estimated total: $254.12
Traceback (most recent call last):
  File "/usr/local/lib/python3.11/dist-packages/alpaca/common/rest.py", line 198, in _one_request
    response.raise_for_status()
  File "/usr/local/lib/python3.11/dist-packages/request
[2026-04-30 11:06:43 UTC] -- MSFT
[2026-04-30 11:06:44 UTC]   bars=61  signal=SELL  price=$424.80  SMA=$401.61  lower=$353.43  upper=$449.79
[2026-04-30 11:06:44 UTC]   → SELLING 1 shares @ ~$424.80
[2026-04-30 11:06:47 UTC]   ORDER SELL 1x MSFT: 📋 Order Summary:
   SELL 1 MSFT @ MARKET (~$400.00)
   Estimated total: $400.00
Traceback (most recent call last):
  File "/usr/local/lib/python3.11/dist-packages/alpaca/common/rest.py", line 198, in _one_request
    response.raise_for_status()
  File "/usr/local/lib/python3.11/dist-packages/request
[2026-04-30 11:06:47 UTC] -- NVDA
[2026-04-30 11:06:48 UTC]   bars=61  signal=SELL  price=$209.35  SMA=$194.96  lower=$170.35  upper=$219.57
[2026-04-30 11:06:48 UTC]   SKIP SELL: no position.
[2026-04-30 11:06:48 UTC] -- AMD
[2026-04-30 11:06:48 UTC]   bars=61  signal=SELL  price=$337.10  SMA=$270.52  lower=$186.26  upper=$354.78
[2026-04-30 11:06:48 UTC]   SKIP SELL: no position.
[2026-04-30 11:06:48 UTC] -- TSLA
[2026-04-30 11:06:49 UTC]   bars=61  signal=SELL  price=$372.80  SMA=$371.03  lower=$335.99  upper=$406.06
[2026-04-30 11:06:49 UTC]   SKIP SELL: no position.
[2026-04-30 11:06:49 UTC] -- META
[2026-04-30 11:06:49 UTC]   bars=61  signal=SELL  price=$669.47  SMA=$643.72  lower=$565.53  upper=$721.91
[2026-04-30 11:06:49 UTC]   SKIP SELL: no position.
[2026-04-30 11:06:49 UTC] -- GOOGL
[2026-04-30 11:06:50 UTC]   bars=61  signal=SELL  price=$350.27  SMA=$328.17  lower=$293.31  upper=$363.03
[2026-04-30 11:06:50 UTC]   SKIP SELL: no position.
[2026-04-30 11:06:50 UTC] -- AMZN
[2026-04-30 11:06:51 UTC]   bars=61  signal=SELL  price=$263.22  SMA=$241.72  lower=$205.72  upper=$277.72
[2026-04-30 11:06:51 UTC]   SKIP SELL: no position.
[2026-04-30 11:06:51 UTC] -- SPY
[2026-04-30 11:06:51 UTC]   bars=61  signal=SELL  price=$711.59  SMA=$692.03  lower=$650.15  upper=$733.92
[2026-04-30 11:06:51 UTC]   → SELLING 1 shares @ ~$711.59
[2026-04-30 11:06:54 UTC]   ORDER SELL 1x SPY: 📋 Order Summary:
   SELL 1 SPY @ MARKET (~$689.60)
   Estimated total: $689.60
Traceback (most recent call last):
  File "/usr/local/lib/python3.11/dist-packages/alpaca/common/rest.py", line 198, in _one_request
    response.raise_for_status()
  File "/usr/local/lib/python3.11/dist-packages/requests
[2026-04-30 11:06:54 UTC] -- QQQ
[2026-04-30 11:06:54 UTC]   bars=61  signal=SELL  price=$661.59  SMA=$629.54  lower=$574.42  upper=$684.67
[2026-04-30 11:06:54 UTC]   SKIP SELL: no position.
[2026-04-30 11:06:54 UTC] === Scan cycle complete ===

[2026-04-30 11:11:43 UTC] === Mean-Reversion scan cycle start ===
[2026-04-30 11:11:45 UTC] Equity: $99,995.23  |  Buying power: $198,591.00
[2026-04-30 11:11:45 UTC] Open positions: {'AAPL': 1.0, 'MSFT': 1.0, 'SPY': 1.0}
[2026-04-30 11:11:45 UTC] Watchlist (10): ['AAPL', 'MSFT', 'NVDA', 'AMD', 'TSLA', 'META', 'GOOGL', 'AMZN', 'SPY', 'QQQ']
[2026-04-30 11:11:45 UTC] -- AAPL
[2026-04-30 11:11:46 UTC]   bars=61  signal=SELL  price=$270.15  SMA=$264.34  lower=$251.50  upper=$277.17
[2026-04-30 11:11:46 UTC]   → SELLING 1 shares @ ~$270.15
[2026-04-30 11:11:48 UTC]   ORDER SELL 1x AAPL: 📋 Order Summary:
   SELL 1 AAPL @ MARKET (~$254.12)
   Estimated total: $254.12
Traceback (most recent call last):
  File "/usr/local/lib/python3.11/dist-packages/alpaca/common/rest.py", line 198, in _one_request
    response.raise_for_status()
  File "/usr/local/lib/python3.11/dist-packages/request
[2026-04-30 11:11:48 UTC] -- MSFT
[2026-04-30 11:11:49 UTC]   bars=61  signal=SELL  price=$424.80  SMA=$401.61  lower=$353.43  upper=$449.79
[2026-04-30 11:11:49 UTC]   → SELLING 1 shares @ ~$424.80
[2026-04-30 11:11:51 UTC]   ORDER SELL 1x MSFT: 📋 Order Summary:
   SELL 1 MSFT @ MARKET (~$400.00)
   Estimated total: $400.00
Traceback (most recent call last):
  File "/usr/local/lib/python3.11/dist-packages/alpaca/common/rest.py", line 198, in _one_request
    response.raise_for_status()
  File "/usr/local/lib/python3.11/dist-packages/request
[2026-04-30 11:11:51 UTC] -- NVDA
[2026-04-30 11:11:51 UTC]   bars=61  signal=SELL  price=$209.35  SMA=$194.96  lower=$170.35  upper=$219.57
[2026-04-30 11:11:51 UTC]   SKIP SELL: no position.
[2026-04-30 11:11:51 UTC] -- AMD
[2026-04-30 11:11:52 UTC]   bars=61  signal=SELL  price=$337.10  SMA=$270.52  lower=$186.26  upper=$354.78
[2026-04-30 11:11:52 UTC]   SKIP SELL: no position.
[2026-04-30 11:11:52 UTC] -- TSLA
[2026-04-30 11:11:53 UTC]   bars=61  signal=SELL  price=$372.80  SMA=$371.03  lower=$335.99  upper=$406.06
[2026-04-30 11:11:53 UTC]   SKIP SELL: no position.
[2026-04-30 11:11:53 UTC] -- META
[2026-04-30 11:11:54 UTC]   bars=61  signal=SELL  price=$669.47  SMA=$643.72  lower=$565.53  upper=$721.91
[2026-04-30 11:11:54 UTC]   SKIP SELL: no position.
[2026-04-30 11:11:54 UTC] -- GOOGL
[2026-04-30 11:11:54 UTC]   bars=61  signal=SELL  price=$350.27  SMA=$328.17  lower=$293.31  upper=$363.03
[2026-04-30 11:11:54 UTC]   SKIP SELL: no position.
[2026-04-30 11:11:54 UTC] -- AMZN
[2026-04-30 11:11:55 UTC]   bars=61  signal=SELL  price=$263.22  SMA=$241.72  lower=$205.72  upper=$277.72
[2026-04-30 11:11:55 UTC]   SKIP SELL: no position.
[2026-04-30 11:11:55 UTC] -- SPY
[2026-04-30 11:11:56 UTC]   bars=61  signal=SELL  price=$711.59  SMA=$692.03  lower=$650.15  upper=$733.92
[2026-04-30 11:11:56 UTC]   → SELLING 1 shares @ ~$711.59
[2026-04-30 11:11:58 UTC]   ORDER SELL 1x SPY: 📋 Order Summary:
   SELL 1 SPY @ MARKET (~$689.60)
   Estimated total: $689.60
Traceback (most recent call last):
  File "/usr/local/lib/python3.11/dist-packages/alpaca/common/rest.py", line 198, in _one_request
    response.raise_for_status()
  File "/usr/local/lib/python3.11/dist-packages/requests
[2026-04-30 11:11:58 UTC] -- QQQ
[2026-04-30 11:11:58 UTC]   bars=61  signal=SELL  price=$661.59  SMA=$629.54  lower=$574.42  upper=$684.67
[2026-04-30 11:11:58 UTC]   SKIP SELL: no position.
[2026-04-30 11:11:58 UTC] === Scan cycle complete ===

[2026-04-30 11:16:44 UTC] === Mean-Reversion scan cycle start ===
[2026-04-30 11:16:46 UTC] Equity: $99,995.42  |  Buying power: $198,591.19
[2026-04-30 11:16:46 UTC] Open positions: {'AAPL': 1.0, 'MSFT': 1.0, 'SPY': 1.0}
[2026-04-30 11:16:46 UTC] Watchlist (10): ['AAPL', 'MSFT', 'NVDA', 'AMD', 'TSLA', 'META', 'GOOGL', 'AMZN', 'SPY', 'QQQ']
[2026-04-30 11:16:46 UTC] -- AAPL
[2026-04-30 11:16:47 UTC]   bars=61  signal=SELL  price=$270.15  SMA=$264.34  lower=$251.50  upper=$277.17
[2026-04-30 11:16:47 UTC]   → SELLING 1 shares @ ~$270.15
[2026-04-30 11:16:49 UTC]   ORDER SELL 1x AAPL: 📋 Order Summary:
   SELL 1 AAPL @ MARKET (~$254.12)
   Estimated total: $254.12
Traceback (most recent call last):
  File "/usr/local/lib/python3.11/dist-packages/alpaca/common/rest.py", line 198, in _one_request
    response.raise_for_status()
  File "/usr/local/lib/python3.11/dist-packages/request
[2026-04-30 11:16:49 UTC] -- MSFT
[2026-04-30 11:16:50 UTC]   bars=61  signal=SELL  price=$424.80  SMA=$401.61  lower=$353.43  upper=$449.79
[2026-04-30 11:16:50 UTC]   → SELLING 1 shares @ ~$424.80
[2026-04-30 11:16:52 UTC]   ORDER SELL 1x MSFT: 📋 Order Summary:
   SELL 1 MSFT @ MARKET (~$400.00)
   Estimated total: $400.00
Traceback (most recent call last):
  File "/usr/local/lib/python3.11/dist-packages/alpaca/common/rest.py", line 198, in _one_request
    response.raise_for_status()
  File "/usr/local/lib/python3.11/dist-packages/request
[2026-04-30 11:16:52 UTC] -- NVDA
[2026-04-30 11:16:53 UTC]   bars=61  signal=SELL  price=$209.35  SMA=$194.96  lower=$170.35  upper=$219.57
[2026-04-30 11:16:53 UTC]   SKIP SELL: no position.
[2026-04-30 11:16:53 UTC] -- AMD
[2026-04-30 11:16:53 UTC]   bars=61  signal=SELL  price=$337.10  SMA=$270.52  lower=$186.26  upper=$354.78
[2026-04-30 11:16:53 UTC]   SKIP SELL: no position.
[2026-04-30 11:16:54 UTC] -- TSLA
[2026-04-30 11:16:54 UTC]   bars=61  signal=SELL  price=$372.80  SMA=$371.03  lower=$335.99  upper=$406.06
[2026-04-30 11:16:54 UTC]   SKIP SELL: no position.
[2026-04-30 11:16:54 UTC] -- META
[2026-04-30 11:16:55 UTC]   bars=61  signal=SELL  price=$669.47  SMA=$643.72  lower=$565.53  upper=$721.91
[2026-04-30 11:16:55 UTC]   SKIP SELL: no position.
[2026-04-30 11:16:55 UTC] -- GOOGL
[2026-04-30 11:16:55 UTC]   bars=61  signal=SELL  price=$350.27  SMA=$328.17  lower=$293.31  upper=$363.03
[2026-04-30 11:16:55 UTC]   SKIP SELL: no position.
[2026-04-30 11:16:55 UTC] -- AMZN
[2026-04-30 11:16:56 UTC]   bars=61  signal=SELL  price=$263.22  SMA=$241.72  lower=$205.72  upper=$277.72
[2026-04-30 11:16:56 UTC]   SKIP SELL: no position.
[2026-04-30 11:16:56 UTC] -- SPY
[2026-04-30 11:16:57 UTC]   bars=61  signal=SELL  price=$711.59  SMA=$692.03  lower=$650.15  upper=$733.92
[2026-04-30 11:16:57 UTC]   → SELLING 1 shares @ ~$711.59
[2026-04-30 11:16:59 UTC]   ORDER SELL 1x SPY: 📋 Order Summary:
   SELL 1 SPY @ MARKET (~$689.60)
   Estimated total: $689.60
Traceback (most recent call last):
  File "/usr/local/lib/python3.11/dist-packages/alpaca/common/rest.py", line 198, in _one_request
    response.raise_for_status()
  File "/usr/local/lib/python3.11/dist-packages/requests
[2026-04-30 11:16:59 UTC] -- QQQ
[2026-04-30 11:17:00 UTC]   bars=61  signal=SELL  price=$661.59  SMA=$629.54  lower=$574.42  upper=$684.67
[2026-04-30 11:17:00 UTC]   SKIP SELL: no position.
[2026-04-30 11:17:00 UTC] === Scan cycle complete ===

[2026-04-30 11:21:39 UTC] === Mean-Reversion scan cycle start ===
[2026-04-30 11:21:40 UTC] Equity: $99,997.50  |  Buying power: $198,593.27
[2026-04-30 11:21:41 UTC] Open positions: {'AAPL': 1.0, 'MSFT': 1.0, 'SPY': 1.0}
[2026-04-30 11:21:41 UTC] Watchlist (10): ['AAPL', 'MSFT', 'NVDA', 'AMD', 'TSLA', 'META', 'GOOGL', 'AMZN', 'SPY', 'QQQ']
[2026-04-30 11:21:41 UTC] -- AAPL
[2026-04-30 11:21:41 UTC]   bars=61  signal=SELL  price=$270.15  SMA=$264.34  lower=$251.50  upper=$277.17
[2026-04-30 11:21:41 UTC]   → SELLING 1 shares @ ~$270.15
[2026-04-30 11:21:44 UTC]   ORDER SELL 1x AAPL: 📋 Order Summary:
   SELL 1 AAPL @ MARKET (~$254.12)
   Estimated total: $254.12
Traceback (most recent call last):
  File "/usr/local/lib/python3.11/dist-packages/alpaca/common/rest.py", line 198, in _one_request
    response.raise_for_status()
  File "/usr/local/lib/python3.11/dist-packages/request
[2026-04-30 11:21:44 UTC] -- MSFT
[2026-04-30 11:21:44 UTC]   bars=61  signal=SELL  price=$424.80  SMA=$401.61  lower=$353.43  upper=$449.79
[2026-04-30 11:21:44 UTC]   → SELLING 1 shares @ ~$424.80
[2026-04-30 11:21:47 UTC]   ORDER SELL 1x MSFT: 📋 Order Summary:
   SELL 1 MSFT @ MARKET (~$400.00)
   Estimated total: $400.00
Traceback (most recent call last):
  File "/usr/local/lib/python3.11/dist-packages/alpaca/common/rest.py", line 198, in _one_request
    response.raise_for_status()
  File "/usr/local/lib/python3.11/dist-packages/request
[2026-04-30 11:21:47 UTC] -- NVDA
[2026-04-30 11:21:47 UTC]   bars=61  signal=SELL  price=$209.35  SMA=$194.96  lower=$170.35  upper=$219.57
[2026-04-30 11:21:47 UTC]   SKIP SELL: no position.
[2026-04-30 11:21:47 UTC] -- AMD
[2026-04-30 11:21:48 UTC]   bars=61  signal=SELL  price=$337.10  SMA=$270.52  lower=$186.26  upper=$354.78
[2026-04-30 11:21:48 UTC]   SKIP SELL: no position.
[2026-04-30 11:21:48 UTC] -- TSLA
[2026-04-30 11:21:48 UTC]   bars=61  signal=SELL  price=$372.80  SMA=$371.03  lower=$335.99  upper=$406.06
[2026-04-30 11:21:48 UTC]   SKIP SELL: no position.
[2026-04-30 11:21:48 UTC] -- META
[2026-04-30 11:21:49 UTC]   bars=61  signal=SELL  price=$669.47  SMA=$643.72  lower=$565.53  upper=$721.91
[2026-04-30 11:21:49 UTC]   SKIP SELL: no position.
[2026-04-30 11:21:49 UTC] -- GOOGL
[2026-04-30 11:21:50 UTC]   bars=61  signal=SELL  price=$350.27  SMA=$328.17  lower=$293.31  upper=$363.03
[2026-04-30 11:21:50 UTC]   SKIP SELL: no position.
[2026-04-30 11:21:50 UTC] -- AMZN
[2026-04-30 11:21:50 UTC]   bars=61  signal=SELL  price=$263.22  SMA=$241.72  lower=$205.72  upper=$277.72
[2026-04-30 11:21:50 UTC]   SKIP SELL: no position.
[2026-04-30 11:21:50 UTC] -- SPY
[2026-04-30 11:21:51 UTC]   bars=61  signal=SELL  price=$711.59  SMA=$692.03  lower=$650.15  upper=$733.92
[2026-04-30 11:21:51 UTC]   → SELLING 1 shares @ ~$711.59
[2026-04-30 11:21:53 UTC]   ORDER SELL 1x SPY: 📋 Order Summary:
   SELL 1 SPY @ MARKET (~$689.60)
   Estimated total: $689.60
Traceback (most recent call last):
  File "/usr/local/lib/python3.11/dist-packages/alpaca/common/rest.py", line 198, in _one_request
    response.raise_for_status()
  File "/usr/local/lib/python3.11/dist-packages/requests
[2026-04-30 11:21:53 UTC] -- QQQ
[2026-04-30 11:21:54 UTC]   bars=61  signal=SELL  price=$661.59  SMA=$629.54  lower=$574.42  upper=$684.67
[2026-04-30 11:21:54 UTC]   SKIP SELL: no position.
[2026-04-30 11:21:54 UTC] === Scan cycle complete ===

[2026-04-30 11:26:45 UTC] === Mean-Reversion scan cycle start ===
[2026-04-30 11:26:46 UTC] Equity: $99,998.33  |  Buying power: $198,594.10
[2026-04-30 11:26:46 UTC] Open positions: {'AAPL': 1.0, 'MSFT': 1.0, 'SPY': 1.0}
[2026-04-30 11:26:46 UTC] Watchlist (10): ['AAPL', 'MSFT', 'NVDA', 'AMD', 'TSLA', 'META', 'GOOGL', 'AMZN', 'SPY', 'QQQ']
[2026-04-30 11:26:46 UTC] -- AAPL
[2026-04-30 11:26:47 UTC]   bars=61  signal=SELL  price=$270.15  SMA=$264.34  lower=$251.50  upper=$277.17
[2026-04-30 11:26:47 UTC]   → SELLING 1 shares @ ~$270.15
[2026-04-30 11:26:49 UTC]   ORDER SELL 1x AAPL: 📋 Order Summary:
   SELL 1 AAPL @ MARKET (~$254.12)
   Estimated total: $254.12
Traceback (most recent call last):
  File "/usr/local/lib/python3.11/dist-packages/alpaca/common/rest.py", line 198, in _one_request
    response.raise_for_status()
  File "/usr/local/lib/python3.11/dist-packages/request
[2026-04-30 11:26:49 UTC] -- MSFT
[2026-04-30 11:26:50 UTC]   bars=61  signal=SELL  price=$424.80  SMA=$401.61  lower=$353.43  upper=$449.79
[2026-04-30 11:26:50 UTC]   → SELLING 1 shares @ ~$424.80
[2026-04-30 11:26:52 UTC]   ORDER SELL 1x MSFT: 📋 Order Summary:
   SELL 1 MSFT @ MARKET (~$400.00)
   Estimated total: $400.00
Traceback (most recent call last):
  File "/usr/local/lib/python3.11/dist-packages/alpaca/common/rest.py", line 198, in _one_request
    response.raise_for_status()
  File "/usr/local/lib/python3.11/dist-packages/request
[2026-04-30 11:26:52 UTC] -- NVDA
[2026-04-30 11:26:53 UTC]   bars=61  signal=SELL  price=$209.35  SMA=$194.96  lower=$170.35  upper=$219.57
[2026-04-30 11:26:53 UTC]   SKIP SELL: no position.
[2026-04-30 11:26:53 UTC] -- AMD
[2026-04-30 11:26:54 UTC]   bars=61  signal=SELL  price=$337.10  SMA=$270.52  lower=$186.26  upper=$354.78
[2026-04-30 11:26:54 UTC]   SKIP SELL: no position.
[2026-04-30 11:26:54 UTC] -- TSLA
[2026-04-30 11:26:54 UTC]   bars=61  signal=SELL  price=$372.80  SMA=$371.03  lower=$335.99  upper=$406.06
[2026-04-30 11:26:54 UTC]   SKIP SELL: no position.
[2026-04-30 11:26:54 UTC] -- META
[2026-04-30 11:26:55 UTC]   bars=61  signal=SELL  price=$669.47  SMA=$643.72  lower=$565.53  upper=$721.91
[2026-04-30 11:26:55 UTC]   SKIP SELL: no position.
[2026-04-30 11:26:55 UTC] -- GOOGL
[2026-04-30 11:26:56 UTC]   bars=61  signal=SELL  price=$350.27  SMA=$328.17  lower=$293.31  upper=$363.03
[2026-04-30 11:26:56 UTC]   SKIP SELL: no position.
[2026-04-30 11:26:56 UTC] -- AMZN
[2026-04-30 11:26:56 UTC]   bars=61  signal=SELL  price=$263.22  SMA=$241.72  lower=$205.72  upper=$277.72
[2026-04-30 11:26:56 UTC]   SKIP SELL: no position.
[2026-04-30 11:26:56 UTC] -- SPY
[2026-04-30 11:26:57 UTC]   bars=61  signal=SELL  price=$711.59  SMA=$692.03  lower=$650.15  upper=$733.92
[2026-04-30 11:26:57 UTC]   → SELLING 1 shares @ ~$711.59
[2026-04-30 11:26:59 UTC]   ORDER SELL 1x SPY: 📋 Order Summary:
   SELL 1 SPY @ MARKET (~$689.60)
   Estimated total: $689.60
Traceback (most recent call last):
  File "/usr/local/lib/python3.11/dist-packages/alpaca/common/rest.py", line 198, in _one_request
    response.raise_for_status()
  File "/usr/local/lib/python3.11/dist-packages/requests
[2026-04-30 11:26:59 UTC] -- QQQ
[2026-04-30 11:27:00 UTC]   bars=61  signal=SELL  price=$661.59  SMA=$629.54  lower=$574.42  upper=$684.67
[2026-04-30 11:27:00 UTC]   SKIP SELL: no position.
[2026-04-30 11:27:00 UTC] === Scan cycle complete ===

[2026-04-30 11:31:44 UTC] === Mean-Reversion scan cycle start ===
[2026-04-30 11:31:46 UTC] Equity: $99,999.27  |  Buying power: $198,595.04
[2026-04-30 11:31:46 UTC] Open positions: {'AAPL': 1.0, 'MSFT': 1.0, 'SPY': 1.0}
[2026-04-30 11:31:46 UTC] Watchlist (10): ['AAPL', 'MSFT', 'NVDA', 'AMD', 'TSLA', 'META', 'GOOGL', 'AMZN', 'SPY', 'QQQ']
[2026-04-30 11:31:46 UTC] -- AAPL
[2026-04-30 11:31:47 UTC]   bars=61  signal=SELL  price=$270.15  SMA=$264.34  lower=$251.50  upper=$277.17
[2026-04-30 11:31:47 UTC]   → SELLING 1 shares @ ~$270.15
[2026-04-30 11:31:49 UTC]   ORDER SELL 1x AAPL: 📋 Order Summary:
   SELL 1 AAPL @ MARKET (~$254.12)
   Estimated total: $254.12
Traceback (most recent call last):
  File "/usr/local/lib/python3.11/dist-packages/alpaca/common/rest.py", line 198, in _one_request
    response.raise_for_status()
  File "/usr/local/lib/python3.11/dist-packages/request
[2026-04-30 11:31:49 UTC] -- MSFT
[2026-04-30 11:31:50 UTC]   bars=61  signal=SELL  price=$424.80  SMA=$401.61  lower=$353.43  upper=$449.79
[2026-04-30 11:31:50 UTC]   → SELLING 1 shares @ ~$424.80
[2026-04-30 11:31:52 UTC]   ORDER SELL 1x MSFT: 📋 Order Summary:
   SELL 1 MSFT @ MARKET (~$400.00)
   Estimated total: $400.00
Traceback (most recent call last):
  File "/usr/local/lib/python3.11/dist-packages/alpaca/common/rest.py", line 198, in _one_request
    response.raise_for_status()
  File "/usr/local/lib/python3.11/dist-packages/request
[2026-04-30 11:31:52 UTC] -- NVDA
[2026-04-30 11:31:52 UTC]   bars=61  signal=SELL  price=$209.35  SMA=$194.96  lower=$170.35  upper=$219.57
[2026-04-30 11:31:52 UTC]   SKIP SELL: no position.
[2026-04-30 11:31:52 UTC] -- AMD
[2026-04-30 11:31:53 UTC]   bars=61  signal=SELL  price=$337.10  SMA=$270.52  lower=$186.26  upper=$354.78
[2026-04-30 11:31:53 UTC]   SKIP SELL: no position.
[2026-04-30 11:31:53 UTC] -- TSLA
[2026-04-30 11:31:54 UTC]   bars=61  signal=SELL  price=$372.80  SMA=$371.03  lower=$335.99  upper=$406.06
[2026-04-30 11:31:54 UTC]   SKIP SELL: no position.
[2026-04-30 11:31:54 UTC] -- META
[2026-04-30 11:31:54 UTC]   bars=61  signal=SELL  price=$669.47  SMA=$643.72  lower=$565.53  upper=$721.91
[2026-04-30 11:31:54 UTC]   SKIP SELL: no position.
[2026-04-30 11:31:54 UTC] -- GOOGL
[2026-04-30 11:31:55 UTC]   bars=61  signal=SELL  price=$350.27  SMA=$328.17  lower=$293.31  upper=$363.03
[2026-04-30 11:31:55 UTC]   SKIP SELL: no position.
[2026-04-30 11:31:55 UTC] -- AMZN
[2026-04-30 11:31:55 UTC]   bars=61  signal=SELL  price=$263.22  SMA=$241.72  lower=$205.72  upper=$277.72
[2026-04-30 11:31:55 UTC]   SKIP SELL: no position.
[2026-04-30 11:31:55 UTC] -- SPY
[2026-04-30 11:31:56 UTC]   bars=61  signal=SELL  price=$711.59  SMA=$692.03  lower=$650.15  upper=$733.92
[2026-04-30 11:31:56 UTC]   → SELLING 1 shares @ ~$711.59
[2026-04-30 11:31:58 UTC]   ORDER SELL 1x SPY: 📋 Order Summary:
   SELL 1 SPY @ MARKET (~$689.60)
   Estimated total: $689.60
Traceback (most recent call last):
  File "/usr/local/lib/python3.11/dist-packages/alpaca/common/rest.py", line 198, in _one_request
    response.raise_for_status()
  File "/usr/local/lib/python3.11/dist-packages/requests
[2026-04-30 11:31:58 UTC] -- QQQ
[2026-04-30 11:31:59 UTC]   bars=61  signal=SELL  price=$661.59  SMA=$629.54  lower=$574.42  upper=$684.67
[2026-04-30 11:31:59 UTC]   SKIP SELL: no position.
[2026-04-30 11:31:59 UTC] === Scan cycle complete ===

[2026-04-30 11:36:41 UTC] === Mean-Reversion scan cycle start ===
[2026-04-30 11:36:42 UTC] Equity: $99,998.78  |  Buying power: $198,594.55
[2026-04-30 11:36:42 UTC] Open positions: {'AAPL': 1.0, 'MSFT': 1.0, 'SPY': 1.0}
[2026-04-30 11:36:42 UTC] Watchlist (10): ['AAPL', 'MSFT', 'NVDA', 'AMD', 'TSLA', 'META', 'GOOGL', 'AMZN', 'SPY', 'QQQ']
[2026-04-30 11:36:42 UTC] -- AAPL
[2026-04-30 11:36:43 UTC]   bars=61  signal=SELL  price=$270.15  SMA=$264.34  lower=$251.50  upper=$277.17
[2026-04-30 11:36:43 UTC]   → SELLING 1 shares @ ~$270.15
[2026-04-30 11:36:45 UTC]   ORDER SELL 1x AAPL: 📋 Order Summary:
   SELL 1 AAPL @ MARKET (~$254.12)
   Estimated total: $254.12
Traceback (most recent call last):
  File "/usr/local/lib/python3.11/dist-packages/alpaca/common/rest.py", line 198, in _one_request
    response.raise_for_status()
  File "/usr/local/lib/python3.11/dist-packages/request
[2026-04-30 11:36:45 UTC] -- MSFT
[2026-04-30 11:36:46 UTC]   bars=61  signal=SELL  price=$424.80  SMA=$401.61  lower=$353.43  upper=$449.79
[2026-04-30 11:36:46 UTC]   → SELLING 1 shares @ ~$424.80
[2026-04-30 11:36:48 UTC]   ORDER SELL 1x MSFT: 📋 Order Summary:
   SELL 1 MSFT @ MARKET (~$400.00)
   Estimated total: $400.00
Traceback (most recent call last):
  File "/usr/local/lib/python3.11/dist-packages/alpaca/common/rest.py", line 198, in _one_request
    response.raise_for_status()
  File "/usr/local/lib/python3.11/dist-packages/request
[2026-04-30 11:36:48 UTC] -- NVDA
[2026-04-30 11:36:49 UTC]   bars=61  signal=SELL  price=$209.35  SMA=$194.96  lower=$170.35  upper=$219.57
[2026-04-30 11:36:49 UTC]   SKIP SELL: no position.
[2026-04-30 11:36:49 UTC] -- AMD
[2026-04-30 11:36:49 UTC]   bars=61  signal=SELL  price=$337.10  SMA=$270.52  lower=$186.26  upper=$354.78
[2026-04-30 11:36:49 UTC]   SKIP SELL: no position.
[2026-04-30 11:36:49 UTC] -- TSLA
[2026-04-30 11:36:50 UTC]   bars=61  signal=SELL  price=$372.80  SMA=$371.03  lower=$335.99  upper=$406.06
[2026-04-30 11:36:50 UTC]   SKIP SELL: no position.
[2026-04-30 11:36:50 UTC] -- META
[2026-04-30 11:36:51 UTC]   bars=61  signal=SELL  price=$669.47  SMA=$643.72  lower=$565.53  upper=$721.91
[2026-04-30 11:36:51 UTC]   SKIP SELL: no position.
[2026-04-30 11:36:51 UTC] -- GOOGL
[2026-04-30 11:36:51 UTC]   bars=61  signal=SELL  price=$350.27  SMA=$328.17  lower=$293.31  upper=$363.03
[2026-04-30 11:36:51 UTC]   SKIP SELL: no position.
[2026-04-30 11:36:51 UTC] -- AMZN
[2026-04-30 11:36:52 UTC]   bars=61  signal=SELL  price=$263.22  SMA=$241.72  lower=$205.72  upper=$277.72
[2026-04-30 11:36:52 UTC]   SKIP SELL: no position.
[2026-04-30 11:36:52 UTC] -- SPY
[2026-04-30 11:36:52 UTC]   bars=61  signal=SELL  price=$711.59  SMA=$692.03  lower=$650.15  upper=$733.92
[2026-04-30 11:36:52 UTC]   → SELLING 1 shares @ ~$711.59
[2026-04-30 11:36:55 UTC]   ORDER SELL 1x SPY: 📋 Order Summary:
   SELL 1 SPY @ MARKET (~$689.60)
   Estimated total: $689.60
Traceback (most recent call last):
  File "/usr/local/lib/python3.11/dist-packages/alpaca/common/rest.py", line 198, in _one_request
    response.raise_for_status()
  File "/usr/local/lib/python3.11/dist-packages/requests
[2026-04-30 11:36:55 UTC] -- QQQ
[2026-04-30 11:36:56 UTC]   bars=61  signal=SELL  price=$661.59  SMA=$629.54  lower=$574.42  upper=$684.67
[2026-04-30 11:36:56 UTC]   SKIP SELL: no position.
[2026-04-30 11:36:56 UTC] === Scan cycle complete ===

[2026-04-30 11:41:43 UTC] === Mean-Reversion scan cycle start ===
[2026-04-30 11:41:44 UTC] Equity: $99,997.84  |  Buying power: $198,593.61
[2026-04-30 11:41:44 UTC] Open positions: {'AAPL': 1.0, 'MSFT': 1.0, 'SPY': 1.0}
[2026-04-30 11:41:44 UTC] Watchlist (10): ['AAPL', 'MSFT', 'NVDA', 'AMD', 'TSLA', 'META', 'GOOGL', 'AMZN', 'SPY', 'QQQ']
[2026-04-30 11:41:44 UTC] -- AAPL
[2026-04-30 11:41:45 UTC]   bars=61  signal=SELL  price=$270.15  SMA=$264.34  lower=$251.50  upper=$277.17
[2026-04-30 11:41:45 UTC]   → SELLING 1 shares @ ~$270.15
[2026-04-30 11:41:47 UTC]   ORDER SELL 1x AAPL: 📋 Order Summary:
   SELL 1 AAPL @ MARKET (~$254.12)
   Estimated total: $254.12
Traceback (most recent call last):
  File "/usr/local/lib/python3.11/dist-packages/alpaca/common/rest.py", line 198, in _one_request
    response.raise_for_status()
  File "/usr/local/lib/python3.11/dist-packages/request
[2026-04-30 11:41:47 UTC] -- MSFT
[2026-04-30 11:41:48 UTC]   bars=61  signal=SELL  price=$424.80  SMA=$401.61  lower=$353.43  upper=$449.79
[2026-04-30 11:41:48 UTC]   → SELLING 1 shares @ ~$424.80
[2026-04-30 11:41:50 UTC]   ORDER SELL 1x MSFT: 📋 Order Summary:
   SELL 1 MSFT @ MARKET (~$400.00)
   Estimated total: $400.00
Traceback (most recent call last):
  File "/usr/local/lib/python3.11/dist-packages/alpaca/common/rest.py", line 198, in _one_request
    response.raise_for_status()
  File "/usr/local/lib/python3.11/dist-packages/request
[2026-04-30 11:41:50 UTC] -- NVDA
[2026-04-30 11:41:51 UTC]   bars=61  signal=SELL  price=$209.35  SMA=$194.96  lower=$170.35  upper=$219.57
[2026-04-30 11:41:51 UTC]   SKIP SELL: no position.
[2026-04-30 11:41:51 UTC] -- AMD
[2026-04-30 11:41:51 UTC]   bars=61  signal=SELL  price=$337.10  SMA=$270.52  lower=$186.26  upper=$354.78
[2026-04-30 11:41:51 UTC]   SKIP SELL: no position.
[2026-04-30 11:41:51 UTC] -- TSLA
[2026-04-30 11:41:52 UTC]   bars=61  signal=SELL  price=$372.80  SMA=$371.03  lower=$335.99  upper=$406.06
[2026-04-30 11:41:52 UTC]   SKIP SELL: no position.
[2026-04-30 11:41:52 UTC] -- META
[2026-04-30 11:41:52 UTC]   bars=61  signal=SELL  price=$669.47  SMA=$643.72  lower=$565.53  upper=$721.91
[2026-04-30 11:41:52 UTC]   SKIP SELL: no position.
[2026-04-30 11:41:53 UTC] -- GOOGL
[2026-04-30 11:41:53 UTC]   bars=61  signal=SELL  price=$350.27  SMA=$328.17  lower=$293.31  upper=$363.03
[2026-04-30 11:41:53 UTC]   SKIP SELL: no position.
[2026-04-30 11:41:53 UTC] -- AMZN
[2026-04-30 11:41:54 UTC]   bars=61  signal=SELL  price=$263.22  SMA=$241.72  lower=$205.72  upper=$277.72
[2026-04-30 11:41:54 UTC]   SKIP SELL: no position.
[2026-04-30 11:41:54 UTC] -- SPY
[2026-04-30 11:41:54 UTC]   bars=61  signal=SELL  price=$711.59  SMA=$692.03  lower=$650.15  upper=$733.92
[2026-04-30 11:41:54 UTC]   → SELLING 1 shares @ ~$711.59
[2026-04-30 11:41:57 UTC]   ORDER SELL 1x SPY: 📋 Order Summary:
   SELL 1 SPY @ MARKET (~$689.60)
   Estimated total: $689.60
Traceback (most recent call last):
  File "/usr/local/lib/python3.11/dist-packages/alpaca/common/rest.py", line 198, in _one_request
    response.raise_for_status()
  File "/usr/local/lib/python3.11/dist-packages/requests
[2026-04-30 11:41:57 UTC] -- QQQ
[2026-04-30 11:41:58 UTC]   bars=61  signal=SELL  price=$661.59  SMA=$629.54  lower=$574.42  upper=$684.67
[2026-04-30 11:41:58 UTC]   SKIP SELL: no position.
[2026-04-30 11:41:58 UTC] === Scan cycle complete ===

[2026-04-30 11:46:40 UTC] === Mean-Reversion scan cycle start ===
[2026-04-30 11:46:42 UTC] Equity: $99,997.62  |  Buying power: $198,593.39
[2026-04-30 11:46:42 UTC] Open positions: {'AAPL': 1.0, 'MSFT': 1.0, 'SPY': 1.0}
[2026-04-30 11:46:42 UTC] Watchlist (10): ['AAPL', 'MSFT', 'NVDA', 'AMD', 'TSLA', 'META', 'GOOGL', 'AMZN', 'SPY', 'QQQ']
[2026-04-30 11:46:42 UTC] -- AAPL
[2026-04-30 11:46:43 UTC]   bars=61  signal=SELL  price=$270.15  SMA=$264.34  lower=$251.50  upper=$277.17
[2026-04-30 11:46:43 UTC]   → SELLING 1 shares @ ~$270.15
[2026-04-30 11:46:45 UTC]   ORDER SELL 1x AAPL: 📋 Order Summary:
   SELL 1 AAPL @ MARKET (~$254.12)
   Estimated total: $254.12
Traceback (most recent call last):
  File "/usr/local/lib/python3.11/dist-packages/alpaca/common/rest.py", line 198, in _one_request
    response.raise_for_status()
  File "/usr/local/lib/python3.11/dist-packages/request
[2026-04-30 11:46:45 UTC] -- MSFT
[2026-04-30 11:46:46 UTC]   bars=61  signal=SELL  price=$424.80  SMA=$401.61  lower=$353.43  upper=$449.79
[2026-04-30 11:46:46 UTC]   → SELLING 1 shares @ ~$424.80
[2026-04-30 11:46:48 UTC]   ORDER SELL 1x MSFT: 📋 Order Summary:
   SELL 1 MSFT @ MARKET (~$400.00)
   Estimated total: $400.00
Traceback (most recent call last):
  File "/usr/local/lib/python3.11/dist-packages/alpaca/common/rest.py", line 198, in _one_request
    response.raise_for_status()
  File "/usr/local/lib/python3.11/dist-packages/request
[2026-04-30 11:46:48 UTC] -- NVDA
[2026-04-30 11:46:49 UTC]   bars=61  signal=SELL  price=$209.35  SMA=$194.96  lower=$170.35  upper=$219.57
[2026-04-30 11:46:49 UTC]   SKIP SELL: no position.
[2026-04-30 11:46:49 UTC] -- AMD
[2026-04-30 11:46:49 UTC]   bars=61  signal=SELL  price=$337.10  SMA=$270.52  lower=$186.26  upper=$354.78
[2026-04-30 11:46:49 UTC]   SKIP SELL: no position.
[2026-04-30 11:46:49 UTC] -- TSLA
[2026-04-30 11:46:50 UTC]   bars=61  signal=SELL  price=$372.80  SMA=$371.03  lower=$335.99  upper=$406.06
[2026-04-30 11:46:50 UTC]   SKIP SELL: no position.
[2026-04-30 11:46:50 UTC] -- META
[2026-04-30 11:46:51 UTC]   bars=61  signal=SELL  price=$669.47  SMA=$643.72  lower=$565.53  upper=$721.91
[2026-04-30 11:46:51 UTC]   SKIP SELL: no position.
[2026-04-30 11:46:51 UTC] -- GOOGL
[2026-04-30 11:46:51 UTC]   bars=61  signal=SELL  price=$350.27  SMA=$328.17  lower=$293.31  upper=$363.03
[2026-04-30 11:46:51 UTC]   SKIP SELL: no position.
[2026-04-30 11:46:51 UTC] -- AMZN
[2026-04-30 11:46:52 UTC]   bars=61  signal=SELL  price=$263.22  SMA=$241.72  lower=$205.72  upper=$277.72
[2026-04-30 11:46:52 UTC]   SKIP SELL: no position.
[2026-04-30 11:46:52 UTC] -- SPY
[2026-04-30 11:46:52 UTC]   bars=61  signal=SELL  price=$711.59  SMA=$692.03  lower=$650.15  upper=$733.92
[2026-04-30 11:46:52 UTC]   → SELLING 1 shares @ ~$711.59
[2026-04-30 11:46:54 UTC]   ORDER SELL 1x SPY: 📋 Order Summary:
   SELL 1 SPY @ MARKET (~$689.60)
   Estimated total: $689.60
Traceback (most recent call last):
  File "/usr/local/lib/python3.11/dist-packages/alpaca/common/rest.py", line 198, in _one_request
    response.raise_for_status()
  File "/usr/local/lib/python3.11/dist-packages/requests
[2026-04-30 11:46:54 UTC] -- QQQ
[2026-04-30 11:46:55 UTC]   bars=61  signal=SELL  price=$661.59  SMA=$629.54  lower=$574.42  upper=$684.67
[2026-04-30 11:46:55 UTC]   SKIP SELL: no position.
[2026-04-30 11:46:55 UTC] === Scan cycle complete ===

[2026-04-30 11:51:44 UTC] === Mean-Reversion scan cycle start ===
[2026-04-30 11:51:45 UTC] Equity: $99,997.35  |  Buying power: $198,593.12
[2026-04-30 11:51:45 UTC] Open positions: {'AAPL': 1.0, 'MSFT': 1.0, 'SPY': 1.0}
[2026-04-30 11:51:45 UTC] Watchlist (10): ['AAPL', 'MSFT', 'NVDA', 'AMD', 'TSLA', 'META', 'GOOGL', 'AMZN', 'SPY', 'QQQ']
[2026-04-30 11:51:45 UTC] -- AAPL
[2026-04-30 11:51:46 UTC]   bars=61  signal=SELL  price=$270.15  SMA=$264.34  lower=$251.50  upper=$277.17
[2026-04-30 11:51:46 UTC]   → SELLING 1 shares @ ~$270.15
[2026-04-30 11:51:49 UTC]   ORDER SELL 1x AAPL: 📋 Order Summary:
   SELL 1 AAPL @ MARKET (~$254.12)
   Estimated total: $254.12
Traceback (most recent call last):
  File "/usr/local/lib/python3.11/dist-packages/alpaca/common/rest.py", line 198, in _one_request
    response.raise_for_status()
  File "/usr/local/lib/python3.11/dist-packages/request
[2026-04-30 11:51:49 UTC] -- MSFT
[2026-04-30 11:51:49 UTC]   bars=61  signal=SELL  price=$424.80  SMA=$401.61  lower=$353.43  upper=$449.79
[2026-04-30 11:51:49 UTC]   → SELLING 1 shares @ ~$424.80
[2026-04-30 11:51:51 UTC]   ORDER SELL 1x MSFT: 📋 Order Summary:
   SELL 1 MSFT @ MARKET (~$400.00)
   Estimated total: $400.00
Traceback (most recent call last):
  File "/usr/local/lib/python3.11/dist-packages/alpaca/common/rest.py", line 198, in _one_request
    response.raise_for_status()
  File "/usr/local/lib/python3.11/dist-packages/request
[2026-04-30 11:51:51 UTC] -- NVDA
[2026-04-30 11:51:52 UTC]   bars=61  signal=SELL  price=$209.35  SMA=$194.96  lower=$170.35  upper=$219.57
[2026-04-30 11:51:52 UTC]   SKIP SELL: no position.
[2026-04-30 11:51:52 UTC] -- AMD
[2026-04-30 11:51:52 UTC]   bars=61  signal=SELL  price=$337.10  SMA=$270.52  lower=$186.26  upper=$354.78
[2026-04-30 11:51:52 UTC]   SKIP SELL: no position.
[2026-04-30 11:51:52 UTC] -- TSLA
[2026-04-30 11:51:53 UTC]   bars=61  signal=SELL  price=$372.80  SMA=$371.03  lower=$335.99  upper=$406.06
[2026-04-30 11:51:53 UTC]   SKIP SELL: no position.
[2026-04-30 11:51:53 UTC] -- META
[2026-04-30 11:51:54 UTC]   bars=61  signal=SELL  price=$669.47  SMA=$643.72  lower=$565.53  upper=$721.91
[2026-04-30 11:51:54 UTC]   SKIP SELL: no position.
[2026-04-30 11:51:54 UTC] -- GOOGL
[2026-04-30 11:51:54 UTC]   bars=61  signal=SELL  price=$350.27  SMA=$328.17  lower=$293.31  upper=$363.03
[2026-04-30 11:51:54 UTC]   SKIP SELL: no position.
[2026-04-30 11:51:54 UTC] -- AMZN
[2026-04-30 11:51:55 UTC]   bars=61  signal=SELL  price=$263.22  SMA=$241.72  lower=$205.72  upper=$277.72
[2026-04-30 11:51:55 UTC]   SKIP SELL: no position.
[2026-04-30 11:51:55 UTC] -- SPY
[2026-04-30 11:51:56 UTC]   bars=61  signal=SELL  price=$711.59  SMA=$692.03  lower=$650.15  upper=$733.92
[2026-04-30 11:51:56 UTC]   → SELLING 1 shares @ ~$711.59
[2026-04-30 11:51:58 UTC]   ORDER SELL 1x SPY: 📋 Order Summary:
   SELL 1 SPY @ MARKET (~$689.60)
   Estimated total: $689.60
Traceback (most recent call last):
  File "/usr/local/lib/python3.11/dist-packages/alpaca/common/rest.py", line 198, in _one_request
    response.raise_for_status()
  File "/usr/local/lib/python3.11/dist-packages/requests
[2026-04-30 11:51:58 UTC] -- QQQ
[2026-04-30 11:51:59 UTC]   bars=61  signal=SELL  price=$661.59  SMA=$629.54  lower=$574.42  upper=$684.67
[2026-04-30 11:51:59 UTC]   SKIP SELL: no position.
[2026-04-30 11:51:59 UTC] === Scan cycle complete ===

[2026-04-30 11:58:47 UTC] === Mean-Reversion scan cycle start ===
[2026-04-30 11:58:48 UTC] Equity: $99,998.03  |  Buying power: $198,593.80
[2026-04-30 11:58:49 UTC] Open positions: {'AAPL': 1.0, 'MSFT': 1.0, 'SPY': 1.0}
[2026-04-30 11:58:49 UTC] Watchlist (10): ['AAPL', 'MSFT', 'NVDA', 'AMD', 'TSLA', 'META', 'GOOGL', 'AMZN', 'SPY', 'QQQ']
[2026-04-30 11:58:49 UTC] -- AAPL
[2026-04-30 11:58:49 UTC]   bars=61  signal=SELL  price=$270.15  SMA=$264.34  lower=$251.50  upper=$277.17
[2026-04-30 11:58:49 UTC]   → SELLING 1 shares @ ~$270.15
[2026-04-30 11:58:52 UTC]   ORDER SELL 1x AAPL: 📋 Order Summary:
   SELL 1 AAPL @ MARKET (~$254.12)
   Estimated total: $254.12
Traceback (most recent call last):
  File "/usr/local/lib/python3.11/dist-packages/alpaca/common/rest.py", line 198, in _one_request
    response.raise_for_status()
  File "/usr/local/lib/python3.11/dist-packages/request
[2026-04-30 11:58:52 UTC] -- MSFT
[2026-04-30 11:58:52 UTC]   bars=61  signal=SELL  price=$424.80  SMA=$401.61  lower=$353.43  upper=$449.79
[2026-04-30 11:58:52 UTC]   → SELLING 1 shares @ ~$424.80
[2026-04-30 11:58:54 UTC]   ORDER SELL 1x MSFT: 📋 Order Summary:
   SELL 1 MSFT @ MARKET (~$400.00)
   Estimated total: $400.00
Traceback (most recent call last):
  File "/usr/local/lib/python3.11/dist-packages/alpaca/common/rest.py", line 198, in _one_request
    response.raise_for_status()
  File "/usr/local/lib/python3.11/dist-packages/request
[2026-04-30 11:58:54 UTC] -- NVDA
[2026-04-30 11:58:55 UTC]   bars=61  signal=SELL  price=$209.35  SMA=$194.96  lower=$170.35  upper=$219.57
[2026-04-30 11:58:55 UTC]   SKIP SELL: no position.
[2026-04-30 11:58:55 UTC] -- AMD
[2026-04-30 11:58:56 UTC]   bars=61  signal=SELL  price=$337.10  SMA=$270.52  lower=$186.26  upper=$354.78
[2026-04-30 11:58:56 UTC]   SKIP SELL: no position.
[2026-04-30 11:58:56 UTC] -- TSLA
[2026-04-30 11:58:56 UTC]   bars=61  signal=SELL  price=$372.80  SMA=$371.03  lower=$335.99  upper=$406.06
[2026-04-30 11:58:56 UTC]   SKIP SELL: no position.
[2026-04-30 11:58:56 UTC] -- META
[2026-04-30 11:58:57 UTC]   bars=61  signal=SELL  price=$669.47  SMA=$643.72  lower=$565.53  upper=$721.91
[2026-04-30 11:58:57 UTC]   SKIP SELL: no position.
[2026-04-30 11:58:57 UTC] -- GOOGL
[2026-04-30 11:58:58 UTC]   bars=61  signal=SELL  price=$350.27  SMA=$328.17  lower=$293.31  upper=$363.03
[2026-04-30 11:58:58 UTC]   SKIP SELL: no position.
[2026-04-30 11:58:58 UTC] -- AMZN
[2026-04-30 11:58:58 UTC]   bars=61  signal=SELL  price=$263.22  SMA=$241.72  lower=$205.72  upper=$277.72
[2026-04-30 11:58:58 UTC]   SKIP SELL: no position.
[2026-04-30 11:58:58 UTC] -- SPY
[2026-04-30 11:58:59 UTC]   bars=61  signal=SELL  price=$711.59  SMA=$692.03  lower=$650.15  upper=$733.92
[2026-04-30 11:58:59 UTC]   → SELLING 1 shares @ ~$711.59
[2026-04-30 11:59:01 UTC]   ORDER SELL 1x SPY: 📋 Order Summary:
   SELL 1 SPY @ MARKET (~$689.60)
   Estimated total: $689.60
Traceback (most recent call last):
  File "/usr/local/lib/python3.11/dist-packages/alpaca/common/rest.py", line 198, in _one_request
    response.raise_for_status()
  File "/usr/local/lib/python3.11/dist-packages/requests
[2026-04-30 11:59:01 UTC] -- QQQ
[2026-04-30 11:59:02 UTC]   bars=61  signal=SELL  price=$661.59  SMA=$629.54  lower=$574.42  upper=$684.67
[2026-04-30 11:59:02 UTC]   SKIP SELL: no position.
[2026-04-30 11:59:02 UTC] === Scan cycle complete ===

[2026-04-30 12:01:40 UTC] === Mean-Reversion scan cycle start ===
[2026-04-30 12:01:42 UTC] Equity: $99,998.00  |  Buying power: $198,593.77
[2026-04-30 12:01:42 UTC] Open positions: {'AAPL': 1.0, 'MSFT': 1.0, 'SPY': 1.0}
[2026-04-30 12:01:42 UTC] Watchlist (10): ['AAPL', 'MSFT', 'NVDA', 'AMD', 'TSLA', 'META', 'GOOGL', 'AMZN', 'SPY', 'QQQ']
[2026-04-30 12:01:42 UTC] -- AAPL
[2026-04-30 12:01:43 UTC]   bars=61  signal=SELL  price=$270.15  SMA=$264.34  lower=$251.50  upper=$277.17
[2026-04-30 12:01:43 UTC]   → SELLING 1 shares @ ~$270.15
[2026-04-30 12:01:45 UTC]   ORDER SELL 1x AAPL: 📋 Order Summary:
   SELL 1 AAPL @ MARKET (~$254.12)
   Estimated total: $254.12
Traceback (most recent call last):
  File "/usr/local/lib/python3.11/dist-packages/alpaca/common/rest.py", line 198, in _one_request
    response.raise_for_status()
  File "/usr/local/lib/python3.11/dist-packages/request
[2026-04-30 12:01:45 UTC] -- MSFT
[2026-04-30 12:01:46 UTC]   bars=61  signal=SELL  price=$424.80  SMA=$401.61  lower=$353.43  upper=$449.79
[2026-04-30 12:01:46 UTC]   → SELLING 1 shares @ ~$424.80
[2026-04-30 12:01:48 UTC]   ORDER SELL 1x MSFT: 📋 Order Summary:
   SELL 1 MSFT @ MARKET (~$400.00)
   Estimated total: $400.00
Traceback (most recent call last):
  File "/usr/local/lib/python3.11/dist-packages/alpaca/common/rest.py", line 198, in _one_request
    response.raise_for_status()
  File "/usr/local/lib/python3.11/dist-packages/request
[2026-04-30 12:01:48 UTC] -- NVDA
[2026-04-30 12:01:48 UTC]   bars=61  signal=SELL  price=$209.35  SMA=$194.96  lower=$170.35  upper=$219.57
[2026-04-30 12:01:48 UTC]   SKIP SELL: no position.
[2026-04-30 12:01:48 UTC] -- AMD
[2026-04-30 12:01:49 UTC]   bars=61  signal=SELL  price=$337.10  SMA=$270.52  lower=$186.26  upper=$354.78
[2026-04-30 12:01:49 UTC]   SKIP SELL: no position.
[2026-04-30 12:01:49 UTC] -- TSLA
[2026-04-30 12:01:50 UTC]   bars=61  signal=SELL  price=$372.80  SMA=$371.03  lower=$335.99  upper=$406.06
[2026-04-30 12:01:50 UTC]   SKIP SELL: no position.
[2026-04-30 12:01:50 UTC] -- META
[2026-04-30 12:01:50 UTC]   bars=61  signal=SELL  price=$669.47  SMA=$643.72  lower=$565.53  upper=$721.91
[2026-04-30 12:01:50 UTC]   SKIP SELL: no position.
[2026-04-30 12:01:50 UTC] -- GOOGL
[2026-04-30 12:01:51 UTC]   bars=61  signal=SELL  price=$350.27  SMA=$328.17  lower=$293.31  upper=$363.03
[2026-04-30 12:01:51 UTC]   SKIP SELL: no position.
[2026-04-30 12:01:51 UTC] -- AMZN
[2026-04-30 12:01:52 UTC]   bars=61  signal=SELL  price=$263.22  SMA=$241.72  lower=$205.72  upper=$277.72
[2026-04-30 12:01:52 UTC]   SKIP SELL: no position.
[2026-04-30 12:01:52 UTC] -- SPY
[2026-04-30 12:01:52 UTC]   bars=61  signal=SELL  price=$711.59  SMA=$692.03  lower=$650.15  upper=$733.92
[2026-04-30 12:01:52 UTC]   → SELLING 1 shares @ ~$711.59
[2026-04-30 12:01:55 UTC]   ORDER SELL 1x SPY: 📋 Order Summary:
   SELL 1 SPY @ MARKET (~$714.13)
   Estimated total: $714.13
Traceback (most recent call last):
  File "/usr/local/lib/python3.11/dist-packages/alpaca/common/rest.py", line 198, in _one_request
    response.raise_for_status()
  File "/usr/local/lib/python3.11/dist-packages/requests
[2026-04-30 12:01:55 UTC] -- QQQ
[2026-04-30 12:01:55 UTC]   bars=61  signal=SELL  price=$661.59  SMA=$629.54  lower=$574.42  upper=$684.67
[2026-04-30 12:01:55 UTC]   SKIP SELL: no position.
[2026-04-30 12:01:55 UTC] === Scan cycle complete ===

[2026-04-30 12:06:41 UTC] === Mean-Reversion scan cycle start ===
[2026-04-30 12:06:43 UTC] Equity: $99,998.63  |  Buying power: $198,594.40
[2026-04-30 12:06:43 UTC] Open positions: {'AAPL': 1.0, 'MSFT': 1.0, 'SPY': 1.0}
[2026-04-30 12:06:43 UTC] Watchlist (10): ['AAPL', 'MSFT', 'NVDA', 'AMD', 'TSLA', 'META', 'GOOGL', 'AMZN', 'SPY', 'QQQ']
[2026-04-30 12:06:43 UTC] -- AAPL
[2026-04-30 12:06:44 UTC]   bars=61  signal=SELL  price=$270.15  SMA=$264.34  lower=$251.50  upper=$277.17
[2026-04-30 12:06:44 UTC]   → SELLING 1 shares @ ~$270.15
[2026-04-30 12:06:46 UTC]   ORDER SELL 1x AAPL: 📋 Order Summary:
   SELL 1 AAPL @ MARKET (~$254.12)
   Estimated total: $254.12
Traceback (most recent call last):
  File "/usr/local/lib/python3.11/dist-packages/alpaca/common/rest.py", line 198, in _one_request
    response.raise_for_status()
  File "/usr/local/lib/python3.11/dist-packages/request
[2026-04-30 12:06:46 UTC] -- MSFT
[2026-04-30 12:06:47 UTC]   bars=61  signal=SELL  price=$424.80  SMA=$401.61  lower=$353.43  upper=$449.79
[2026-04-30 12:06:47 UTC]   → SELLING 1 shares @ ~$424.80
[2026-04-30 12:06:49 UTC]   ORDER SELL 1x MSFT: 📋 Order Summary:
   SELL 1 MSFT @ MARKET (~$400.00)
   Estimated total: $400.00
Traceback (most recent call last):
  File "/usr/local/lib/python3.11/dist-packages/alpaca/common/rest.py", line 198, in _one_request
    response.raise_for_status()
  File "/usr/local/lib/python3.11/dist-packages/request
[2026-04-30 12:06:49 UTC] -- NVDA
[2026-04-30 12:06:50 UTC]   bars=61  signal=SELL  price=$209.35  SMA=$194.96  lower=$170.35  upper=$219.57
[2026-04-30 12:06:50 UTC]   SKIP SELL: no position.
[2026-04-30 12:06:50 UTC] -- AMD
[2026-04-30 12:06:51 UTC]   bars=61  signal=SELL  price=$337.10  SMA=$270.52  lower=$186.26  upper=$354.78
[2026-04-30 12:06:51 UTC]   SKIP SELL: no position.
[2026-04-30 12:06:51 UTC] -- TSLA
[2026-04-30 12:06:51 UTC]   bars=61  signal=SELL  price=$372.80  SMA=$371.03  lower=$335.99  upper=$406.06
[2026-04-30 12:06:51 UTC]   SKIP SELL: no position.
[2026-04-30 12:06:51 UTC] -- META
[2026-04-30 12:06:52 UTC]   bars=61  signal=SELL  price=$669.47  SMA=$643.72  lower=$565.53  upper=$721.91
[2026-04-30 12:06:52 UTC]   SKIP SELL: no position.
[2026-04-30 12:06:52 UTC] -- GOOGL
[2026-04-30 12:06:53 UTC]   bars=61  signal=SELL  price=$350.27  SMA=$328.17  lower=$293.31  upper=$363.03
[2026-04-30 12:06:53 UTC]   SKIP SELL: no position.
[2026-04-30 12:06:53 UTC] -- AMZN
[2026-04-30 12:06:54 UTC]   bars=61  signal=SELL  price=$263.22  SMA=$241.72  lower=$205.72  upper=$277.72
[2026-04-30 12:06:54 UTC]   SKIP SELL: no position.
[2026-04-30 12:06:54 UTC] -- SPY
[2026-04-30 12:06:54 UTC]   bars=61  signal=SELL  price=$711.59  SMA=$692.03  lower=$650.15  upper=$733.92
[2026-04-30 12:06:54 UTC]   → SELLING 1 shares @ ~$711.59
[2026-04-30 12:06:57 UTC]   ORDER SELL 1x SPY: 📋 Order Summary:
   SELL 1 SPY @ MARKET (~$714.31)
   Estimated total: $714.31
Traceback (most recent call last):
  File "/usr/local/lib/python3.11/dist-packages/alpaca/common/rest.py", line 198, in _one_request
    response.raise_for_status()
  File "/usr/local/lib/python3.11/dist-packages/requests
[2026-04-30 12:06:57 UTC] -- QQQ
[2026-04-30 12:06:57 UTC]   bars=61  signal=SELL  price=$661.59  SMA=$629.54  lower=$574.42  upper=$684.67
[2026-04-30 12:06:57 UTC]   SKIP SELL: no position.
[2026-04-30 12:06:57 UTC] === Scan cycle complete ===

[2026-04-30 12:11:43 UTC] === Mean-Reversion scan cycle start ===
[2026-04-30 12:11:45 UTC] Equity: $99,999.56  |  Buying power: $198,595.33
[2026-04-30 12:11:45 UTC] Open positions: {'AAPL': 1.0, 'MSFT': 1.0, 'SPY': 1.0}
[2026-04-30 12:11:45 UTC] Watchlist (10): ['AAPL', 'MSFT', 'NVDA', 'AMD', 'TSLA', 'META', 'GOOGL', 'AMZN', 'SPY', 'QQQ']
[2026-04-30 12:11:45 UTC] -- AAPL
[2026-04-30 12:11:46 UTC]   bars=61  signal=SELL  price=$270.15  SMA=$264.34  lower=$251.50  upper=$277.17
[2026-04-30 12:11:46 UTC]   → SELLING 1 shares @ ~$270.15
[2026-04-30 12:11:48 UTC]   ORDER SELL 1x AAPL: 📋 Order Summary:
   SELL 1 AAPL @ MARKET (~$254.12)
   Estimated total: $254.12
Traceback (most recent call last):
  File "/usr/local/lib/python3.11/dist-packages/alpaca/common/rest.py", line 198, in _one_request
    response.raise_for_status()
  File "/usr/local/lib/python3.11/dist-packages/request
[2026-04-30 12:11:48 UTC] -- MSFT
[2026-04-30 12:11:49 UTC]   bars=61  signal=SELL  price=$424.80  SMA=$401.61  lower=$353.43  upper=$449.79
[2026-04-30 12:11:49 UTC]   → SELLING 1 shares @ ~$424.80
[2026-04-30 12:11:51 UTC]   ORDER SELL 1x MSFT: 📋 Order Summary:
   SELL 1 MSFT @ MARKET (~$400.00)
   Estimated total: $400.00
Traceback (most recent call last):
  File "/usr/local/lib/python3.11/dist-packages/alpaca/common/rest.py", line 198, in _one_request
    response.raise_for_status()
  File "/usr/local/lib/python3.11/dist-packages/request
[2026-04-30 12:11:51 UTC] -- NVDA
[2026-04-30 12:11:52 UTC]   bars=61  signal=SELL  price=$209.35  SMA=$194.96  lower=$170.35  upper=$219.57
[2026-04-30 12:11:52 UTC]   SKIP SELL: no position.
[2026-04-30 12:11:52 UTC] -- AMD
[2026-04-30 12:11:52 UTC]   bars=61  signal=SELL  price=$337.10  SMA=$270.52  lower=$186.26  upper=$354.78
[2026-04-30 12:11:52 UTC]   SKIP SELL: no position.
[2026-04-30 12:11:52 UTC] -- TSLA
[2026-04-30 12:11:53 UTC]   bars=61  signal=SELL  price=$372.80  SMA=$371.03  lower=$335.99  upper=$406.06
[2026-04-30 12:11:53 UTC]   SKIP SELL: no position.
[2026-04-30 12:11:53 UTC] -- META
[2026-04-30 12:11:54 UTC]   bars=61  signal=SELL  price=$669.47  SMA=$643.72  lower=$565.53  upper=$721.91
[2026-04-30 12:11:54 UTC]   SKIP SELL: no position.
[2026-04-30 12:11:54 UTC] -- GOOGL
[2026-04-30 12:11:54 UTC]   bars=61  signal=SELL  price=$350.27  SMA=$328.17  lower=$293.31  upper=$363.03
[2026-04-30 12:11:54 UTC]   SKIP SELL: no position.
[2026-04-30 12:11:54 UTC] -- AMZN
[2026-04-30 12:11:55 UTC]   bars=61  signal=SELL  price=$263.22  SMA=$241.72  lower=$205.72  upper=$277.72
[2026-04-30 12:11:55 UTC]   SKIP SELL: no position.
[2026-04-30 12:11:55 UTC] -- SPY
[2026-04-30 12:11:56 UTC]   bars=61  signal=SELL  price=$711.59  SMA=$692.03  lower=$650.15  upper=$733.92
[2026-04-30 12:11:56 UTC]   → SELLING 1 shares @ ~$711.59
[2026-04-30 12:11:58 UTC]   ORDER SELL 1x SPY: 📋 Order Summary:
   SELL 1 SPY @ MARKET (~$714.66)
   Estimated total: $714.66
Traceback (most recent call last):
  File "/usr/local/lib/python3.11/dist-packages/alpaca/common/rest.py", line 198, in _one_request
    response.raise_for_status()
  File "/usr/local/lib/python3.11/dist-packages/requests
[2026-04-30 12:11:58 UTC] -- QQQ
[2026-04-30 12:11:59 UTC]   bars=61  signal=SELL  price=$661.59  SMA=$629.54  lower=$574.42  upper=$684.67
[2026-04-30 12:11:59 UTC]   SKIP SELL: no position.
[2026-04-30 12:11:59 UTC] === Scan cycle complete ===

[2026-04-30 12:16:43 UTC] === Mean-Reversion scan cycle start ===
[2026-04-30 12:16:44 UTC] Equity: $100,000.99  |  Buying power: $198,596.76
[2026-04-30 12:16:45 UTC] Open positions: {'AAPL': 1.0, 'MSFT': 1.0, 'SPY': 1.0}
[2026-04-30 12:16:45 UTC] Watchlist (10): ['AAPL', 'MSFT', 'NVDA', 'AMD', 'TSLA', 'META', 'GOOGL', 'AMZN', 'SPY', 'QQQ']
[2026-04-30 12:16:45 UTC] -- AAPL
[2026-04-30 12:16:45 UTC]   bars=61  signal=SELL  price=$270.15  SMA=$264.34  lower=$251.50  upper=$277.17
[2026-04-30 12:16:45 UTC]   → SELLING 1 shares @ ~$270.15
[2026-04-30 12:16:48 UTC]   ORDER SELL 1x AAPL: 📋 Order Summary:
   SELL 1 AAPL @ MARKET (~$254.12)
   Estimated total: $254.12
Traceback (most recent call last):
  File "/usr/local/lib/python3.11/dist-packages/alpaca/common/rest.py", line 198, in _one_request
    response.raise_for_status()
  File "/usr/local/lib/python3.11/dist-packages/request
[2026-04-30 12:16:48 UTC] -- MSFT
[2026-04-30 12:16:48 UTC]   bars=61  signal=SELL  price=$424.80  SMA=$401.61  lower=$353.43  upper=$449.79
[2026-04-30 12:16:48 UTC]   → SELLING 1 shares @ ~$424.80
[2026-04-30 12:16:50 UTC]   ORDER SELL 1x MSFT: 📋 Order Summary:
   SELL 1 MSFT @ MARKET (~$400.00)
   Estimated total: $400.00
Traceback (most recent call last):
  File "/usr/local/lib/python3.11/dist-packages/alpaca/common/rest.py", line 198, in _one_request
    response.raise_for_status()
  File "/usr/local/lib/python3.11/dist-packages/request
[2026-04-30 12:16:50 UTC] -- NVDA
[2026-04-30 12:16:51 UTC]   bars=61  signal=SELL  price=$209.35  SMA=$194.96  lower=$170.35  upper=$219.57
[2026-04-30 12:16:51 UTC]   SKIP SELL: no position.
[2026-04-30 12:16:51 UTC] -- AMD
[2026-04-30 12:16:52 UTC]   bars=61  signal=SELL  price=$337.10  SMA=$270.52  lower=$186.26  upper=$354.78
[2026-04-30 12:16:52 UTC]   SKIP SELL: no position.
[2026-04-30 12:16:52 UTC] -- TSLA
[2026-04-30 12:16:52 UTC]   bars=61  signal=SELL  price=$372.80  SMA=$371.03  lower=$335.99  upper=$406.06
[2026-04-30 12:16:52 UTC]   SKIP SELL: no position.
[2026-04-30 12:16:52 UTC] -- META
[2026-04-30 12:16:53 UTC]   bars=61  signal=SELL  price=$669.47  SMA=$643.72  lower=$565.53  upper=$721.91
[2026-04-30 12:16:53 UTC]   SKIP SELL: no position.
[2026-04-30 12:16:53 UTC] -- GOOGL
[2026-04-30 12:16:54 UTC]   bars=61  signal=SELL  price=$350.27  SMA=$328.17  lower=$293.31  upper=$363.03
[2026-04-30 12:16:54 UTC]   SKIP SELL: no position.
[2026-04-30 12:16:54 UTC] -- AMZN
[2026-04-30 12:16:54 UTC]   bars=61  signal=SELL  price=$263.22  SMA=$241.72  lower=$205.72  upper=$277.72
[2026-04-30 12:16:54 UTC]   SKIP SELL: no position.
[2026-04-30 12:16:54 UTC] -- SPY
[2026-04-30 12:16:55 UTC]   bars=61  signal=SELL  price=$711.59  SMA=$692.03  lower=$650.15  upper=$733.92
[2026-04-30 12:16:55 UTC]   → SELLING 1 shares @ ~$711.59
[2026-04-30 12:16:57 UTC]   ORDER SELL 1x SPY: 📋 Order Summary:
   SELL 1 SPY @ MARKET (~$715.17)
   Estimated total: $715.17
Traceback (most recent call last):
  File "/usr/local/lib/python3.11/dist-packages/alpaca/common/rest.py", line 198, in _one_request
    response.raise_for_status()
  File "/usr/local/lib/python3.11/dist-packages/requests
[2026-04-30 12:16:57 UTC] -- QQQ
[2026-04-30 12:16:58 UTC]   bars=61  signal=SELL  price=$661.59  SMA=$629.54  lower=$574.42  upper=$684.67
[2026-04-30 12:16:58 UTC]   SKIP SELL: no position.
[2026-04-30 12:16:58 UTC] === Scan cycle complete ===

[2026-04-30 12:21:44 UTC] === Mean-Reversion scan cycle start ===
[2026-04-30 12:21:46 UTC] Equity: $100,001.16  |  Buying power: $198,596.93
[2026-04-30 12:21:46 UTC] Open positions: {'AAPL': 1.0, 'MSFT': 1.0, 'SPY': 1.0}
[2026-04-30 12:21:46 UTC] Watchlist (10): ['AAPL', 'MSFT', 'NVDA', 'AMD', 'TSLA', 'META', 'GOOGL', 'AMZN', 'SPY', 'QQQ']
[2026-04-30 12:21:46 UTC] -- AAPL
[2026-04-30 12:21:47 UTC]   bars=61  signal=SELL  price=$270.15  SMA=$264.34  lower=$251.50  upper=$277.17
[2026-04-30 12:21:47 UTC]   → SELLING 1 shares @ ~$270.15
[2026-04-30 12:21:49 UTC]   ORDER SELL 1x AAPL: 📋 Order Summary:
   SELL 1 AAPL @ MARKET (~$254.12)
   Estimated total: $254.12
Traceback (most recent call last):
  File "/usr/local/lib/python3.11/dist-packages/alpaca/common/rest.py", line 198, in _one_request
    response.raise_for_status()
  File "/usr/local/lib/python3.11/dist-packages/request
[2026-04-30 12:21:49 UTC] -- MSFT
[2026-04-30 12:21:50 UTC]   bars=61  signal=SELL  price=$424.80  SMA=$401.61  lower=$353.43  upper=$449.79
[2026-04-30 12:21:50 UTC]   → SELLING 1 shares @ ~$424.80
[2026-04-30 12:21:52 UTC]   ORDER SELL 1x MSFT: 📋 Order Summary:
   SELL 1 MSFT @ MARKET (~$400.00)
   Estimated total: $400.00
Traceback (most recent call last):
  File "/usr/local/lib/python3.11/dist-packages/alpaca/common/rest.py", line 198, in _one_request
    response.raise_for_status()
  File "/usr/local/lib/python3.11/dist-packages/request
[2026-04-30 12:21:52 UTC] -- NVDA
[2026-04-30 12:21:53 UTC]   bars=61  signal=SELL  price=$209.35  SMA=$194.96  lower=$170.35  upper=$219.57
[2026-04-30 12:21:53 UTC]   SKIP SELL: no position.
[2026-04-30 12:21:53 UTC] -- AMD
[2026-04-30 12:21:53 UTC]   bars=61  signal=SELL  price=$337.10  SMA=$270.52  lower=$186.26  upper=$354.78
[2026-04-30 12:21:53 UTC]   SKIP SELL: no position.
[2026-04-30 12:21:53 UTC] -- TSLA
[2026-04-30 12:21:54 UTC]   bars=61  signal=SELL  price=$372.80  SMA=$371.03  lower=$335.99  upper=$406.06
[2026-04-30 12:21:54 UTC]   SKIP SELL: no position.
[2026-04-30 12:21:54 UTC] -- META
[2026-04-30 12:21:55 UTC]   bars=61  signal=SELL  price=$669.47  SMA=$643.72  lower=$565.53  upper=$721.91
[2026-04-30 12:21:55 UTC]   SKIP SELL: no position.
[2026-04-30 12:21:55 UTC] -- GOOGL
[2026-04-30 12:21:55 UTC]   bars=61  signal=SELL  price=$350.27  SMA=$328.17  lower=$293.31  upper=$363.03
[2026-04-30 12:21:55 UTC]   SKIP SELL: no position.
[2026-04-30 12:21:55 UTC] -- AMZN
[2026-04-30 12:21:56 UTC]   bars=61  signal=SELL  price=$263.22  SMA=$241.72  lower=$205.72  upper=$277.72
[2026-04-30 12:21:56 UTC]   SKIP SELL: no position.
[2026-04-30 12:21:56 UTC] -- SPY
[2026-04-30 12:21:57 UTC]   bars=61  signal=SELL  price=$711.59  SMA=$692.03  lower=$650.15  upper=$733.92
[2026-04-30 12:21:57 UTC]   → SELLING 1 shares @ ~$711.59
[2026-04-30 12:21:59 UTC]   ORDER SELL 1x SPY: 📋 Order Summary:
   SELL 1 SPY @ MARKET (~$715.62)
   Estimated total: $715.62
Traceback (most recent call last):
  File "/usr/local/lib/python3.11/dist-packages/alpaca/common/rest.py", line 198, in _one_request
    response.raise_for_status()
  File "/usr/local/lib/python3.11/dist-packages/requests
[2026-04-30 12:21:59 UTC] -- QQQ
[2026-04-30 12:22:00 UTC]   bars=61  signal=SELL  price=$661.59  SMA=$629.54  lower=$574.42  upper=$684.67
[2026-04-30 12:22:00 UTC]   SKIP SELL: no position.
[2026-04-30 12:22:00 UTC] === Scan cycle complete ===

[2026-04-30 12:26:43 UTC] === Mean-Reversion scan cycle start ===
[2026-04-30 12:26:45 UTC] Equity: $100,002.95  |  Buying power: $198,598.72
[2026-04-30 12:26:45 UTC] Open positions: {'AAPL': 1.0, 'MSFT': 1.0, 'SPY': 1.0}
[2026-04-30 12:26:45 UTC] Watchlist (10): ['AAPL', 'MSFT', 'NVDA', 'AMD', 'TSLA', 'META', 'GOOGL', 'AMZN', 'SPY', 'QQQ']
[2026-04-30 12:26:45 UTC] -- AAPL
[2026-04-30 12:26:46 UTC]   bars=61  signal=SELL  price=$270.15  SMA=$264.34  lower=$251.50  upper=$277.17
[2026-04-30 12:26:46 UTC]   → SELLING 1 shares @ ~$270.15
[2026-04-30 12:26:48 UTC]   ORDER SELL 1x AAPL: 📋 Order Summary:
   SELL 1 AAPL @ MARKET (~$254.12)
   Estimated total: $254.12
Traceback (most recent call last):
  File "/usr/local/lib/python3.11/dist-packages/alpaca/common/rest.py", line 198, in _one_request
    response.raise_for_status()
  File "/usr/local/lib/python3.11/dist-packages/request
[2026-04-30 12:26:48 UTC] -- MSFT
[2026-04-30 12:26:49 UTC]   bars=61  signal=SELL  price=$424.80  SMA=$401.61  lower=$353.43  upper=$449.79
[2026-04-30 12:26:49 UTC]   → SELLING 1 shares @ ~$424.80
[2026-04-30 12:26:51 UTC]   ORDER SELL 1x MSFT: 📋 Order Summary:
   SELL 1 MSFT @ MARKET (~$400.00)
   Estimated total: $400.00
Traceback (most recent call last):
  File "/usr/local/lib/python3.11/dist-packages/alpaca/common/rest.py", line 198, in _one_request
    response.raise_for_status()
  File "/usr/local/lib/python3.11/dist-packages/request
[2026-04-30 12:26:51 UTC] -- NVDA
[2026-04-30 12:26:52 UTC]   bars=61  signal=SELL  price=$209.35  SMA=$194.96  lower=$170.35  upper=$219.57
[2026-04-30 12:26:52 UTC]   SKIP SELL: no position.
[2026-04-30 12:26:52 UTC] -- AMD
[2026-04-30 12:26:52 UTC]   bars=61  signal=SELL  price=$337.10  SMA=$270.52  lower=$186.26  upper=$354.78
[2026-04-30 12:26:52 UTC]   SKIP SELL: no position.
[2026-04-30 12:26:52 UTC] -- TSLA
[2026-04-30 12:26:53 UTC]   bars=61  signal=SELL  price=$372.80  SMA=$371.03  lower=$335.99  upper=$406.06
[2026-04-30 12:26:53 UTC]   SKIP SELL: no position.
[2026-04-30 12:26:53 UTC] -- META
[2026-04-30 12:26:53 UTC]   bars=61  signal=SELL  price=$669.47  SMA=$643.72  lower=$565.53  upper=$721.91
[2026-04-30 12:26:53 UTC]   SKIP SELL: no position.
[2026-04-30 12:26:53 UTC] -- GOOGL
[2026-04-30 12:26:54 UTC]   bars=61  signal=SELL  price=$350.27  SMA=$328.17  lower=$293.31  upper=$363.03
[2026-04-30 12:26:54 UTC]   SKIP SELL: no position.
[2026-04-30 12:26:54 UTC] -- AMZN
[2026-04-30 12:26:55 UTC]   bars=61  signal=SELL  price=$263.22  SMA=$241.72  lower=$205.72  upper=$277.72
[2026-04-30 12:26:55 UTC]   SKIP SELL: no position.
[2026-04-30 12:26:55 UTC] -- SPY
[2026-04-30 12:26:56 UTC]   bars=61  signal=SELL  price=$711.59  SMA=$692.03  lower=$650.15  upper=$733.92
[2026-04-30 12:26:56 UTC]   → SELLING 1 shares @ ~$711.59
[2026-04-30 12:26:58 UTC]   ORDER SELL 1x SPY: 📋 Order Summary:
   SELL 1 SPY @ MARKET (~$715.55)
   Estimated total: $715.55
Traceback (most recent call last):
  File "/usr/local/lib/python3.11/dist-packages/alpaca/common/rest.py", line 198, in _one_request
    response.raise_for_status()
  File "/usr/local/lib/python3.11/dist-packages/requests
[2026-04-30 12:26:58 UTC] -- QQQ
[2026-04-30 12:26:59 UTC]   bars=61  signal=SELL  price=$661.59  SMA=$629.54  lower=$574.42  upper=$684.67
[2026-04-30 12:26:59 UTC]   SKIP SELL: no position.
[2026-04-30 12:26:59 UTC] === Scan cycle complete ===

[2026-04-30 12:31:47 UTC] === Mean-Reversion scan cycle start ===
[2026-04-30 12:31:48 UTC] Equity: $100,003.44  |  Buying power: $198,599.21
[2026-04-30 12:31:48 UTC] Open positions: {'AAPL': 1.0, 'MSFT': 1.0, 'SPY': 1.0}
[2026-04-30 12:31:48 UTC] Watchlist (10): ['AAPL', 'MSFT', 'NVDA', 'AMD', 'TSLA', 'META', 'GOOGL', 'AMZN', 'SPY', 'QQQ']
[2026-04-30 12:31:48 UTC] -- AAPL
[2026-04-30 12:31:49 UTC]   bars=61  signal=SELL  price=$270.15  SMA=$264.34  lower=$251.50  upper=$277.17
[2026-04-30 12:31:49 UTC]   → SELLING 1 shares @ ~$270.15
[2026-04-30 12:31:51 UTC]   ORDER SELL 1x AAPL: 📋 Order Summary:
   SELL 1 AAPL @ MARKET (~$254.12)
   Estimated total: $254.12
Traceback (most recent call last):
  File "/usr/local/lib/python3.11/dist-packages/alpaca/common/rest.py", line 198, in _one_request
    response.raise_for_status()
  File "/usr/local/lib/python3.11/dist-packages/request
[2026-04-30 12:31:51 UTC] -- MSFT
[2026-04-30 12:31:52 UTC]   bars=61  signal=SELL  price=$424.80  SMA=$401.61  lower=$353.43  upper=$449.79
[2026-04-30 12:31:52 UTC]   → SELLING 1 shares @ ~$424.80
[2026-04-30 12:31:54 UTC]   ORDER SELL 1x MSFT: 📋 Order Summary:
   SELL 1 MSFT @ MARKET (~$400.00)
   Estimated total: $400.00
Traceback (most recent call last):
  File "/usr/local/lib/python3.11/dist-packages/alpaca/common/rest.py", line 198, in _one_request
    response.raise_for_status()
  File "/usr/local/lib/python3.11/dist-packages/request
[2026-04-30 12:31:54 UTC] -- NVDA
[2026-04-30 12:31:55 UTC]   bars=61  signal=SELL  price=$209.35  SMA=$194.96  lower=$170.35  upper=$219.57
[2026-04-30 12:31:55 UTC]   SKIP SELL: no position.
[2026-04-30 12:31:55 UTC] -- AMD
[2026-04-30 12:31:55 UTC]   bars=61  signal=SELL  price=$337.10  SMA=$270.52  lower=$186.26  upper=$354.78
[2026-04-30 12:31:55 UTC]   SKIP SELL: no position.
[2026-04-30 12:31:55 UTC] -- TSLA
[2026-04-30 12:31:56 UTC]   bars=61  signal=SELL  price=$372.80  SMA=$371.03  lower=$335.99  upper=$406.06
[2026-04-30 12:31:56 UTC]   SKIP SELL: no position.
[2026-04-30 12:31:56 UTC] -- META
[2026-04-30 12:31:57 UTC]   bars=61  signal=SELL  price=$669.47  SMA=$643.72  lower=$565.53  upper=$721.91
[2026-04-30 12:31:57 UTC]   SKIP SELL: no position.
[2026-04-30 12:31:57 UTC] -- GOOGL
[2026-04-30 12:31:58 UTC]   bars=61  signal=SELL  price=$350.27  SMA=$328.17  lower=$293.31  upper=$363.03
[2026-04-30 12:31:58 UTC]   SKIP SELL: no position.
[2026-04-30 12:31:58 UTC] -- AMZN
[2026-04-30 12:31:58 UTC]   bars=61  signal=SELL  price=$263.22  SMA=$241.72  lower=$205.72  upper=$277.72
[2026-04-30 12:31:58 UTC]   SKIP SELL: no position.
[2026-04-30 12:31:58 UTC] -- SPY
[2026-04-30 12:31:59 UTC]   bars=61  signal=SELL  price=$711.59  SMA=$692.03  lower=$650.15  upper=$733.92
[2026-04-30 12:31:59 UTC]   → SELLING 1 shares @ ~$711.59
[2026-04-30 12:32:01 UTC]   ORDER SELL 1x SPY: 📋 Order Summary:
   SELL 1 SPY @ MARKET (~$715.10)
   Estimated total: $715.10
Traceback (most recent call last):
  File "/usr/local/lib/python3.11/dist-packages/alpaca/common/rest.py", line 198, in _one_request
    response.raise_for_status()
  File "/usr/local/lib/python3.11/dist-packages/requests
[2026-04-30 12:32:01 UTC] -- QQQ
[2026-04-30 12:32:02 UTC]   bars=61  signal=SELL  price=$661.59  SMA=$629.54  lower=$574.42  upper=$684.67
[2026-04-30 12:32:02 UTC]   SKIP SELL: no position.
[2026-04-30 12:32:02 UTC] === Scan cycle complete ===

[2026-04-30 12:36:40 UTC] === Mean-Reversion scan cycle start ===
[2026-04-30 12:36:42 UTC] Equity: $100,001.59  |  Buying power: $198,597.36
[2026-04-30 12:36:42 UTC] Open positions: {'AAPL': 1.0, 'MSFT': 1.0, 'SPY': 1.0}
[2026-04-30 12:36:42 UTC] Watchlist (10): ['AAPL', 'MSFT', 'NVDA', 'AMD', 'TSLA', 'META', 'GOOGL', 'AMZN', 'SPY', 'QQQ']
[2026-04-30 12:36:42 UTC] -- AAPL
[2026-04-30 12:36:43 UTC]   bars=61  signal=SELL  price=$270.15  SMA=$264.34  lower=$251.50  upper=$277.17
[2026-04-30 12:36:43 UTC]   → SELLING 1 shares @ ~$270.15
[2026-04-30 12:36:46 UTC]   ORDER SELL 1x AAPL: 📋 Order Summary:
   SELL 1 AAPL @ MARKET (~$254.12)
   Estimated total: $254.12
Traceback (most recent call last):
  File "/usr/local/lib/python3.11/dist-packages/alpaca/common/rest.py", line 198, in _one_request
    response.raise_for_status()
  File "/usr/local/lib/python3.11/dist-packages/request
[2026-04-30 12:36:46 UTC] -- MSFT
[2026-04-30 12:36:47 UTC]   bars=61  signal=SELL  price=$424.80  SMA=$401.61  lower=$353.43  upper=$449.79
[2026-04-30 12:36:47 UTC]   → SELLING 1 shares @ ~$424.80
[2026-04-30 12:36:49 UTC]   ORDER SELL 1x MSFT: 📋 Order Summary:
   SELL 1 MSFT @ MARKET (~$400.00)
   Estimated total: $400.00
Traceback (most recent call last):
  File "/usr/local/lib/python3.11/dist-packages/alpaca/common/rest.py", line 198, in _one_request
    response.raise_for_status()
  File "/usr/local/lib/python3.11/dist-packages/request
[2026-04-30 12:36:49 UTC] -- NVDA
[2026-04-30 12:36:50 UTC]   bars=61  signal=SELL  price=$209.35  SMA=$194.96  lower=$170.35  upper=$219.57
[2026-04-30 12:36:50 UTC]   SKIP SELL: no position.
[2026-04-30 12:36:50 UTC] -- AMD
[2026-04-30 12:36:51 UTC]   bars=61  signal=SELL  price=$337.10  SMA=$270.52  lower=$186.26  upper=$354.78
[2026-04-30 12:36:51 UTC]   SKIP SELL: no position.
[2026-04-30 12:36:51 UTC] -- TSLA
[2026-04-30 12:36:51 UTC]   bars=61  signal=SELL  price=$372.80  SMA=$371.03  lower=$335.99  upper=$406.06
[2026-04-30 12:36:51 UTC]   SKIP SELL: no position.
[2026-04-30 12:36:51 UTC] -- META
[2026-04-30 12:36:53 UTC]   bars=61  signal=SELL  price=$669.47  SMA=$643.72  lower=$565.53  upper=$721.91
[2026-04-30 12:36:53 UTC]   SKIP SELL: no position.
[2026-04-30 12:36:53 UTC] -- GOOGL
[2026-04-30 12:36:54 UTC]   bars=61  signal=SELL  price=$350.27  SMA=$328.17  lower=$293.31  upper=$363.03
[2026-04-30 12:36:54 UTC]   SKIP SELL: no position.
[2026-04-30 12:36:54 UTC] -- AMZN
[2026-04-30 12:36:54 UTC]   bars=61  signal=SELL  price=$263.22  SMA=$241.72  lower=$205.72  upper=$277.72
[2026-04-30 12:36:54 UTC]   SKIP SELL: no position.
[2026-04-30 12:36:54 UTC] -- SPY
[2026-04-30 12:36:55 UTC]   bars=61  signal=SELL  price=$711.59  SMA=$692.03  lower=$650.15  upper=$733.92
[2026-04-30 12:36:55 UTC]   → SELLING 1 shares @ ~$711.59
[2026-04-30 12:36:57 UTC]   ORDER SELL 1x SPY: 📋 Order Summary:
   SELL 1 SPY @ MARKET (~$714.59)
   Estimated total: $714.59
Traceback (most recent call last):
  File "/usr/local/lib/python3.11/dist-packages/alpaca/common/rest.py", line 198, in _one_request
    response.raise_for_status()
  File "/usr/local/lib/python3.11/dist-packages/requests
[2026-04-30 12:36:57 UTC] -- QQQ
[2026-04-30 12:36:58 UTC]   bars=61  signal=SELL  price=$661.59  SMA=$629.54  lower=$574.42  upper=$684.67
[2026-04-30 12:36:58 UTC]   SKIP SELL: no position.
[2026-04-30 12:36:58 UTC] === Scan cycle complete ===

[2026-04-30 12:41:43 UTC] === Mean-Reversion scan cycle start ===
[2026-04-30 12:41:44 UTC] Equity: $100,002.56  |  Buying power: $198,598.33
[2026-04-30 12:41:44 UTC] Open positions: {'AAPL': 1.0, 'MSFT': 1.0, 'SPY': 1.0}
[2026-04-30 12:41:44 UTC] Watchlist (10): ['AAPL', 'MSFT', 'NVDA', 'AMD', 'TSLA', 'META', 'GOOGL', 'AMZN', 'SPY', 'QQQ']
[2026-04-30 12:41:44 UTC] -- AAPL
[2026-04-30 12:41:45 UTC]   bars=61  signal=SELL  price=$270.15  SMA=$264.34  lower=$251.50  upper=$277.17
[2026-04-30 12:41:45 UTC]   → SELLING 1 shares @ ~$270.15
[2026-04-30 12:41:47 UTC]   ORDER SELL 1x AAPL: 📋 Order Summary:
   SELL 1 AAPL @ MARKET (~$254.12)
   Estimated total: $254.12
Traceback (most recent call last):
  File "/usr/local/lib/python3.11/dist-packages/alpaca/common/rest.py", line 198, in _one_request
    response.raise_for_status()
  File "/usr/local/lib/python3.11/dist-packages/request
[2026-04-30 12:41:47 UTC] -- MSFT
[2026-04-30 12:41:48 UTC]   bars=61  signal=SELL  price=$424.80  SMA=$401.61  lower=$353.43  upper=$449.79
[2026-04-30 12:41:48 UTC]   → SELLING 1 shares @ ~$424.80
[2026-04-30 12:41:50 UTC]   ORDER SELL 1x MSFT: 📋 Order Summary:
   SELL 1 MSFT @ MARKET (~$400.00)
   Estimated total: $400.00
Traceback (most recent call last):
  File "/usr/local/lib/python3.11/dist-packages/alpaca/common/rest.py", line 198, in _one_request
    response.raise_for_status()
  File "/usr/local/lib/python3.11/dist-packages/request
[2026-04-30 12:41:50 UTC] -- NVDA
[2026-04-30 12:41:51 UTC]   bars=61  signal=SELL  price=$209.35  SMA=$194.96  lower=$170.35  upper=$219.57
[2026-04-30 12:41:51 UTC]   SKIP SELL: no position.
[2026-04-30 12:41:51 UTC] -- AMD
[2026-04-30 12:41:52 UTC]   bars=61  signal=SELL  price=$337.10  SMA=$270.52  lower=$186.26  upper=$354.78
[2026-04-30 12:41:52 UTC]   SKIP SELL: no position.
[2026-04-30 12:41:52 UTC] -- TSLA
[2026-04-30 12:41:52 UTC]   bars=61  signal=SELL  price=$372.80  SMA=$371.03  lower=$335.99  upper=$406.06
[2026-04-30 12:41:52 UTC]   SKIP SELL: no position.
[2026-04-30 12:41:52 UTC] -- META
[2026-04-30 12:41:53 UTC]   bars=61  signal=SELL  price=$669.47  SMA=$643.72  lower=$565.53  upper=$721.91
[2026-04-30 12:41:53 UTC]   SKIP SELL: no position.
[2026-04-30 12:41:53 UTC] -- GOOGL
[2026-04-30 12:41:54 UTC]   bars=61  signal=SELL  price=$350.27  SMA=$328.17  lower=$293.31  upper=$363.03
[2026-04-30 12:41:54 UTC]   SKIP SELL: no position.
[2026-04-30 12:41:54 UTC] -- AMZN
[2026-04-30 12:41:54 UTC]   bars=61  signal=SELL  price=$263.22  SMA=$241.72  lower=$205.72  upper=$277.72
[2026-04-30 12:41:54 UTC]   SKIP SELL: no position.
[2026-04-30 12:41:54 UTC] -- SPY
[2026-04-30 12:41:55 UTC]   bars=61  signal=SELL  price=$711.59  SMA=$692.03  lower=$650.15  upper=$733.92
[2026-04-30 12:41:55 UTC]   → SELLING 1 shares @ ~$711.59
[2026-04-30 12:41:57 UTC]   ORDER SELL 1x SPY: 📋 Order Summary:
   SELL 1 SPY @ MARKET (~$714.64)
   Estimated total: $714.64
Traceback (most recent call last):
  File "/usr/local/lib/python3.11/dist-packages/alpaca/common/rest.py", line 198, in _one_request
    response.raise_for_status()
  File "/usr/local/lib/python3.11/dist-packages/requests
[2026-04-30 12:41:57 UTC] -- QQQ
[2026-04-30 12:41:58 UTC]   bars=61  signal=SELL  price=$661.59  SMA=$629.54  lower=$574.42  upper=$684.67
[2026-04-30 12:41:58 UTC]   SKIP SELL: no position.
[2026-04-30 12:41:58 UTC] === Scan cycle complete ===

[2026-04-30 12:46:48 UTC] === Mean-Reversion scan cycle start ===
[2026-04-30 12:46:49 UTC] Equity: $100,003.09  |  Buying power: $198,598.86
[2026-04-30 12:46:50 UTC] Open positions: {'AAPL': 1.0, 'MSFT': 1.0, 'SPY': 1.0}
[2026-04-30 12:46:50 UTC] Watchlist (10): ['AAPL', 'MSFT', 'NVDA', 'AMD', 'TSLA', 'META', 'GOOGL', 'AMZN', 'SPY', 'QQQ']
[2026-04-30 12:46:50 UTC] -- AAPL
[2026-04-30 12:46:50 UTC]   bars=61  signal=SELL  price=$270.15  SMA=$264.34  lower=$251.50  upper=$277.17
[2026-04-30 12:46:50 UTC]   → SELLING 1 shares @ ~$270.15
[2026-04-30 12:46:53 UTC]   ORDER SELL 1x AAPL: 📋 Order Summary:
   SELL 1 AAPL @ MARKET (~$254.12)
   Estimated total: $254.12
Traceback (most recent call last):
  File "/usr/local/lib/python3.11/dist-packages/alpaca/common/rest.py", line 198, in _one_request
    response.raise_for_status()
  File "/usr/local/lib/python3.11/dist-packages/request
[2026-04-30 12:46:53 UTC] -- MSFT
[2026-04-30 12:46:54 UTC]   bars=61  signal=SELL  price=$424.80  SMA=$401.61  lower=$353.43  upper=$449.79
[2026-04-30 12:46:54 UTC]   → SELLING 1 shares @ ~$424.80
[2026-04-30 12:46:56 UTC]   ORDER SELL 1x MSFT: 📋 Order Summary:
   SELL 1 MSFT @ MARKET (~$400.00)
   Estimated total: $400.00
Traceback (most recent call last):
  File "/usr/local/lib/python3.11/dist-packages/alpaca/common/rest.py", line 198, in _one_request
    response.raise_for_status()
  File "/usr/local/lib/python3.11/dist-packages/request
[2026-04-30 12:46:56 UTC] -- NVDA
[2026-04-30 12:46:57 UTC]   bars=61  signal=SELL  price=$209.35  SMA=$194.96  lower=$170.35  upper=$219.57
[2026-04-30 12:46:57 UTC]   SKIP SELL: no position.
[2026-04-30 12:46:57 UTC] -- AMD
[2026-04-30 12:46:57 UTC]   bars=61  signal=SELL  price=$337.10  SMA=$270.52  lower=$186.26  upper=$354.78
[2026-04-30 12:46:57 UTC]   SKIP SELL: no position.
[2026-04-30 12:46:57 UTC] -- TSLA
[2026-04-30 12:46:58 UTC]   bars=61  signal=SELL  price=$372.80  SMA=$371.03  lower=$335.99  upper=$406.06
[2026-04-30 12:46:58 UTC]   SKIP SELL: no position.
[2026-04-30 12:46:58 UTC] -- META
[2026-04-30 12:46:59 UTC]   bars=61  signal=SELL  price=$669.47  SMA=$643.72  lower=$565.53  upper=$721.91
[2026-04-30 12:46:59 UTC]   SKIP SELL: no position.
[2026-04-30 12:46:59 UTC] -- GOOGL
[2026-04-30 12:47:00 UTC]   bars=61  signal=SELL  price=$350.27  SMA=$328.17  lower=$293.31  upper=$363.03
[2026-04-30 12:47:00 UTC]   SKIP SELL: no position.
[2026-04-30 12:47:00 UTC] -- AMZN
[2026-04-30 12:47:00 UTC]   bars=61  signal=SELL  price=$263.22  SMA=$241.72  lower=$205.72  upper=$277.72
[2026-04-30 12:47:00 UTC]   SKIP SELL: no position.
[2026-04-30 12:47:00 UTC] -- SPY
[2026-04-30 12:47:01 UTC]   bars=61  signal=SELL  price=$711.59  SMA=$692.03  lower=$650.15  upper=$733.92
[2026-04-30 12:47:01 UTC]   → SELLING 1 shares @ ~$711.59
[2026-04-30 12:47:03 UTC]   ORDER SELL 1x SPY: 📋 Order Summary:
   SELL 1 SPY @ MARKET (~$714.64)
   Estimated total: $714.64
Traceback (most recent call last):
  File "/usr/local/lib/python3.11/dist-packages/alpaca/common/rest.py", line 198, in _one_request
    response.raise_for_status()
  File "/usr/local/lib/python3.11/dist-packages/requests
[2026-04-30 12:47:03 UTC] -- QQQ
[2026-04-30 12:47:04 UTC]   bars=61  signal=SELL  price=$661.59  SMA=$629.54  lower=$574.42  upper=$684.67
[2026-04-30 12:47:04 UTC]   SKIP SELL: no position.
[2026-04-30 12:47:04 UTC] === Scan cycle complete ===

[2026-04-30 12:51:47 UTC] === Mean-Reversion scan cycle start ===
[2026-04-30 12:51:48 UTC] Equity: $100,003.46  |  Buying power: $198,599.23
[2026-04-30 12:51:48 UTC] Open positions: {'AAPL': 1.0, 'MSFT': 1.0, 'SPY': 1.0}
[2026-04-30 12:51:48 UTC] Watchlist (10): ['AAPL', 'MSFT', 'NVDA', 'AMD', 'TSLA', 'META', 'GOOGL', 'AMZN', 'SPY', 'QQQ']
[2026-04-30 12:51:48 UTC] -- AAPL
[2026-04-30 12:51:49 UTC]   bars=61  signal=SELL  price=$270.15  SMA=$264.34  lower=$251.50  upper=$277.17
[2026-04-30 12:51:49 UTC]   → SELLING 1 shares @ ~$270.15
[2026-04-30 12:51:51 UTC]   ORDER SELL 1x AAPL: 📋 Order Summary:
   SELL 1 AAPL @ MARKET (~$254.12)
   Estimated total: $254.12
Traceback (most recent call last):
  File "/usr/local/lib/python3.11/dist-packages/alpaca/common/rest.py", line 198, in _one_request
    response.raise_for_status()
  File "/usr/local/lib/python3.11/dist-packages/request
[2026-04-30 12:51:51 UTC] -- MSFT
[2026-04-30 12:51:52 UTC]   bars=61  signal=SELL  price=$424.80  SMA=$401.61  lower=$353.43  upper=$449.79
[2026-04-30 12:51:52 UTC]   → SELLING 1 shares @ ~$424.80
[2026-04-30 12:51:54 UTC]   ORDER SELL 1x MSFT: 📋 Order Summary:
   SELL 1 MSFT @ MARKET (~$400.00)
   Estimated total: $400.00
Traceback (most recent call last):
  File "/usr/local/lib/python3.11/dist-packages/alpaca/common/rest.py", line 198, in _one_request
    response.raise_for_status()
  File "/usr/local/lib/python3.11/dist-packages/request
[2026-04-30 12:51:54 UTC] -- NVDA
[2026-04-30 12:51:55 UTC]   bars=61  signal=SELL  price=$209.35  SMA=$194.96  lower=$170.35  upper=$219.57
[2026-04-30 12:51:55 UTC]   SKIP SELL: no position.
[2026-04-30 12:51:55 UTC] -- AMD
[2026-04-30 12:51:55 UTC]   bars=61  signal=SELL  price=$337.10  SMA=$270.52  lower=$186.26  upper=$354.78
[2026-04-30 12:51:55 UTC]   SKIP SELL: no position.
[2026-04-30 12:51:55 UTC] -- TSLA
[2026-04-30 12:51:56 UTC]   bars=61  signal=SELL  price=$372.80  SMA=$371.03  lower=$335.99  upper=$406.06
[2026-04-30 12:51:56 UTC]   SKIP SELL: no position.
[2026-04-30 12:51:56 UTC] -- META
[2026-04-30 12:51:57 UTC]   bars=61  signal=SELL  price=$669.47  SMA=$643.72  lower=$565.53  upper=$721.91
[2026-04-30 12:51:57 UTC]   SKIP SELL: no position.
[2026-04-30 12:51:57 UTC] -- GOOGL
[2026-04-30 12:51:57 UTC]   bars=61  signal=SELL  price=$350.27  SMA=$328.17  lower=$293.31  upper=$363.03
[2026-04-30 12:51:57 UTC]   SKIP SELL: no position.
[2026-04-30 12:51:57 UTC] -- AMZN
[2026-04-30 12:51:58 UTC]   bars=61  signal=SELL  price=$263.22  SMA=$241.72  lower=$205.72  upper=$277.72
[2026-04-30 12:51:58 UTC]   SKIP SELL: no position.
[2026-04-30 12:51:58 UTC] -- SPY
[2026-04-30 12:51:59 UTC]   bars=61  signal=SELL  price=$711.59  SMA=$692.03  lower=$650.15  upper=$733.92
[2026-04-30 12:51:59 UTC]   → SELLING 1 shares @ ~$711.59
[2026-04-30 12:52:01 UTC]   ORDER SELL 1x SPY: 📋 Order Summary:
   SELL 1 SPY @ MARKET (~$714.64)
   Estimated total: $714.64
Traceback (most recent call last):
  File "/usr/local/lib/python3.11/dist-packages/alpaca/common/rest.py", line 198, in _one_request
    response.raise_for_status()
  File "/usr/local/lib/python3.11/dist-packages/requests
[2026-04-30 12:52:01 UTC] -- QQQ
[2026-04-30 12:52:02 UTC]   bars=61  signal=SELL  price=$661.59  SMA=$629.54  lower=$574.42  upper=$684.67
[2026-04-30 12:52:02 UTC]   SKIP SELL: no position.
[2026-04-30 12:52:02 UTC] === Scan cycle complete ===

[2026-04-30 12:56:45 UTC] === Mean-Reversion scan cycle start ===
[2026-04-30 12:56:46 UTC] Equity: $100,002.21  |  Buying power: $198,597.98
[2026-04-30 12:56:46 UTC] Open positions: {'AAPL': 1.0, 'MSFT': 1.0, 'SPY': 1.0}
[2026-04-30 12:56:46 UTC] Watchlist (10): ['AAPL', 'MSFT', 'NVDA', 'AMD', 'TSLA', 'META', 'GOOGL', 'AMZN', 'SPY', 'QQQ']
[2026-04-30 12:56:46 UTC] -- AAPL
[2026-04-30 12:56:47 UTC]   bars=61  signal=SELL  price=$270.15  SMA=$264.34  lower=$251.50  upper=$277.17
[2026-04-30 12:56:47 UTC]   → SELLING 1 shares @ ~$270.15
[2026-04-30 12:56:49 UTC]   ORDER SELL 1x AAPL: 📋 Order Summary:
   SELL 1 AAPL @ MARKET (~$254.12)
   Estimated total: $254.12
Traceback (most recent call last):
  File "/usr/local/lib/python3.11/dist-packages/alpaca/common/rest.py", line 198, in _one_request
    response.raise_for_status()
  File "/usr/local/lib/python3.11/dist-packages/request
[2026-04-30 12:56:49 UTC] -- MSFT
[2026-04-30 12:56:50 UTC]   bars=61  signal=SELL  price=$424.80  SMA=$401.61  lower=$353.43  upper=$449.79
[2026-04-30 12:56:50 UTC]   → SELLING 1 shares @ ~$424.80
[2026-04-30 12:56:52 UTC]   ORDER SELL 1x MSFT: 📋 Order Summary:
   SELL 1 MSFT @ MARKET (~$400.00)
   Estimated total: $400.00
Traceback (most recent call last):
  File "/usr/local/lib/python3.11/dist-packages/alpaca/common/rest.py", line 198, in _one_request
    response.raise_for_status()
  File "/usr/local/lib/python3.11/dist-packages/request
[2026-04-30 12:56:52 UTC] -- NVDA
[2026-04-30 12:56:53 UTC]   bars=61  signal=SELL  price=$209.35  SMA=$194.96  lower=$170.35  upper=$219.57
[2026-04-30 12:56:53 UTC]   SKIP SELL: no position.
[2026-04-30 12:56:53 UTC] -- AMD
[2026-04-30 12:56:53 UTC]   bars=61  signal=SELL  price=$337.10  SMA=$270.52  lower=$186.26  upper=$354.78
[2026-04-30 12:56:53 UTC]   SKIP SELL: no position.
[2026-04-30 12:56:53 UTC] -- TSLA
[2026-04-30 12:56:54 UTC]   bars=61  signal=SELL  price=$372.80  SMA=$371.03  lower=$335.99  upper=$406.06
[2026-04-30 12:56:54 UTC]   SKIP SELL: no position.
[2026-04-30 12:56:54 UTC] -- META
[2026-04-30 12:56:55 UTC]   bars=61  signal=SELL  price=$669.47  SMA=$643.72  lower=$565.53  upper=$721.91
[2026-04-30 12:56:55 UTC]   SKIP SELL: no position.
[2026-04-30 12:56:55 UTC] -- GOOGL
[2026-04-30 12:56:55 UTC]   bars=61  signal=SELL  price=$350.27  SMA=$328.17  lower=$293.31  upper=$363.03
[2026-04-30 12:56:55 UTC]   SKIP SELL: no position.
[2026-04-30 12:56:55 UTC] -- AMZN
[2026-04-30 12:56:56 UTC]   bars=61  signal=SELL  price=$263.22  SMA=$241.72  lower=$205.72  upper=$277.72
[2026-04-30 12:56:56 UTC]   SKIP SELL: no position.
[2026-04-30 12:56:56 UTC] -- SPY
[2026-04-30 12:56:57 UTC]   bars=61  signal=SELL  price=$711.59  SMA=$692.03  lower=$650.15  upper=$733.92
[2026-04-30 12:56:57 UTC]   → SELLING 1 shares @ ~$711.59
[2026-04-30 12:56:59 UTC]   ORDER SELL 1x SPY: 📋 Order Summary:
   SELL 1 SPY @ MARKET (~$714.64)
   Estimated total: $714.64
Traceback (most recent call last):
  File "/usr/local/lib/python3.11/dist-packages/alpaca/common/rest.py", line 198, in _one_request
    response.raise_for_status()
  File "/usr/local/lib/python3.11/dist-packages/requests
[2026-04-30 12:56:59 UTC] -- QQQ
[2026-04-30 12:57:00 UTC]   bars=61  signal=SELL  price=$661.59  SMA=$629.54  lower=$574.42  upper=$684.67
[2026-04-30 12:57:00 UTC]   SKIP SELL: no position.
[2026-04-30 12:57:00 UTC] === Scan cycle complete ===

[2026-04-30 13:01:58 UTC] === Mean-Reversion scan cycle start ===
[2026-04-30 13:01:59 UTC] Equity: $100,001.90  |  Buying power: $198,597.67
[2026-04-30 13:01:59 UTC] Open positions: {'AAPL': 1.0, 'MSFT': 1.0, 'SPY': 1.0}
[2026-04-30 13:01:59 UTC] Watchlist (10): ['AAPL', 'MSFT', 'NVDA', 'AMD', 'TSLA', 'META', 'GOOGL', 'AMZN', 'SPY', 'QQQ']
[2026-04-30 13:01:59 UTC] -- AAPL
[2026-04-30 13:02:00 UTC]   bars=61  signal=SELL  price=$270.15  SMA=$264.34  lower=$251.50  upper=$277.17
[2026-04-30 13:02:00 UTC]   → SELLING 1 shares @ ~$270.15
[2026-04-30 13:06:49 UTC] === Mean-Reversion scan cycle start ===
[2026-04-30 13:06:51 UTC] Equity: $100,000.98  |  Buying power: $198,596.75
[2026-04-30 13:06:51 UTC] Open positions: {'AAPL': 1.0, 'MSFT': 1.0, 'SPY': 1.0}
[2026-04-30 13:06:51 UTC] Watchlist (10): ['AAPL', 'MSFT', 'NVDA', 'AMD', 'TSLA', 'META', 'GOOGL', 'AMZN', 'SPY', 'QQQ']
[2026-04-30 13:06:51 UTC] -- AAPL
[2026-04-30 13:06:52 UTC]   bars=61  signal=SELL  price=$270.15  SMA=$264.34  lower=$251.50  upper=$277.17
[2026-04-30 13:06:52 UTC]   → SELLING 1 shares @ ~$270.15
[2026-04-30 13:06:54 UTC]   ORDER SELL 1x AAPL: 📋 Order Summary:
   SELL 1 AAPL @ MARKET (~$254.12)
   Estimated total: $254.12
Traceback (most recent call last):
  File "/usr/local/lib/python3.11/dist-packages/alpaca/common/rest.py", line 198, in _one_request
    response.raise_for_status()
  File "/usr/local/lib/python3.11/dist-packages/request
[2026-04-30 13:06:54 UTC] -- MSFT
[2026-04-30 13:06:55 UTC]   bars=61  signal=SELL  price=$424.80  SMA=$401.61  lower=$353.43  upper=$449.79
[2026-04-30 13:06:55 UTC]   → SELLING 1 shares @ ~$424.80
[2026-04-30 13:06:57 UTC]   ORDER SELL 1x MSFT: 📋 Order Summary:
   SELL 1 MSFT @ MARKET (~$400.00)
   Estimated total: $400.00
Traceback (most recent call last):
  File "/usr/local/lib/python3.11/dist-packages/alpaca/common/rest.py", line 198, in _one_request
    response.raise_for_status()
  File "/usr/local/lib/python3.11/dist-packages/request
[2026-04-30 13:06:57 UTC] -- NVDA
[2026-04-30 13:06:57 UTC]   bars=61  signal=SELL  price=$209.35  SMA=$194.96  lower=$170.35  upper=$219.57
[2026-04-30 13:06:57 UTC]   SKIP SELL: no position.
[2026-04-30 13:06:57 UTC] -- AMD
[2026-04-30 13:06:58 UTC]   bars=61  signal=SELL  price=$337.10  SMA=$270.52  lower=$186.26  upper=$354.78
[2026-04-30 13:06:58 UTC]   SKIP SELL: no position.
[2026-04-30 13:06:58 UTC] -- TSLA
[2026-04-30 13:06:58 UTC]   bars=61  signal=SELL  price=$372.80  SMA=$371.03  lower=$335.99  upper=$406.06
[2026-04-30 13:06:58 UTC]   SKIP SELL: no position.
[2026-04-30 13:06:58 UTC] -- META
[2026-04-30 13:06:59 UTC]   bars=61  signal=SELL  price=$669.47  SMA=$643.72  lower=$565.53  upper=$721.91
[2026-04-30 13:06:59 UTC]   SKIP SELL: no position.
[2026-04-30 13:06:59 UTC] -- GOOGL
[2026-04-30 13:07:00 UTC]   bars=61  signal=SELL  price=$350.27  SMA=$328.17  lower=$293.31  upper=$363.03
[2026-04-30 13:07:00 UTC]   SKIP SELL: no position.
[2026-04-30 13:07:00 UTC] -- AMZN
[2026-04-30 13:07:01 UTC]   bars=61  signal=SELL  price=$263.22  SMA=$241.72  lower=$205.72  upper=$277.72
[2026-04-30 13:07:01 UTC]   SKIP SELL: no position.
[2026-04-30 13:07:01 UTC] -- SPY
[2026-04-30 13:07:01 UTC]   bars=61  signal=SELL  price=$711.59  SMA=$692.03  lower=$650.15  upper=$733.92
[2026-04-30 13:07:01 UTC]   → SELLING 1 shares @ ~$711.59
[2026-04-30 13:07:04 UTC]   ORDER SELL 1x SPY: 📋 Order Summary:
   SELL 1 SPY @ MARKET (~$714.64)
   Estimated total: $714.64
Traceback (most recent call last):
  File "/usr/local/lib/python3.11/dist-packages/alpaca/common/rest.py", line 198, in _one_request
    response.raise_for_status()
  File "/usr/local/lib/python3.11/dist-packages/requests
[2026-04-30 13:07:04 UTC] -- QQQ
[2026-04-30 13:07:05 UTC]   bars=61  signal=SELL  price=$661.59  SMA=$629.54  lower=$574.42  upper=$684.67
[2026-04-30 13:07:05 UTC]   SKIP SELL: no position.
[2026-04-30 13:07:05 UTC] === Scan cycle complete ===

[2026-04-30 13:11:45 UTC] === Mean-Reversion scan cycle start ===
[2026-04-30 13:11:46 UTC] Equity: $100,000.84  |  Buying power: $198,596.61
[2026-04-30 13:11:47 UTC] Open positions: {'AAPL': 1.0, 'MSFT': 1.0, 'SPY': 1.0}
[2026-04-30 13:11:47 UTC] Watchlist (10): ['AAPL', 'MSFT', 'NVDA', 'AMD', 'TSLA', 'META', 'GOOGL', 'AMZN', 'SPY', 'QQQ']
[2026-04-30 13:11:47 UTC] -- AAPL
[2026-04-30 13:11:47 UTC]   bars=61  signal=SELL  price=$270.15  SMA=$264.34  lower=$251.50  upper=$277.17
[2026-04-30 13:11:47 UTC]   → SELLING 1 shares @ ~$270.15
[2026-04-30 13:11:50 UTC]   ORDER SELL 1x AAPL: 📋 Order Summary:
   SELL 1 AAPL @ MARKET (~$254.12)
   Estimated total: $254.12
Traceback (most recent call last):
  File "/usr/local/lib/python3.11/dist-packages/alpaca/common/rest.py", line 198, in _one_request
    response.raise_for_status()
  File "/usr/local/lib/python3.11/dist-packages/request
[2026-04-30 13:11:50 UTC] -- MSFT
[2026-04-30 13:11:50 UTC]   bars=61  signal=SELL  price=$424.80  SMA=$401.61  lower=$353.43  upper=$449.79
[2026-04-30 13:11:50 UTC]   → SELLING 1 shares @ ~$424.80
[2026-04-30 13:11:53 UTC]   ORDER SELL 1x MSFT: 📋 Order Summary:
   SELL 1 MSFT @ MARKET (~$400.00)
   Estimated total: $400.00
Traceback (most recent call last):
  File "/usr/local/lib/python3.11/dist-packages/alpaca/common/rest.py", line 198, in _one_request
    response.raise_for_status()
  File "/usr/local/lib/python3.11/dist-packages/request
[2026-04-30 13:11:53 UTC] -- NVDA
[2026-04-30 13:11:54 UTC]   bars=61  signal=SELL  price=$209.35  SMA=$194.96  lower=$170.35  upper=$219.57
[2026-04-30 13:11:54 UTC]   SKIP SELL: no position.
[2026-04-30 13:11:54 UTC] -- AMD
[2026-04-30 13:11:54 UTC]   bars=61  signal=SELL  price=$337.10  SMA=$270.52  lower=$186.26  upper=$354.78
[2026-04-30 13:11:54 UTC]   SKIP SELL: no position.
[2026-04-30 13:11:54 UTC] -- TSLA
[2026-04-30 13:11:55 UTC]   bars=61  signal=SELL  price=$372.80  SMA=$371.03  lower=$335.99  upper=$406.06
[2026-04-30 13:11:55 UTC]   SKIP SELL: no position.
[2026-04-30 13:11:55 UTC] -- META
[2026-04-30 13:11:55 UTC]   bars=61  signal=SELL  price=$669.47  SMA=$643.72  lower=$565.53  upper=$721.91
[2026-04-30 13:11:55 UTC]   SKIP SELL: no position.
[2026-04-30 13:11:55 UTC] -- GOOGL
[2026-04-30 13:11:56 UTC]   bars=61  signal=SELL  price=$350.27  SMA=$328.17  lower=$293.31  upper=$363.03
[2026-04-30 13:11:56 UTC]   SKIP SELL: no position.
[2026-04-30 13:11:56 UTC] -- AMZN
[2026-04-30 13:11:57 UTC]   bars=61  signal=SELL  price=$263.22  SMA=$241.72  lower=$205.72  upper=$277.72
[2026-04-30 13:11:57 UTC]   SKIP SELL: no position.
[2026-04-30 13:11:57 UTC] -- SPY
[2026-04-30 13:11:57 UTC]   bars=61  signal=SELL  price=$711.59  SMA=$692.03  lower=$650.15  upper=$733.92
[2026-04-30 13:11:57 UTC]   → SELLING 1 shares @ ~$711.59
[2026-04-30 13:11:59 UTC]   ORDER SELL 1x SPY: 📋 Order Summary:
   SELL 1 SPY @ MARKET (~$714.64)
   Estimated total: $714.64
Traceback (most recent call last):
  File "/usr/local/lib/python3.11/dist-packages/alpaca/common/rest.py", line 198, in _one_request
    response.raise_for_status()
  File "/usr/local/lib/python3.11/dist-packages/requests
[2026-04-30 13:12:00 UTC] -- QQQ
[2026-04-30 13:12:00 UTC]   bars=61  signal=SELL  price=$661.59  SMA=$629.54  lower=$574.42  upper=$684.67
[2026-04-30 13:12:00 UTC]   SKIP SELL: no position.
[2026-04-30 13:12:00 UTC] === Scan cycle complete ===

[2026-04-30 13:20:35 UTC] === Mean-Reversion scan cycle start ===
[2026-04-30 13:20:37 UTC] Equity: $99,999.39  |  Buying power: $198,595.16
[2026-04-30 13:20:37 UTC] Open positions: {'AAPL': 1.0, 'MSFT': 1.0, 'SPY': 1.0}
[2026-04-30 13:20:37 UTC] Watchlist (10): ['AAPL', 'MSFT', 'NVDA', 'AMD', 'TSLA', 'META', 'GOOGL', 'AMZN', 'SPY', 'QQQ']
[2026-04-30 13:20:37 UTC] -- AAPL
[2026-04-30 13:20:38 UTC]   bars=61  signal=SELL  price=$270.15  SMA=$264.34  lower=$251.50  upper=$277.17
[2026-04-30 13:20:38 UTC]   → SELLING 1 shares @ ~$270.15
[2026-04-30 13:20:40 UTC]   ORDER SELL 1x AAPL: 📋 Order Summary:
   SELL 1 AAPL @ MARKET (~$257.87)
   Estimated total: $257.87
Traceback (most recent call last):
  File "/usr/local/lib/python3.11/dist-packages/alpaca/common/rest.py", line 198, in _one_request
    response.raise_for_status()
  File "/usr/local/lib/python3.11/dist-packages/request
[2026-04-30 13:20:40 UTC] -- MSFT
[2026-04-30 13:20:41 UTC]   bars=61  signal=SELL  price=$424.80  SMA=$401.61  lower=$353.43  upper=$449.79
[2026-04-30 13:20:41 UTC]   → SELLING 1 shares @ ~$424.80
[2026-04-30 13:20:44 UTC]   ORDER SELL 1x MSFT: 📋 Order Summary:
   SELL 1 MSFT @ MARKET (~$397.10)
   Estimated total: $397.10
Traceback (most recent call last):
  File "/usr/local/lib/python3.11/dist-packages/alpaca/common/rest.py", line 198, in _one_request
    response.raise_for_status()
  File "/usr/local/lib/python3.11/dist-packages/request
[2026-04-30 13:20:44 UTC] -- NVDA
[2026-04-30 13:20:44 UTC]   bars=61  signal=SELL  price=$209.35  SMA=$194.96  lower=$170.35  upper=$219.57
[2026-04-30 13:20:44 UTC]   SKIP SELL: no position.
[2026-04-30 13:20:44 UTC] -- AMD
[2026-04-30 13:20:45 UTC]   bars=61  signal=SELL  price=$337.10  SMA=$270.52  lower=$186.26  upper=$354.78
[2026-04-30 13:20:45 UTC]   SKIP SELL: no position.
[2026-04-30 13:20:45 UTC] -- TSLA
[2026-04-30 13:20:46 UTC]   bars=61  signal=SELL  price=$372.80  SMA=$371.03  lower=$335.99  upper=$406.06
[2026-04-30 13:20:46 UTC]   SKIP SELL: no position.
[2026-04-30 13:20:46 UTC] -- META
[2026-04-30 13:20:46 UTC]   bars=61  signal=SELL  price=$669.47  SMA=$643.72  lower=$565.53  upper=$721.91
[2026-04-30 13:20:46 UTC]   SKIP SELL: no position.
[2026-04-30 13:20:46 UTC] -- GOOGL
[2026-04-30 13:20:47 UTC]   bars=61  signal=SELL  price=$350.27  SMA=$328.17  lower=$293.31  upper=$363.03
[2026-04-30 13:20:47 UTC]   SKIP SELL: no position.
[2026-04-30 13:20:47 UTC] -- AMZN
[2026-04-30 13:20:48 UTC]   bars=61  signal=SELL  price=$263.22  SMA=$241.72  lower=$205.72  upper=$277.72
[2026-04-30 13:20:48 UTC]   SKIP SELL: no position.
[2026-04-30 13:20:48 UTC] -- SPY
[2026-04-30 13:20:48 UTC]   bars=61  signal=SELL  price=$711.59  SMA=$692.03  lower=$650.15  upper=$733.92
[2026-04-30 13:20:48 UTC]   → SELLING 1 shares @ ~$711.59
[2026-04-30 13:20:50 UTC]   ORDER SELL 1x SPY: 📋 Order Summary:
   SELL 1 SPY @ MARKET (~$693.44)
   Estimated total: $693.44
Traceback (most recent call last):
  File "/usr/local/lib/python3.11/dist-packages/alpaca/common/rest.py", line 198, in _one_request
    response.raise_for_status()
  File "/usr/local/lib/python3.11/dist-packages/requests
[2026-04-30 13:20:51 UTC] -- QQQ
[2026-04-30 13:20:51 UTC]   bars=61  signal=SELL  price=$661.59  SMA=$629.54  lower=$574.42  upper=$684.67
[2026-04-30 13:20:51 UTC]   SKIP SELL: no position.
[2026-04-30 13:20:51 UTC] === Scan cycle complete ===

[2026-04-30 13:37:41 UTC] === Mean-Reversion scan cycle start ===
[2026-04-30 13:37:43 UTC] Equity: $99,989.93  |  Buying power: $199,979.86
[2026-04-30 13:37:43 UTC] Watchlist (10): ['AAPL', 'MSFT', 'NVDA', 'AMD', 'TSLA', 'META', 'GOOGL', 'AMZN', 'SPY', 'QQQ']
[2026-04-30 13:37:43 UTC] -- AAPL
[2026-04-30 13:37:47 UTC]   bars=62  signal=SELL  price=$269.04  SMA=$265.02  lower=$252.71  upper=$277.33
[2026-04-30 13:37:47 UTC]   SKIP SELL: no position.
[2026-04-30 13:37:47 UTC] -- MSFT
[2026-04-30 13:37:48 UTC]   bars=62  signal=SELL  price=$411.45  SMA=$403.71  lower=$357.71  upper=$449.71
[2026-04-30 13:37:48 UTC]   SKIP SELL: no position.
[2026-04-30 13:37:48 UTC] -- NVDA
[2026-04-30 13:37:50 UTC]   bars=62  signal=SELL  price=$208.45  SMA=$196.59  lower=$172.96  upper=$220.22
[2026-04-30 13:37:50 UTC]   SKIP SELL: no position.
[2026-04-30 13:37:50 UTC] -- AMD
[2026-04-30 13:37:52 UTC]   bars=62  signal=SELL  price=$336.13  SMA=$276.81  lower=$192.70  upper=$360.93
[2026-04-30 13:37:52 UTC]   SKIP SELL: no position.
[2026-04-30 13:37:52 UTC] -- TSLA
[2026-04-30 13:37:52 UTC]   bars=62  signal=SELL  price=$371.43  SMA=$370.53  lower=$335.82  upper=$405.25
[2026-04-30 13:37:52 UTC]   SKIP SELL: no position.
[2026-04-30 13:37:52 UTC] -- META
[2026-04-30 13:37:53 UTC]   bars=62  signal=HOLD  price=$601.72  SMA=$644.86  lower=$569.87  upper=$719.84
[2026-04-30 13:37:53 UTC]   HOLD — no action.
[2026-04-30 13:37:53 UTC] -- GOOGL
[2026-04-30 13:37:55 UTC]   bars=62  signal=SELL  price=$372.33  SMA=$331.91  lower=$295.03  upper=$368.80
[2026-04-30 13:37:55 UTC]   SKIP SELL: no position.
[2026-04-30 13:37:55 UTC] -- AMZN
[2026-04-30 13:38:16 UTC]   bars error (AMZN): HTTPSConnectionPool(host='data.alpaca.markets', port=443): Max retries exceeded with url: /v2/stocks/bars?start=2026-01-30T13%3A37%3A55.895519%2B00%3A00&end=2026-04-30T13%3A37%3A55.895519%2B00%3A00&timeframe=1Day&feed=iex&symbols=AMZN&limit=10000 (Caused by NewConnectionError("HTTPSConnection(host='data.alpaca.markets', port=443): Failed to establish a new connection: [Errno 111] Connection refused"))
[2026-04-30 13:38:17 UTC]   SKIP: only 0 closes (need ≥20).
[2026-04-30 13:38:17 UTC] -- SPY
[2026-04-30 13:38:33 UTC]   bars=62  signal=SELL  price=$712.28  SMA=$694.89  lower=$655.74  upper=$734.04
[2026-04-30 13:38:33 UTC]   SKIP SELL: no position.
[2026-04-30 13:38:33 UTC] -- QQQ
[2026-04-30 13:38:34 UTC]   bars=62  signal=SELL  price=$661.44  SMA=$633.40  lower=$580.73  upper=$686.07
[2026-04-30 13:38:34 UTC]   SKIP SELL: no position.
[2026-04-30 13:38:34 UTC] === Scan cycle complete ===

[2026-04-30 14:39:55 UTC] === Mean-Reversion scan cycle start ===
[2026-04-30 14:39:57 UTC] Equity: $99,989.93  |  Buying power: $199,979.86
[2026-04-30 14:39:57 UTC] Watchlist (10): ['AAPL', 'MSFT', 'NVDA', 'AMD', 'TSLA', 'META', 'GOOGL', 'AMZN', 'SPY', 'QQQ']
[2026-04-30 14:39:57 UTC] -- AAPL
[2026-04-30 14:39:58 UTC]   bars=62  signal=SELL  price=$271.04  SMA=$265.12  lower=$252.65  upper=$277.59
[2026-04-30 14:39:58 UTC]   SKIP SELL: no position.
[2026-04-30 14:39:58 UTC] -- MSFT
[2026-04-30 23:22:42 UTC] === Mean-Reversion scan cycle start ===
[2026-04-30 23:22:43 UTC] Equity: $99,989.93  |  Buying power: $199,979.86
[2026-04-30 23:22:44 UTC] Watchlist (10): ['AAPL', 'MSFT', 'NVDA', 'AMD', 'TSLA', 'META', 'GOOGL', 'AMZN', 'SPY', 'QQQ']
[2026-04-30 23:22:44 UTC] -- AAPL
[2026-04-30 23:22:44 UTC]   bars=62  signal=SELL  price=$271.14  SMA=$265.12  lower=$252.64  upper=$277.60
[2026-04-30 23:22:44 UTC]   SKIP SELL: no position.
[2026-04-30 23:22:44 UTC] -- MSFT
[2026-04-30 23:22:45 UTC]   bars=62  signal=SELL  price=$407.76  SMA=$403.52  lower=$357.62  upper=$449.43
[2026-04-30 23:22:45 UTC]   SKIP SELL: no position.
[2026-04-30 23:22:46 UTC] -- NVDA
[2026-04-30 23:22:46 UTC]   bars=62  signal=SELL  price=$199.54  SMA=$196.15  lower=$173.10  upper=$219.19
[2026-04-30 23:22:46 UTC]   SKIP SELL: no position.
[2026-04-30 23:22:46 UTC] -- AMD
[2026-04-30 23:22:47 UTC]   bars=62  signal=SELL  price=$354.41  SMA=$277.73  lower=$190.71  upper=$364.75
[2026-04-30 23:22:47 UTC]   SKIP SELL: no position.
[2026-04-30 23:22:47 UTC] -- TSLA
[2026-04-30 23:22:47 UTC]   bars=62  signal=SELL  price=$381.62  SMA=$371.04  lower=$335.99  upper=$406.10
[2026-04-30 23:22:47 UTC]   SKIP SELL: no position.
[2026-04-30 23:22:47 UTC] -- META
[2026-04-30 23:22:48 UTC]   bars=62  signal=HOLD  price=$612.16  SMA=$645.38  lower=$571.46  upper=$719.29
[2026-04-30 23:22:48 UTC]   HOLD — no action.
[2026-04-30 23:22:48 UTC] -- GOOGL
[2026-04-30 23:22:49 UTC]   bars=62  signal=SELL  price=$384.99  SMA=$332.55  lower=$292.60  upper=$372.49
[2026-04-30 23:22:49 UTC]   SKIP SELL: no position.
[2026-04-30 23:22:49 UTC] -- AMZN
[2026-04-30 23:22:49 UTC]   bars=62  signal=SELL  price=$265.04  SMA=$244.44  lower=$210.06  upper=$278.81
[2026-04-30 23:22:49 UTC]   SKIP SELL: no position.
[2026-04-30 23:22:49 UTC] -- SPY
[2026-04-30 23:22:50 UTC]   bars=62  signal=SELL  price=$718.41  SMA=$695.20  lower=$655.42  upper=$734.97
[2026-04-30 23:22:50 UTC]   SKIP SELL: no position.
[2026-04-30 23:22:50 UTC] -- QQQ
[2026-04-30 23:22:51 UTC]   bars=62  signal=SELL  price=$667.61  SMA=$633.71  lower=$580.32  upper=$687.10
[2026-04-30 23:22:51 UTC]   SKIP SELL: no position.
[2026-04-30 23:22:51 UTC] === Scan cycle complete ===

[2026-04-30 23:31:48 UTC] === Mean-Reversion scan cycle start ===
[2026-04-30 23:31:49 UTC] Equity: $99,989.93  |  Buying power: $199,979.86
[2026-04-30 23:31:49 UTC] Watchlist (10): ['AAPL', 'MSFT', 'NVDA', 'AMD', 'TSLA', 'META', 'GOOGL', 'AMZN', 'SPY', 'QQQ']
[2026-04-30 23:31:49 UTC] -- AAPL
[2026-04-30 23:31:50 UTC]   bars=62  signal=SELL  price=$271.14  SMA=$265.12  lower=$252.64  upper=$277.60
[2026-04-30 23:31:50 UTC]   SKIP SELL: no position.
[2026-04-30 23:31:50 UTC] -- MSFT
[2026-04-30 23:31:52 UTC]   bars=62  signal=SELL  price=$407.76  SMA=$403.52  lower=$357.62  upper=$449.43
[2026-04-30 23:31:52 UTC]   SKIP SELL: no position.
[2026-04-30 23:31:52 UTC] -- NVDA
[2026-04-30 23:31:53 UTC]   bars=62  signal=SELL  price=$199.54  SMA=$196.15  lower=$173.10  upper=$219.19
[2026-04-30 23:31:53 UTC]   SKIP SELL: no position.
[2026-04-30 23:31:53 UTC] -- AMD
[2026-04-30 23:31:53 UTC]   bars=62  signal=SELL  price=$354.41  SMA=$277.73  lower=$190.71  upper=$364.75
[2026-04-30 23:31:53 UTC]   SKIP SELL: no position.
[2026-04-30 23:31:53 UTC] -- TSLA
[2026-04-30 23:31:54 UTC]   bars=62  signal=SELL  price=$381.62  SMA=$371.04  lower=$335.99  upper=$406.10
[2026-04-30 23:31:54 UTC]   SKIP SELL: no position.
[2026-04-30 23:31:54 UTC] -- META
[2026-04-30 23:31:54 UTC]   bars=62  signal=HOLD  price=$612.16  SMA=$645.38  lower=$571.46  upper=$719.29
[2026-04-30 23:31:54 UTC]   HOLD — no action.
[2026-04-30 23:31:55 UTC] -- GOOGL
[2026-04-30 23:31:55 UTC]   bars=62  signal=SELL  price=$384.99  SMA=$332.55  lower=$292.60  upper=$372.49
[2026-04-30 23:31:55 UTC]   SKIP SELL: no position.
[2026-04-30 23:31:55 UTC] -- AMZN
[2026-04-30 23:31:56 UTC]   bars=62  signal=SELL  price=$265.04  SMA=$244.44  lower=$210.06  upper=$278.81
[2026-04-30 23:31:56 UTC]   SKIP SELL: no position.
[2026-04-30 23:31:56 UTC] -- SPY
[2026-04-30 23:31:56 UTC]   bars=62  signal=SELL  price=$718.41  SMA=$695.20  lower=$655.42  upper=$734.97
[2026-04-30 23:31:56 UTC]   SKIP SELL: no position.
[2026-04-30 23:31:56 UTC] -- QQQ
[2026-04-30 23:31:57 UTC]   bars=62  signal=SELL  price=$667.61  SMA=$633.71  lower=$580.32  upper=$687.10
[2026-04-30 23:31:57 UTC]   SKIP SELL: no position.
[2026-04-30 23:31:57 UTC] === Scan cycle complete ===

[2026-04-30 23:36:47 UTC] === Mean-Reversion scan cycle start ===
[2026-04-30 23:36:48 UTC] Equity: $99,989.93  |  Buying power: $199,979.86
[2026-04-30 23:36:49 UTC] Watchlist (10): ['AAPL', 'MSFT', 'NVDA', 'AMD', 'TSLA', 'META', 'GOOGL', 'AMZN', 'SPY', 'QQQ']
[2026-04-30 23:36:49 UTC] -- AAPL
[2026-04-30 23:36:49 UTC]   bars=62  signal=SELL  price=$271.14  SMA=$265.12  lower=$252.64  upper=$277.60
[2026-04-30 23:36:49 UTC]   SKIP SELL: no position.
[2026-04-30 23:36:49 UTC] -- MSFT
[2026-04-30 23:36:50 UTC]   bars=62  signal=SELL  price=$407.76  SMA=$403.52  lower=$357.62  upper=$449.43
[2026-04-30 23:36:50 UTC]   SKIP SELL: no position.
[2026-04-30 23:36:50 UTC] -- NVDA
[2026-04-30 23:36:51 UTC]   bars=62  signal=SELL  price=$199.54  SMA=$196.15  lower=$173.10  upper=$219.19
[2026-04-30 23:36:51 UTC]   SKIP SELL: no position.
[2026-04-30 23:36:51 UTC] -- AMD
[2026-04-30 23:36:51 UTC]   bars=62  signal=SELL  price=$354.41  SMA=$277.73  lower=$190.71  upper=$364.75
[2026-04-30 23:36:51 UTC]   SKIP SELL: no position.
[2026-04-30 23:36:51 UTC] -- TSLA
[2026-04-30 23:36:52 UTC]   bars=62  signal=SELL  price=$381.62  SMA=$371.04  lower=$335.99  upper=$406.10
[2026-04-30 23:36:52 UTC]   SKIP SELL: no position.
[2026-04-30 23:36:52 UTC] -- META
[2026-04-30 23:36:53 UTC]   bars=62  signal=HOLD  price=$612.16  SMA=$645.38  lower=$571.46  upper=$719.29
[2026-04-30 23:36:53 UTC]   HOLD — no action.
[2026-04-30 23:36:53 UTC] -- GOOGL
[2026-04-30 23:36:53 UTC]   bars=62  signal=SELL  price=$384.99  SMA=$332.55  lower=$292.60  upper=$372.49
[2026-04-30 23:36:53 UTC]   SKIP SELL: no position.
[2026-04-30 23:36:54 UTC] -- AMZN
[2026-04-30 23:36:54 UTC]   bars=62  signal=SELL  price=$265.04  SMA=$244.44  lower=$210.06  upper=$278.81
[2026-04-30 23:36:54 UTC]   SKIP SELL: no position.
[2026-04-30 23:36:54 UTC] -- SPY
[2026-04-30 23:36:55 UTC]   bars=62  signal=SELL  price=$718.41  SMA=$695.20  lower=$655.42  upper=$734.97
[2026-04-30 23:36:55 UTC]   SKIP SELL: no position.
[2026-04-30 23:36:55 UTC] -- QQQ
[2026-04-30 23:36:56 UTC]   bars=62  signal=SELL  price=$667.61  SMA=$633.71  lower=$580.32  upper=$687.10
[2026-04-30 23:36:56 UTC]   SKIP SELL: no position.
[2026-04-30 23:36:56 UTC] === Scan cycle complete ===

[2026-04-30 23:41:42 UTC] === Mean-Reversion scan cycle start ===
[2026-04-30 23:41:44 UTC] Equity: $99,989.93  |  Buying power: $199,979.86
[2026-04-30 23:41:44 UTC] Watchlist (10): ['AAPL', 'MSFT', 'NVDA', 'AMD', 'TSLA', 'META', 'GOOGL', 'AMZN', 'SPY', 'QQQ']
[2026-04-30 23:41:44 UTC] -- AAPL
[2026-04-30 23:41:45 UTC]   bars=62  signal=SELL  price=$271.14  SMA=$265.12  lower=$252.64  upper=$277.60
[2026-04-30 23:41:45 UTC]   SKIP SELL: no position.
[2026-04-30 23:41:45 UTC] -- MSFT
[2026-04-30 23:41:45 UTC]   bars=62  signal=SELL  price=$407.76  SMA=$403.52  lower=$357.62  upper=$449.43
[2026-04-30 23:41:45 UTC]   SKIP SELL: no position.
[2026-04-30 23:41:45 UTC] -- NVDA
[2026-04-30 23:41:46 UTC]   bars=62  signal=SELL  price=$199.54  SMA=$196.15  lower=$173.10  upper=$219.19
[2026-04-30 23:41:46 UTC]   SKIP SELL: no position.
[2026-04-30 23:41:46 UTC] -- AMD
[2026-04-30 23:41:47 UTC]   bars=62  signal=SELL  price=$354.41  SMA=$277.73  lower=$190.71  upper=$364.75
[2026-04-30 23:41:47 UTC]   SKIP SELL: no position.
[2026-04-30 23:41:47 UTC] -- TSLA
[2026-04-30 23:41:47 UTC]   bars=62  signal=SELL  price=$381.62  SMA=$371.04  lower=$335.99  upper=$406.10
[2026-04-30 23:41:47 UTC]   SKIP SELL: no position.
[2026-04-30 23:41:47 UTC] -- META
[2026-04-30 23:41:48 UTC]   bars=62  signal=HOLD  price=$612.16  SMA=$645.38  lower=$571.46  upper=$719.29
[2026-04-30 23:41:48 UTC]   HOLD — no action.
[2026-04-30 23:41:48 UTC] -- GOOGL
[2026-04-30 23:41:49 UTC]   bars=62  signal=SELL  price=$384.99  SMA=$332.55  lower=$292.60  upper=$372.49
[2026-04-30 23:41:49 UTC]   SKIP SELL: no position.
[2026-04-30 23:41:49 UTC] -- AMZN
[2026-04-30 23:41:49 UTC]   bars=62  signal=SELL  price=$265.04  SMA=$244.44  lower=$210.06  upper=$278.81
[2026-04-30 23:41:49 UTC]   SKIP SELL: no position.
[2026-04-30 23:41:49 UTC] -- SPY
[2026-04-30 23:41:50 UTC]   bars=62  signal=SELL  price=$718.41  SMA=$695.20  lower=$655.42  upper=$734.97
[2026-04-30 23:41:50 UTC]   SKIP SELL: no position.
[2026-04-30 23:41:50 UTC] -- QQQ
[2026-04-30 23:41:51 UTC]   bars=62  signal=SELL  price=$667.61  SMA=$633.71  lower=$580.32  upper=$687.10
[2026-04-30 23:41:51 UTC]   SKIP SELL: no position.
[2026-04-30 23:41:51 UTC] === Scan cycle complete ===

[2026-04-30 23:46:46 UTC] === Mean-Reversion scan cycle start ===
[2026-04-30 23:46:47 UTC] Equity: $99,989.93  |  Buying power: $199,979.86
[2026-04-30 23:46:47 UTC] Watchlist (10): ['AAPL', 'MSFT', 'NVDA', 'AMD', 'TSLA', 'META', 'GOOGL', 'AMZN', 'SPY', 'QQQ']
[2026-04-30 23:46:47 UTC] -- AAPL
[2026-04-30 23:46:48 UTC]   bars=62  signal=SELL  price=$271.14  SMA=$265.12  lower=$252.64  upper=$277.60
[2026-04-30 23:46:48 UTC]   SKIP SELL: no position.
[2026-04-30 23:46:48 UTC] -- MSFT
[2026-04-30 23:46:49 UTC]   bars=62  signal=SELL  price=$407.76  SMA=$403.52  lower=$357.62  upper=$449.43
[2026-04-30 23:46:49 UTC]   SKIP SELL: no position.
[2026-04-30 23:46:49 UTC] -- NVDA
[2026-04-30 23:46:49 UTC]   bars=62  signal=SELL  price=$199.54  SMA=$196.15  lower=$173.10  upper=$219.19
[2026-04-30 23:46:49 UTC]   SKIP SELL: no position.
[2026-04-30 23:46:49 UTC] -- AMD
[2026-04-30 23:46:50 UTC]   bars=62  signal=SELL  price=$354.41  SMA=$277.73  lower=$190.71  upper=$364.75
[2026-04-30 23:46:50 UTC]   SKIP SELL: no position.
[2026-04-30 23:46:50 UTC] -- TSLA
[2026-04-30 23:46:51 UTC]   bars=62  signal=SELL  price=$381.62  SMA=$371.04  lower=$335.99  upper=$406.10
[2026-04-30 23:46:51 UTC]   SKIP SELL: no position.
[2026-04-30 23:46:51 UTC] -- META
[2026-04-30 23:46:52 UTC]   bars=62  signal=HOLD  price=$612.16  SMA=$645.38  lower=$571.46  upper=$719.29
[2026-04-30 23:46:52 UTC]   HOLD — no action.
[2026-04-30 23:46:52 UTC] -- GOOGL
[2026-04-30 23:46:52 UTC]   bars=62  signal=SELL  price=$384.99  SMA=$332.55  lower=$292.60  upper=$372.49
[2026-04-30 23:46:52 UTC]   SKIP SELL: no position.
[2026-04-30 23:46:52 UTC] -- AMZN
[2026-04-30 23:46:53 UTC]   bars=62  signal=SELL  price=$265.04  SMA=$244.44  lower=$210.06  upper=$278.81
[2026-04-30 23:46:53 UTC]   SKIP SELL: no position.
[2026-04-30 23:46:53 UTC] -- SPY
[2026-04-30 23:46:54 UTC]   bars=62  signal=SELL  price=$718.41  SMA=$695.20  lower=$655.42  upper=$734.97
[2026-04-30 23:46:54 UTC]   SKIP SELL: no position.
[2026-04-30 23:46:54 UTC] -- QQQ
[2026-04-30 23:46:54 UTC]   bars=62  signal=SELL  price=$667.61  SMA=$633.71  lower=$580.32  upper=$687.10
[2026-04-30 23:46:54 UTC]   SKIP SELL: no position.
[2026-04-30 23:46:54 UTC] === Scan cycle complete ===

[2026-04-30 23:51:44 UTC] === Mean-Reversion scan cycle start ===
[2026-04-30 23:51:46 UTC] Equity: $99,989.93  |  Buying power: $199,979.86
[2026-04-30 23:51:46 UTC] Watchlist (10): ['AAPL', 'MSFT', 'NVDA', 'AMD', 'TSLA', 'META', 'GOOGL', 'AMZN', 'SPY', 'QQQ']
[2026-04-30 23:51:46 UTC] -- AAPL
[2026-04-30 23:51:47 UTC]   bars=62  signal=SELL  price=$271.14  SMA=$265.12  lower=$252.64  upper=$277.60
[2026-04-30 23:51:47 UTC]   SKIP SELL: no position.
[2026-04-30 23:51:47 UTC] -- MSFT
[2026-04-30 23:51:48 UTC]   bars=62  signal=SELL  price=$407.76  SMA=$403.52  lower=$357.62  upper=$449.43
[2026-04-30 23:51:48 UTC]   SKIP SELL: no position.
[2026-04-30 23:51:48 UTC] -- NVDA
[2026-04-30 23:51:48 UTC]   bars=62  signal=SELL  price=$199.54  SMA=$196.15  lower=$173.10  upper=$219.19
[2026-04-30 23:51:48 UTC]   SKIP SELL: no position.
[2026-04-30 23:51:48 UTC] -- AMD
[2026-04-30 23:51:49 UTC]   bars=62  signal=SELL  price=$354.41  SMA=$277.73  lower=$190.71  upper=$364.75
[2026-04-30 23:51:49 UTC]   SKIP SELL: no position.
[2026-04-30 23:51:49 UTC] -- TSLA
[2026-04-30 23:51:49 UTC]   bars=62  signal=SELL  price=$381.62  SMA=$371.04  lower=$335.99  upper=$406.10
[2026-04-30 23:51:49 UTC]   SKIP SELL: no position.
[2026-04-30 23:51:50 UTC] -- META
[2026-04-30 23:51:50 UTC]   bars=62  signal=HOLD  price=$612.16  SMA=$645.38  lower=$571.46  upper=$719.29
[2026-04-30 23:51:50 UTC]   HOLD — no action.
[2026-04-30 23:51:50 UTC] -- GOOGL
[2026-04-30 23:51:51 UTC]   bars=62  signal=SELL  price=$384.99  SMA=$332.55  lower=$292.60  upper=$372.49
[2026-04-30 23:51:51 UTC]   SKIP SELL: no position.
[2026-04-30 23:51:51 UTC] -- AMZN
[2026-04-30 23:51:51 UTC]   bars=62  signal=SELL  price=$265.04  SMA=$244.44  lower=$210.06  upper=$278.81
[2026-04-30 23:51:51 UTC]   SKIP SELL: no position.
[2026-04-30 23:51:51 UTC] -- SPY
[2026-04-30 23:51:52 UTC]   bars=62  signal=SELL  price=$718.41  SMA=$695.20  lower=$655.42  upper=$734.97
[2026-04-30 23:51:52 UTC]   SKIP SELL: no position.
[2026-04-30 23:51:52 UTC] -- QQQ
[2026-04-30 23:51:53 UTC]   bars=62  signal=SELL  price=$667.61  SMA=$633.71  lower=$580.32  upper=$687.10
[2026-04-30 23:51:53 UTC]   SKIP SELL: no position.
[2026-04-30 23:51:53 UTC] === Scan cycle complete ===

[2026-04-30 23:56:44 UTC] === Mean-Reversion scan cycle start ===
[2026-04-30 23:56:46 UTC] Equity: $99,989.93  |  Buying power: $199,979.86
[2026-04-30 23:56:46 UTC] Watchlist (10): ['AAPL', 'MSFT', 'NVDA', 'AMD', 'TSLA', 'META', 'GOOGL', 'AMZN', 'SPY', 'QQQ']
[2026-04-30 23:56:46 UTC] -- AAPL
[2026-04-30 23:56:47 UTC]   bars=62  signal=SELL  price=$271.14  SMA=$265.12  lower=$252.64  upper=$277.60
[2026-04-30 23:56:47 UTC]   SKIP SELL: no position.
[2026-04-30 23:56:47 UTC] -- MSFT
[2026-04-30 23:56:48 UTC]   bars=62  signal=SELL  price=$407.76  SMA=$403.52  lower=$357.62  upper=$449.43
[2026-04-30 23:56:48 UTC]   SKIP SELL: no position.
[2026-04-30 23:56:48 UTC] -- NVDA
[2026-04-30 23:56:48 UTC]   bars=62  signal=SELL  price=$199.54  SMA=$196.15  lower=$173.10  upper=$219.19
[2026-04-30 23:56:48 UTC]   SKIP SELL: no position.
[2026-04-30 23:56:48 UTC] -- AMD
[2026-04-30 23:56:49 UTC]   bars=62  signal=SELL  price=$354.41  SMA=$277.73  lower=$190.71  upper=$364.75
[2026-04-30 23:56:49 UTC]   SKIP SELL: no position.
[2026-04-30 23:56:49 UTC] -- TSLA
[2026-04-30 23:56:50 UTC]   bars=62  signal=SELL  price=$381.62  SMA=$371.04  lower=$335.99  upper=$406.10
[2026-04-30 23:56:50 UTC]   SKIP SELL: no position.
[2026-04-30 23:56:50 UTC] -- META
[2026-04-30 23:56:50 UTC]   bars=62  signal=HOLD  price=$612.16  SMA=$645.38  lower=$571.46  upper=$719.29
[2026-04-30 23:56:50 UTC]   HOLD — no action.
[2026-04-30 23:56:50 UTC] -- GOOGL
[2026-04-30 23:56:51 UTC]   bars=62  signal=SELL  price=$384.99  SMA=$332.55  lower=$292.60  upper=$372.49
[2026-04-30 23:56:51 UTC]   SKIP SELL: no position.
[2026-04-30 23:56:51 UTC] -- AMZN
[2026-04-30 23:56:52 UTC]   bars=62  signal=SELL  price=$265.04  SMA=$244.44  lower=$210.06  upper=$278.81
[2026-04-30 23:56:52 UTC]   SKIP SELL: no position.
[2026-04-30 23:56:52 UTC] -- SPY
[2026-04-30 23:56:52 UTC]   bars=62  signal=SELL  price=$718.41  SMA=$695.20  lower=$655.42  upper=$734.97
[2026-04-30 23:56:52 UTC]   SKIP SELL: no position.
[2026-04-30 23:56:52 UTC] -- QQQ
[2026-04-30 23:56:53 UTC]   bars=62  signal=SELL  price=$667.61  SMA=$633.71  lower=$580.32  upper=$687.10
[2026-04-30 23:56:53 UTC]   SKIP SELL: no position.
[2026-04-30 23:56:53 UTC] === Scan cycle complete ===

[2026-05-01 00:01:44 UTC] === Mean-Reversion scan cycle start ===
[2026-05-01 00:01:46 UTC] Equity: $99,989.93  |  Buying power: $199,979.86
[2026-05-01 00:01:46 UTC] Watchlist (10): ['AAPL', 'MSFT', 'NVDA', 'AMD', 'TSLA', 'META', 'GOOGL', 'AMZN', 'SPY', 'QQQ']
[2026-05-01 00:01:46 UTC] -- AAPL
[2026-05-01 00:01:47 UTC]   bars=62  signal=SELL  price=$271.14  SMA=$265.12  lower=$252.64  upper=$277.60
[2026-05-01 00:01:47 UTC]   SKIP SELL: no position.
[2026-05-01 00:01:47 UTC] -- MSFT
[2026-05-01 00:01:47 UTC]   bars=62  signal=SELL  price=$407.76  SMA=$403.52  lower=$357.62  upper=$449.43
[2026-05-01 00:01:47 UTC]   SKIP SELL: no position.
[2026-05-01 00:01:47 UTC] -- NVDA
[2026-05-01 00:01:49 UTC]   bars=62  signal=SELL  price=$199.54  SMA=$196.15  lower=$173.10  upper=$219.19
[2026-05-01 00:01:49 UTC]   SKIP SELL: no position.
[2026-05-01 00:01:49 UTC] -- AMD
[2026-05-01 00:01:50 UTC]   bars=62  signal=SELL  price=$354.41  SMA=$277.73  lower=$190.71  upper=$364.75
[2026-05-01 00:01:50 UTC]   SKIP SELL: no position.
[2026-05-01 00:01:50 UTC] -- TSLA
[2026-05-01 00:01:50 UTC]   bars=62  signal=SELL  price=$381.62  SMA=$371.04  lower=$335.99  upper=$406.10
[2026-05-01 00:01:50 UTC]   SKIP SELL: no position.
[2026-05-01 00:01:50 UTC] -- META
[2026-05-01 00:01:51 UTC]   bars=62  signal=HOLD  price=$612.16  SMA=$645.38  lower=$571.46  upper=$719.29
[2026-05-01 00:01:51 UTC]   HOLD — no action.
[2026-05-01 00:01:51 UTC] -- GOOGL
[2026-05-01 00:01:52 UTC]   bars=62  signal=SELL  price=$384.99  SMA=$332.55  lower=$292.60  upper=$372.49
[2026-05-01 00:01:52 UTC]   SKIP SELL: no position.
[2026-05-01 00:01:52 UTC] -- AMZN
[2026-05-01 00:01:52 UTC]   bars=62  signal=SELL  price=$265.04  SMA=$244.44  lower=$210.06  upper=$278.81
[2026-05-01 00:01:52 UTC]   SKIP SELL: no position.
[2026-05-01 00:01:52 UTC] -- SPY
[2026-05-01 00:01:53 UTC]   bars=62  signal=SELL  price=$718.41  SMA=$695.20  lower=$655.42  upper=$734.97
[2026-05-01 00:01:53 UTC]   SKIP SELL: no position.
[2026-05-01 00:01:53 UTC] -- QQQ
[2026-05-01 00:01:54 UTC]   bars=62  signal=SELL  price=$667.61  SMA=$633.71  lower=$580.32  upper=$687.10
[2026-05-01 00:01:54 UTC]   SKIP SELL: no position.
[2026-05-01 00:01:54 UTC] === Scan cycle complete ===

[2026-05-01 00:06:44 UTC] === Mean-Reversion scan cycle start ===
[2026-05-01 00:06:45 UTC] Equity: $99,989.93  |  Buying power: $199,979.86
[2026-05-01 00:06:45 UTC] Watchlist (10): ['AAPL', 'MSFT', 'NVDA', 'AMD', 'TSLA', 'META', 'GOOGL', 'AMZN', 'SPY', 'QQQ']
[2026-05-01 00:06:45 UTC] -- AAPL
[2026-05-01 00:06:46 UTC]   bars=62  signal=SELL  price=$271.14  SMA=$265.12  lower=$252.64  upper=$277.60
[2026-05-01 00:06:46 UTC]   SKIP SELL: no position.
[2026-05-01 00:06:46 UTC] -- MSFT
[2026-05-01 00:06:47 UTC]   bars=62  signal=SELL  price=$407.76  SMA=$403.52  lower=$357.62  upper=$449.43
[2026-05-01 00:06:47 UTC]   SKIP SELL: no position.
[2026-05-01 00:06:47 UTC] -- NVDA
[2026-05-01 00:06:47 UTC]   bars=62  signal=SELL  price=$199.54  SMA=$196.15  lower=$173.10  upper=$219.19
[2026-05-01 00:06:47 UTC]   SKIP SELL: no position.
[2026-05-01 00:06:48 UTC] -- AMD
[2026-05-01 00:06:48 UTC]   bars=62  signal=SELL  price=$354.41  SMA=$277.73  lower=$190.71  upper=$364.75
[2026-05-01 00:06:48 UTC]   SKIP SELL: no position.
[2026-05-01 00:06:48 UTC] -- TSLA
[2026-05-01 00:06:49 UTC]   bars=62  signal=SELL  price=$381.62  SMA=$371.04  lower=$335.99  upper=$406.10
[2026-05-01 00:06:49 UTC]   SKIP SELL: no position.
[2026-05-01 00:06:49 UTC] -- META
[2026-05-01 00:06:49 UTC]   bars=62  signal=HOLD  price=$612.16  SMA=$645.38  lower=$571.46  upper=$719.29
[2026-05-01 00:06:49 UTC]   HOLD — no action.
[2026-05-01 00:06:49 UTC] -- GOOGL
[2026-05-01 00:06:50 UTC]   bars=62  signal=SELL  price=$384.99  SMA=$332.55  lower=$292.60  upper=$372.49
[2026-05-01 00:06:50 UTC]   SKIP SELL: no position.
[2026-05-01 00:06:50 UTC] -- AMZN
[2026-05-01 00:06:51 UTC]   bars=62  signal=SELL  price=$265.04  SMA=$244.44  lower=$210.06  upper=$278.81
[2026-05-01 00:06:51 UTC]   SKIP SELL: no position.
[2026-05-01 00:06:51 UTC] -- SPY
[2026-05-01 00:06:51 UTC]   bars=62  signal=SELL  price=$718.41  SMA=$695.20  lower=$655.42  upper=$734.97
[2026-05-01 00:06:51 UTC]   SKIP SELL: no position.
[2026-05-01 00:06:51 UTC] -- QQQ
[2026-05-01 00:06:52 UTC]   bars=62  signal=SELL  price=$667.61  SMA=$633.71  lower=$580.32  upper=$687.10
[2026-05-01 00:06:52 UTC]   SKIP SELL: no position.
[2026-05-01 00:06:52 UTC] === Scan cycle complete ===

[2026-05-01 00:11:47 UTC] === Mean-Reversion scan cycle start ===
[2026-05-01 00:11:48 UTC] Equity: $99,989.93  |  Buying power: $199,979.86
[2026-05-01 00:11:49 UTC] Watchlist (10): ['AAPL', 'MSFT', 'NVDA', 'AMD', 'TSLA', 'META', 'GOOGL', 'AMZN', 'SPY', 'QQQ']
[2026-05-01 00:11:49 UTC] -- AAPL
[2026-05-01 00:11:49 UTC]   bars=62  signal=SELL  price=$271.14  SMA=$265.12  lower=$252.64  upper=$277.60
[2026-05-01 00:11:49 UTC]   SKIP SELL: no position.
[2026-05-01 00:11:50 UTC] -- MSFT
[2026-05-01 00:11:50 UTC]   bars=62  signal=SELL  price=$407.76  SMA=$403.52  lower=$357.62  upper=$449.43
[2026-05-01 00:11:50 UTC]   SKIP SELL: no position.
[2026-05-01 00:11:50 UTC] -- NVDA
[2026-05-01 00:11:51 UTC]   bars=62  signal=SELL  price=$199.54  SMA=$196.15  lower=$173.10  upper=$219.19
[2026-05-01 00:11:51 UTC]   SKIP SELL: no position.
[2026-05-01 00:11:51 UTC] -- AMD
[2026-05-01 00:11:51 UTC]   bars=62  signal=SELL  price=$354.41  SMA=$277.73  lower=$190.71  upper=$364.75
[2026-05-01 00:11:51 UTC]   SKIP SELL: no position.
[2026-05-01 00:11:51 UTC] -- TSLA
[2026-05-01 00:11:52 UTC]   bars=62  signal=SELL  price=$381.62  SMA=$371.04  lower=$335.99  upper=$406.10
[2026-05-01 00:11:52 UTC]   SKIP SELL: no position.
[2026-05-01 00:11:52 UTC] -- META
[2026-05-01 00:11:53 UTC]   bars=62  signal=HOLD  price=$612.16  SMA=$645.38  lower=$571.46  upper=$719.29
[2026-05-01 00:11:53 UTC]   HOLD — no action.
[2026-05-01 00:11:53 UTC] -- GOOGL
[2026-05-01 00:11:53 UTC]   bars=62  signal=SELL  price=$384.99  SMA=$332.55  lower=$292.60  upper=$372.49
[2026-05-01 00:11:53 UTC]   SKIP SELL: no position.
[2026-05-01 00:11:53 UTC] -- AMZN
[2026-05-01 00:11:54 UTC]   bars=62  signal=SELL  price=$265.04  SMA=$244.44  lower=$210.06  upper=$278.81
[2026-05-01 00:11:54 UTC]   SKIP SELL: no position.
[2026-05-01 00:11:54 UTC] -- SPY
[2026-05-01 00:11:54 UTC]   bars=62  signal=SELL  price=$718.41  SMA=$695.20  lower=$655.42  upper=$734.97
[2026-05-01 00:11:55 UTC]   SKIP SELL: no position.
[2026-05-01 00:11:55 UTC] -- QQQ
[2026-05-01 00:11:55 UTC]   bars=62  signal=SELL  price=$667.61  SMA=$633.71  lower=$580.32  upper=$687.10
[2026-05-01 00:11:55 UTC]   SKIP SELL: no position.
[2026-05-01 00:11:55 UTC] === Scan cycle complete ===

[2026-05-01 00:16:45 UTC] === Mean-Reversion scan cycle start ===
[2026-05-01 00:16:47 UTC] Equity: $99,989.93  |  Buying power: $199,979.86
[2026-05-01 00:16:47 UTC] Watchlist (10): ['AAPL', 'MSFT', 'NVDA', 'AMD', 'TSLA', 'META', 'GOOGL', 'AMZN', 'SPY', 'QQQ']
[2026-05-01 00:16:47 UTC] -- AAPL
[2026-05-01 00:16:47 UTC]   bars=62  signal=SELL  price=$271.14  SMA=$265.12  lower=$252.64  upper=$277.60
[2026-05-01 00:16:47 UTC]   SKIP SELL: no position.
[2026-05-01 00:16:48 UTC] -- MSFT
[2026-05-01 00:16:48 UTC]   bars=62  signal=SELL  price=$407.76  SMA=$403.52  lower=$357.62  upper=$449.43
[2026-05-01 00:16:48 UTC]   SKIP SELL: no position.
[2026-05-01 00:16:48 UTC] -- NVDA
[2026-05-01 00:16:49 UTC]   bars=62  signal=SELL  price=$199.54  SMA=$196.15  lower=$173.10  upper=$219.19
[2026-05-01 00:16:49 UTC]   SKIP SELL: no position.
[2026-05-01 00:16:49 UTC] -- AMD
[2026-05-01 00:16:49 UTC]   bars=62  signal=SELL  price=$354.41  SMA=$277.73  lower=$190.71  upper=$364.75
[2026-05-01 00:16:49 UTC]   SKIP SELL: no position.
[2026-05-01 00:16:50 UTC] -- TSLA
[2026-05-01 00:16:50 UTC]   bars=62  signal=SELL  price=$381.62  SMA=$371.04  lower=$335.99  upper=$406.10
[2026-05-01 00:16:50 UTC]   SKIP SELL: no position.
[2026-05-01 00:16:50 UTC] -- META
[2026-05-01 00:16:51 UTC]   bars=62  signal=HOLD  price=$612.16  SMA=$645.38  lower=$571.46  upper=$719.29
[2026-05-01 00:16:51 UTC]   HOLD — no action.
[2026-05-01 00:16:51 UTC] -- GOOGL
[2026-05-01 00:16:52 UTC]   bars=62  signal=SELL  price=$384.99  SMA=$332.55  lower=$292.60  upper=$372.49
[2026-05-01 00:16:52 UTC]   SKIP SELL: no position.
[2026-05-01 00:16:52 UTC] -- AMZN
[2026-05-01 00:16:52 UTC]   bars=62  signal=SELL  price=$265.04  SMA=$244.44  lower=$210.06  upper=$278.81
[2026-05-01 00:16:52 UTC]   SKIP SELL: no position.
[2026-05-01 00:16:52 UTC] -- SPY
[2026-05-01 00:16:53 UTC]   bars=62  signal=SELL  price=$718.41  SMA=$695.20  lower=$655.42  upper=$734.97
[2026-05-01 00:16:53 UTC]   SKIP SELL: no position.
[2026-05-01 00:16:53 UTC] -- QQQ
[2026-05-01 00:16:54 UTC]   bars=62  signal=SELL  price=$667.61  SMA=$633.71  lower=$580.32  upper=$687.10
[2026-05-01 00:16:54 UTC]   SKIP SELL: no position.
[2026-05-01 00:16:54 UTC] === Scan cycle complete ===

[2026-05-01 00:21:44 UTC] === Mean-Reversion scan cycle start ===
[2026-05-01 00:21:45 UTC] Equity: $99,989.93  |  Buying power: $199,979.86
[2026-05-01 00:21:46 UTC] Watchlist (10): ['AAPL', 'MSFT', 'NVDA', 'AMD', 'TSLA', 'META', 'GOOGL', 'AMZN', 'SPY', 'QQQ']
[2026-05-01 00:21:46 UTC] -- AAPL
[2026-05-01 00:21:47 UTC]   bars=62  signal=SELL  price=$271.14  SMA=$265.12  lower=$252.64  upper=$277.60
[2026-05-01 00:21:47 UTC]   SKIP SELL: no position.
[2026-05-01 00:21:47 UTC] -- MSFT
[2026-05-01 00:21:47 UTC]   bars=62  signal=SELL  price=$407.76  SMA=$403.52  lower=$357.62  upper=$449.43
[2026-05-01 00:21:47 UTC]   SKIP SELL: no position.
[2026-05-01 00:21:47 UTC] -- NVDA
[2026-05-01 00:21:48 UTC]   bars=62  signal=SELL  price=$199.54  SMA=$196.15  lower=$173.10  upper=$219.19
[2026-05-01 00:21:48 UTC]   SKIP SELL: no position.
[2026-05-01 00:21:48 UTC] -- AMD
[2026-05-01 00:21:49 UTC]   bars=62  signal=SELL  price=$354.41  SMA=$277.73  lower=$190.71  upper=$364.75
[2026-05-01 00:21:49 UTC]   SKIP SELL: no position.
[2026-05-01 00:21:49 UTC] -- TSLA
[2026-05-01 00:21:49 UTC]   bars=62  signal=SELL  price=$381.62  SMA=$371.04  lower=$335.99  upper=$406.10
[2026-05-01 00:21:49 UTC]   SKIP SELL: no position.
[2026-05-01 00:21:49 UTC] -- META
[2026-05-01 00:21:50 UTC]   bars=62  signal=HOLD  price=$612.16  SMA=$645.38  lower=$571.46  upper=$719.29
[2026-05-01 00:21:50 UTC]   HOLD — no action.
[2026-05-01 00:21:50 UTC] -- GOOGL
[2026-05-01 00:21:50 UTC]   bars=62  signal=SELL  price=$384.99  SMA=$332.55  lower=$292.60  upper=$372.49
[2026-05-01 00:21:50 UTC]   SKIP SELL: no position.
[2026-05-01 00:21:50 UTC] -- AMZN
[2026-05-01 00:21:51 UTC]   bars=62  signal=SELL  price=$265.04  SMA=$244.44  lower=$210.06  upper=$278.81
[2026-05-01 00:21:51 UTC]   SKIP SELL: no position.
[2026-05-01 00:21:51 UTC] -- SPY
[2026-05-01 00:21:52 UTC]   bars=62  signal=SELL  price=$718.41  SMA=$695.20  lower=$655.42  upper=$734.97
[2026-05-01 00:21:52 UTC]   SKIP SELL: no position.
[2026-05-01 00:21:52 UTC] -- QQQ
[2026-05-01 00:21:52 UTC]   bars=62  signal=SELL  price=$667.61  SMA=$633.71  lower=$580.32  upper=$687.10
[2026-05-01 00:21:52 UTC]   SKIP SELL: no position.
[2026-05-01 00:21:52 UTC] === Scan cycle complete ===

[2026-05-01 00:26:44 UTC] === Mean-Reversion scan cycle start ===
[2026-05-01 00:26:45 UTC] Equity: $99,989.93  |  Buying power: $199,979.86
[2026-05-01 00:26:46 UTC] Watchlist (10): ['AAPL', 'MSFT', 'NVDA', 'AMD', 'TSLA', 'META', 'GOOGL', 'AMZN', 'SPY', 'QQQ']
[2026-05-01 00:26:46 UTC] -- AAPL
[2026-05-01 00:26:46 UTC]   bars=62  signal=SELL  price=$271.14  SMA=$265.12  lower=$252.64  upper=$277.60
[2026-05-01 00:26:46 UTC]   SKIP SELL: no position.
[2026-05-01 00:26:46 UTC] -- MSFT
[2026-05-01 00:26:47 UTC]   bars=62  signal=SELL  price=$407.76  SMA=$403.52  lower=$357.62  upper=$449.43
[2026-05-01 00:26:47 UTC]   SKIP SELL: no position.
[2026-05-01 00:26:47 UTC] -- NVDA
[2026-05-01 00:26:49 UTC]   bars=62  signal=SELL  price=$199.54  SMA=$196.15  lower=$173.10  upper=$219.19
[2026-05-01 00:26:49 UTC]   SKIP SELL: no position.
[2026-05-01 00:26:49 UTC] -- AMD
[2026-05-01 00:26:49 UTC]   bars=62  signal=SELL  price=$354.41  SMA=$277.73  lower=$190.71  upper=$364.75
[2026-05-01 00:26:49 UTC]   SKIP SELL: no position.
[2026-05-01 00:26:49 UTC] -- TSLA
[2026-05-01 00:26:50 UTC]   bars=62  signal=SELL  price=$381.62  SMA=$371.04  lower=$335.99  upper=$406.10
[2026-05-01 00:26:50 UTC]   SKIP SELL: no position.
[2026-05-01 00:26:50 UTC] -- META
[2026-05-01 00:26:51 UTC]   bars=62  signal=HOLD  price=$612.16  SMA=$645.38  lower=$571.46  upper=$719.29
[2026-05-01 00:26:51 UTC]   HOLD — no action.
[2026-05-01 00:26:51 UTC] -- GOOGL
[2026-05-01 00:26:51 UTC]   bars=62  signal=SELL  price=$384.99  SMA=$332.55  lower=$292.60  upper=$372.49
[2026-05-01 00:26:51 UTC]   SKIP SELL: no position.
[2026-05-01 00:26:51 UTC] -- AMZN
[2026-05-01 00:26:52 UTC]   bars=62  signal=SELL  price=$265.04  SMA=$244.44  lower=$210.06  upper=$278.81
[2026-05-01 00:26:52 UTC]   SKIP SELL: no position.
[2026-05-01 00:26:52 UTC] -- SPY
[2026-05-01 00:26:53 UTC]   bars=62  signal=SELL  price=$718.41  SMA=$695.20  lower=$655.42  upper=$734.97
[2026-05-01 00:26:53 UTC]   SKIP SELL: no position.
[2026-05-01 00:26:53 UTC] -- QQQ
[2026-05-01 00:26:53 UTC]   bars=62  signal=SELL  price=$667.61  SMA=$633.71  lower=$580.32  upper=$687.10
[2026-05-01 00:26:53 UTC]   SKIP SELL: no position.
[2026-05-01 00:26:53 UTC] === Scan cycle complete ===

[2026-05-01 00:47:34 UTC] === Mean-Reversion scan cycle start ===
[2026-05-01 00:47:36 UTC] Market is closed — skipping cycle.
[2026-05-01 00:49:43 UTC] === Mean-Reversion scan cycle start ===
[2026-05-01 00:49:44 UTC] Market is closed — skipping cycle.
[2026-05-01 01:00:22 UTC] === Mean-Reversion scan cycle start ===
[2026-05-01 01:00:24 UTC] Market is closed — skipping cycle.
[2026-05-03 17:00:00 UTC] === Mean-Reversion scan cycle start ===
[2026-05-03 17:00:04 UTC] Market is closed — skipping cycle.
[2026-05-05 00:53:45 UTC] === Mean-Reversion scan cycle start ===
[2026-05-05 00:53:46 UTC] Market is closed — skipping cycle.
[2026-05-05 01:20:02 UTC] === Mean-Reversion scan cycle start ===
[2026-05-05 01:20:04 UTC] Market is closed — skipping cycle.
